ID,发布时间,点赞数,评论数,转发数,链接,正文
350252814,2025-09-01 10:57:49,243,376,44,https://xueqiu.com/1965894836/350252814,外卖竞争会收敛，但到店竞争会激化。
336166744,2025-05-23 14:05:53,164,8,3,https://xueqiu.com/1965894836/336166744,接上文，我尽可能不用“高确定”或其他类似正面的词去形容我们的决策，毫无意义但弊端明显，给自己错误的心理暗示。是不是有什么风险没有注意，为什么这种好事会轮到我们，对我是更好的形容词。
331908017,2025-04-16 22:27:53,316,5,3,https://xueqiu.com/1965894836/331908017,美国的剧情我想好了，几个大科技陷入困境（反垄断、关税、数字税…），大总统力挽狂澜，他们欠下人情（留下把柄）。
331719557,2025-04-15 16:00:22,601,7,7,https://xueqiu.com/1965894836/331719557,没有人喜欢在记录自己思考的地方，收到莫名其妙“汉奸”这种谩骂的，我只能选择改变评论规则一段时间。
327394997,2025-03-14 15:52:02,94,42,6,https://xueqiu.com/1965894836/327394997,原来aapl和cost是同一批玩家。
304977826,2024-09-19 10:54:27,608,0,0,https://xueqiu.com/1965894836/304977826,又一起对外国小朋友的袭击，长此以往，世界会怎么看我们，入境消费的恢复势头还能持续吗？
294524492,2024-06-20 15:08:10,85,18,0,https://xueqiu.com/1965894836/294524492,都是海里的，股息倒挂了。
291986369,2024-05-30 13:30:50,59,30,12,https://xueqiu.com/1965894836/291986369,麻烦分享一些写提示词的实用教程，感谢
282777616,2024-03-20 13:14:46,92,29,1,https://xueqiu.com/1965894836/282777616,财报都扎堆在这几天，看不过来
273120848,2024-01-01 18:24:20,462,162,40,https://xueqiu.com/1965894836/273120848,
270516629,2023-12-12 14:49:57,297,110,14,https://xueqiu.com/1965894836/270516629,
266685344,2023-11-13 15:32:10,131,4,1,https://xueqiu.com/1965894836/266685344,我现在一年的换手率是300%，整体净多过去三年一直维持在50%到60%，具体到每个企业的仓位是根据估值和经营趋势动态调整的，多空合计持有30到40个标的，分布在中港美三个市场，因此我不太乐于讨论单个股的操作，有可能我们是一个对冲组合，猜到某一个标的，并不知道我们空了什么，或者在多其他什么互相对冲，可能反而容易误导；收息股部分我们单边持有了3年，是因为估值、息率、经营趋势我都满意，这是一个结果，但如果出现更好的选择，我也会调整。在雪球上我只是记录我的思考，我一直觉得就交流而言，事实大于理念大于观点，但吸引眼球的往往是观点（最无用的部分），我没有一点意愿成为所谓带头大哥，我的工作是对我的投资人尽责。
265437692,2023-11-02 15:14:50,158,9,7,https://xueqiu.com/1965894836/265437692,对我来说，不是价格涨了，然后把他们卖了，而是回报不够了，看不清了，我会换回报更好的资产。所以有时候人和人彼此理解也挺难的。我当然会有我的判断，但首先是我满意这个资产给我的回报，这个先后顺序导致了一些分歧吧。
263335687,2023-10-16 12:42:38,258,49,38,https://xueqiu.com/1965894836/263335687,
261606901,2023-09-20 15:55:25,71,23,4,https://xueqiu.com/1965894836/261606901,
260594957,2023-09-07 23:25:40,86,64,4,https://xueqiu.com/1965894836/260594957,@仓又加错-刘成岗 你名扬海外了。
256216001,2023-07-21 07:03:09,127,9,8,https://xueqiu.com/1965894836/256216001,股价持续上涨会叠很多buff，持续下跌则会叠很多debuff，但重要的一直是事实，对股票来说很简单，就是企业长期能赚多少钱。这是我们过去“错过”的原因，也是我们在巨大的波动中走到今天的原因。
255161928,2023-07-09 10:52:07,250,63,72,https://xueqiu.com/1965894836/255161928,
253043340,2023-06-13 14:30:09,190,51,36,https://xueqiu.com/1965894836/253043340,
249283632,2023-05-02 22:07:00,136,5,10,https://xueqiu.com/1965894836/249283632,我们玩的一直是如何面对错误和变化的游戏，而不是害怕犯错的中庸之道，真正宝贵的是基于事实的独立思考。
244294961,2023-03-13 14:15:28,307,0,0,https://xueqiu.com/1965894836/244294961,“有关部门在履行审批、监管等职责的时候，不能只踩刹车、不踩油门，不能只设路障、不设路标，凡事要更多作应不应该给他办的价值判断，不能简单作可不可以办的技术判断。”总理加油。
243261503,2023-03-01 16:06:33,571,184,222,https://xueqiu.com/1965894836/243261503,
243233554,2023-03-01 11:59:24,80,8,1,https://xueqiu.com/1965894836/243233554,没想到牛夫人也有变小甜甜的时候…如果下跌我们能接受，似乎最终结果都不差。
242957615,2023-02-25 19:21:49,53,23,2,https://xueqiu.com/1965894836/242957615,
242378935,2023-02-17 21:46:29,293,142,132,https://xueqiu.com/1965894836/242378935,
241249831,2023-02-03 23:25:55,433,122,67,https://xueqiu.com/1965894836/241249831,
237013474,2022-12-05 09:38:14,92,9,3,https://xueqiu.com/1965894836/237013474,我们没什么看法，还是看企业。原来我们坚持的，不会被这一天改变，不信的，也依然不信。不想着收割，自然跳出预期了你的预期的怪圈。
232070300,2022-10-03 16:45:04,188,76,47,https://xueqiu.com/1965894836/232070300,
231771236,2022-09-28 15:28:06,226,84,64,https://xueqiu.com/1965894836/231771236,
231509062,2022-09-25 14:36:45,313,86,46,https://xueqiu.com/1965894836/231509062,
230961579,2022-09-17 19:01:08,2321,970,1021,https://xueqiu.com/1965894836/230961579,
230204951,2022-09-07 11:39:47,121,76,26,https://xueqiu.com/1965894836/230204951,对港股当下不要过于悲观，选股正当时。
229234262,2022-08-26 21:09:49,42,95,19,https://xueqiu.com/1965894836/229234262,行到水穷处
227102610,2022-08-03 16:03:13,81,9,8,https://xueqiu.com/1965894836/227102610,说一些技巧上的事吧，和投资我们要跨容易的栏一样，博弈游戏我们也要选择自己擅长的，如果我象棋厉害，那就下象棋，而不是翻过来玩翻翻棋。如果非要博弈，要有分辨出当下是玩什么游戏的能力，看到汉能和这次的尚乘数科，我只感到害怕，而不会遗憾，这甚至不仅仅是一个筹码游戏，而是作弊游戏，别人是看你的牌打牌的，这就是这些股为什么被叫做老千。
222972371,2022-06-17 22:47:41,212,311,137,https://xueqiu.com/1965894836/222972371,
222677033,2022-06-15 11:36:39,153,72,67,https://xueqiu.com/1965894836/222677033,
222530536,2022-06-14 09:11:49,54,56,5,https://xueqiu.com/1965894836/222530536,又轮到美股了，我们今年堪比西天取经
222201959,2022-06-09 18:11:48,18,3,0,https://xueqiu.com/1965894836/222201959,这毛利润还是没有给出我疑惑的答案
221953507,2022-06-07 14:06:35,47,6,3,https://xueqiu.com/1965894836/221953507,long only的行业基金和大部分卖方一样，无论发生什么都要圆回来，解读为利好，实在圆不回来就解读为短空长多，竞争格局向好；所谓为观点挑选论据，为结论切换角度。
220673528,2022-05-23 12:17:38,67,96,34,https://xueqiu.com/1965894836/220673528,只是看看
220607206,2022-05-22 11:47:10,81,51,9,https://xueqiu.com/1965894836/220607206,和而不同这么难？
219690738,2022-05-11 22:44:41,106,0,1,https://xueqiu.com/1965894836/219690738,你们都说我加美股傻，可在这我连《论语》都发不出来。
219402624,2022-05-09 13:59:16,162,0,11,https://xueqiu.com/1965894836/219402624,我们已经见过很多崩溃是由自大引发的。对我们投资还是要放低自己，尊重事实，常识只是经验的总结，事实才是最重要的。
218899589,2022-05-01 11:51:46,64,5,12,https://xueqiu.com/1965894836/218899589,偶尔伯克希尔也会有机会做点什么，但这并不是因为我们更聪明，而是我们更理智，这是这一行的基本要求。巴菲特讲的和我们传统智慧是想通的：“凡办大事，以识为主，以才为辅”；这句话还有下半句，“凡成大事，人谋居半，天意居半”。
217247593,2022-04-17 20:41:43,45,4,2,https://xueqiu.com/1965894836/217247593,在这一点上我还挺像一个书中描述的成功投资者的，“从事这个满足好奇心的职业竟然可以获得报酬！”
217239194,2022-04-17 17:09:08,30,4,2,https://xueqiu.com/1965894836/217239194,对大类资产而言，短期确定性和预期收益率大部分时候是很难两全的，正是短期的不确定多（也带来了高波动），要求了更多收益补偿，所以很公平。
217232055,2022-04-17 14:13:57,9,22,9,https://xueqiu.com/1965894836/217232055,为什么徒弟和师傅的理念大相径庭…
216737363,2022-04-12 12:00:04,84,0,0,https://xueqiu.com/1965894836/216737363,过去两年我们可能并不能预期到病毒变异传播力大增，但如果一直为开放准备，其实也是为抗疫做准备。
216679503,2022-04-11 21:36:15,576,661,332,https://xueqiu.com/1965894836/216679503,
216638012,2022-04-11 15:18:40,183,0,12,https://xueqiu.com/1965894836/216638012,这里全是负面情绪，或者大局论，对未来各种悲观，看多了心情不好，对投资和生活都没好处。
216335413,2022-04-07 16:10:06,143,0,3,https://xueqiu.com/1965894836/216335413,不能把赛先生也赶走，他没有观点。
216279649,2022-04-07 09:23:17,46,52,10,https://xueqiu.com/1965894836/216279649,出现了一个奇怪的名字
215316896,2022-03-27 11:54:31,377,129,120,https://xueqiu.com/1965894836/215316896,
215183911,2022-03-25 12:01:41,27,7,5,https://xueqiu.com/1965894836/215183911,我对分析师的要求是提供稳定多样的维度，基于这些维度，我可以变换角度去切入，如果这个工作反了，分析师不停变化角度，那我会很困惑。
212321362,2022-02-24 11:51:56,75,7,5,https://xueqiu.com/1965894836/212321362,顶尖的作手擅长参与泡沫并在谎言被戳穿前离场，我没有这个能力，因此更喜欢崩溃的时刻，我可以听到更多负面的声音，需要做的只是逐一区分这些观点是事实、还是情绪，时间是这些观点的朋友、还是敌手。我们这种既要承受损失，又要牺牲收益的笨办法让我觉得踏实，毕竟投资是我们自己的事，冷暖自知。
211922920,2022-02-20 12:19:34,178,0,12,https://xueqiu.com/1965894836/211922920,我们的国有企业融资成本整体大大低于民企，这也是为什么股权市场对我们如此重要，因为这个市场还是相对公平的，现在对资本喊打喊杀的舆论场最终伤害的是我们自己。还有说王兴他们工资高的，只要是合法合规赚的，一个民营企业，股东没意见，局外人反而跳脚，而真正涉及全体纳税人利益的，却无人（或者不能）评论，让人困惑。更让人困惑的是，这一年居然还在辩论这些。
211632346,2022-02-16 17:25:05,23,7,0,https://xueqiu.com/1965894836/211632346,$爱立信(ERIC)$ 隔三差五搞点事情，这次又是在伊拉克行贿，还挺看好海外这波基建投资的，但不知道该怎么跟。几乎所有华为被搞的地方，都有竞对受益，不管是手机的苹果、小米，还是逆变器的阳光电源等。
211117849,2022-02-10 18:29:45,24,9,1,https://xueqiu.com/1965894836/211117849,我们也有赛道股，烟蒂估值，天天挨锤的赛道股 可能因为没涨，被开除会籍，最近倒也不跌了
210634088,2022-02-03 23:08:04,34,8,2,https://xueqiu.com/1965894836/210634088,$Snap Inc.(SNAP)$ 一度以为我们卖早了，现在看也还行，年轻时觉得投资干个年化20%还不轻轻松松，现在想来真要搞20年公开产品也是不容易的，能平稳活下来已经算不错，我们这还不是什么金融危机呢…@刘志超
210581795,2022-02-02 10:03:51,86,8,6,https://xueqiu.com/1965894836/210581795,所谓成功有两条路，一种是成就自我，一种是踩着别人，前者天地无限广阔，后者只是井底之蛙。我认识一些博弈能力很强的，最终被大股东收割了，再也没有他们的消息，要明白和什么人玩，玩的什么游戏。
210014323,2022-01-25 16:43:05,396,133,250,https://xueqiu.com/1965894836/210014323,
206635938,2021-12-22 00:12:23,38,8,2,https://xueqiu.com/1965894836/206635938,$哔哩哔哩(BILI)$ 这里有一场大戏，但如果对垒双方，一个只有好，一个只有坏，都是观点在前，那就很难客观。不过熊市的好处是我们至少又可以重新深度思考商业本身了，相对于比胆量大赛，这是一件更让人有获得感的事。
205959092,2021-12-15 00:21:29,23,8,1,https://xueqiu.com/1965894836/205959092,$国企指数(HKHSCEI)$ 刚过了下目前这个指数权重超过1%的持仓，这个指数以目前的结构看还不错，适合懒人，但前提是不要再高位高权重纳入快手这些新股了，被人套利的不像话。
204290556,2021-11-26 21:31:18,17,4,0,https://xueqiu.com/1965894836/204290556,那么喜欢环比增长，多卖点1P，多烧点费用好了。两天前一份靠费用烧出来的财报开盘反而博得满堂彩，不知道怎么想的。
202011024,2021-11-03 13:00:22,49,7,5,https://xueqiu.com/1965894836/202011024,让屁股决定脑袋，让情绪决定操作，这是人之常情，但投资人要把自己抽离出来，追求理性，回归客观。
201687383,2021-10-31 11:36:44,30,6,1,https://xueqiu.com/1965894836/201687383,Facebook在这轮科技巨头的三季报里肯定排不上优秀，明年对资本开支增长的指引更是很难让财务投资者开心，但也只有创始人公司能有这样的长期投资决心，我们还是乐意维持了一定的配置比例；鉴于元宇宙不管是成熟度，还是距离规模商业化的遥远，我们给的权重不会太高。
201019124,2021-10-25 14:14:14,112,85,39,https://xueqiu.com/1965894836/201019124,
198739878,2021-09-25 12:42:42,41,14,12,https://xueqiu.com/1965894836/198739878,
198325118,2021-09-21 09:57:08,197,158,230,https://xueqiu.com/1965894836/198325118,
198017397,2021-09-16 20:57:52,54,2,5,https://xueqiu.com/1965894836/198017397,我们“保守”是因为自信，所以不争。 这行需要持久的热情和坚韧，但不需要争朝夕。
197759971,2021-09-15 00:04:26,46,7,2,https://xueqiu.com/1965894836/197759971,历史上的今天
196186371,2021-08-31 15:20:21,201,99,95,https://xueqiu.com/1965894836/196186371,
196056741,2021-08-30 19:21:08,28,5,0,https://xueqiu.com/1965894836/196056741,如果要给我们历史找基准，从过往的仓位分布看，可能比较合适的是60%恒指，20%纳斯达克，20%沪深300。
195047020,2021-08-22 10:49:54,212,0,4,https://xueqiu.com/1965894836/195047020,“解放思想，实事求是”小时候背的时候啥也不懂，现在觉得超级牛。
194909792,2021-08-20 13:48:54,268,0,28,https://xueqiu.com/1965894836/194909792,对创新最好的激励，永远是对长期主义和合法超额收益的保护，如果是卸磨杀驴的预期，吸引到的只有投机者。
194696321,2021-08-19 02:06:03,1255,0,242,https://xueqiu.com/1965894836/194696321,今天两份财报，腾讯为共同富裕专项计划投入1000亿 ，而华融亏损1000亿，我无法入睡，有时候我觉得做个好人很难，舆论天天捶，落井下石者众。随便举一例，腾讯会议一直是免费的，疫情期间腾讯会议使用量大增，其实消耗了很大的带宽资源，但因为游戏 视频的使用集中在晚上休息时间，而电话会议更多是白天，这就有闲置的服务器资源可供使用，我们便利的背后都不是没来由的。大家诟病的电商扣点高，看看亚马逊的财报，再比较下我们的，很多答案也不言自明，这些优秀的企业能脱颖而出是因为提升了社会效率。在中国做企业不容易，好未来被捶成这样，转手响应号召加入了婴幼儿照护业务，我觉得他们像小草，很坚强，挣扎着求存…
194540717,2021-08-17 21:08:54,246,312,120,https://xueqiu.com/1965894836/194540717,
194242963,2021-08-14 20:06:46,12,3,2,https://xueqiu.com/1965894836/194242963,现在的所谓5万亿合理，终局估值大法。
193879203,2021-08-11 14:49:38,292,105,109,https://xueqiu.com/1965894836/193879203,
193030550,2021-08-03 16:42:42,53,7,7,https://xueqiu.com/1965894836/193030550,好的分析师往往是黑白分明的，但好的基金经理可能是灰色的，要为价格长期偏离价值做好预案，不管是向上偏离，还是向下偏离。
192106694,2021-07-26 16:22:13,16,0,0,https://xueqiu.com/1965894836/192106694,$香港科技探索(01137)$ 当初1137拿不到电视牌照时，也没想到靠电商来完成转身，优秀的团队总有办法度过危机，何况我们只用出价0.5pb，而账上几乎都是现金。
192074903,2021-07-26 13:30:24,52,17,4,https://xueqiu.com/1965894836/192074903,周五晚上看我们笑话的吃瓜群众……
191953125,2021-07-24 19:56:29,136,0,9,https://xueqiu.com/1965894836/191953125,过往的“常识”并不可靠，18年所谓的国进民退，15年阿里大战工商，我们都站在市场这一边，更不用说从92南巡开始的一系列分歧，最后都是市场派（发展派）赢了。但这个常识中市场赢是假象，其实是发展赢了，真正的“常识”是要在高速发展（提升社会效率）下选择市场，也就是我们要在增量领域去做市场派，而在卷的行业做好非市场的最坏预案。
191071358,2021-07-19 19:26:04,31,9,1,https://xueqiu.com/1965894836/191071358,离开了粗放增长的大时代，强人模式的企业受到的冲击也相对更大，成也强人，败也强人。董明珠执意收购珠海银隆（幸好被否），孙宏斌执意收购乐视、万达文旅资产包。
190472946,2021-07-14 23:08:53,65,9,3,https://xueqiu.com/1965894836/190472946,当我们从事一份随时被人评价的工作，更不用说每天上窜下跳的股价时时刻刻记录你的净值，这很容易让人迷失，拥有内部记分牌就尤为重要，可以确保我们在外部压力下不随波逐流，尽可能理性地做出有利于长期回报率的决策。
190435845,2021-07-14 17:15:28,22,17,0,https://xueqiu.com/1965894836/190435845,为什么这也不让发？
187381843,2021-06-27 13:45:20,32,4,0,https://xueqiu.com/1965894836/187381843,路透的造谣能力可以的，soho收购邀约上三番两次放烟雾弹，各种知情人士，言之凿凿，真出邀约的这次反而没了声音。最近对政策的一些预判同样如此，只能说明他们离真正的决策圈越来越远，更像配合资金的路边社。
179795177,2021-05-14 07:40:48,34,4,4,https://xueqiu.com/1965894836/179795177,我们要的是利润，阶段性给某些特定业务（一般具有高毛利率 高费用率特点）ps估值，也是为了规模经济后长期获利，而不是为了解释当下股价合理性。回归到事物本质，我们就可以少踩一些坑。
175764900,2021-03-29 21:38:45,47,9,0,https://xueqiu.com/1965894836/175764900,人尽皆知的爆仓，如果没有估值为盾，还是小心一些，比信息，是比不过大机构的。
175231856,2021-03-23 21:37:51,455,293,213,https://xueqiu.com/1965894836/175231856,
174437488,2021-03-15 12:47:58,52,7,3,https://xueqiu.com/1965894836/174437488,段永平有句名言“本分”，我理解的本分就是在能力范围内做事，超过管理能力的钱我们要说不，市场没那么多机会（长期收益率可能下滑）的时候如实告知，不创造长期价值的事少做（比如各种路演），虽然从事了资产管理行业，但我们首先是投资人。
174312614,2021-03-13 06:54:42,61,12,12,https://xueqiu.com/1965894836/174312614,
172233074,2021-02-20 18:24:12,36,13,1,https://xueqiu.com/1965894836/172233074,画饼的套路玩了三百年，我们依然在买单。
171596449,2021-02-10 23:13:31,28,3,1,https://xueqiu.com/1965894836/171596449,我们怎么看待市场，市场最终也将回馈以同样的，从来都很公平。
169335145,2021-01-20 16:25:43,23,9,3,https://xueqiu.com/1965894836/169335145,回头看我们也经常笑话当时那么多傻瓜，但身在此山中 也常常会自我怀疑，是不是真不一样了？特别是身边所有人都据此决策，并获得暴利的时候。谎言重复一百遍，真理和谎言似乎也没最初那么清晰明了。
168817710,2021-01-15 10:37:18,258,164,156,https://xueqiu.com/1965894836/168817710,
167543927,2021-01-04 15:11:56,20,24,12,https://xueqiu.com/1965894836/167543927,首富密码
163381267,2020-11-16 13:15:48,103,47,45,https://xueqiu.com/1965894836/163381267,
160894009,2020-10-14 13:54:48,33,5,1,https://xueqiu.com/1965894836/160894009,我觉得衡量投资有且只有一个标准，长期收益率，离开这个谈大饼，都是镜花水月，煮熟的鸭子都能飞了。
160430542,2020-10-05 11:02:52,15,8,0,https://xueqiu.com/1965894836/160430542,没有港股通，也没有收益互换的日子，像穿越到了6、7年前[好困惑] 曾经的小伙伴们都还好吗？@岁寒知松柏 @一个肉社团 @闲人学艺
160397334,2020-10-03 15:13:19,98,37,39,https://xueqiu.com/1965894836/160397334,
159886831,2020-09-24 09:46:32,31,7,2,https://xueqiu.com/1965894836/159886831,我们追求事实而不是价格，这种探求是对好奇心的满足，往往好结果也会随之相伴，偶尔不如意，也得学会欣然接受。短期市场让人迷惑的地方是价格往往比事实更大嗓门，而事实只是静静的在那里，我们要做的就是让时间站在事实这一边。
158980365,2020-09-11 07:00:45,65,9,11,https://xueqiu.com/1965894836/158980365,答复投资人关于最近市场的担心：我们不太关心市场，本质上是一些标的估值太高，长期收益算不过来，所以我们配置的时候回避了这些资产，只有投机价值（以不合理的价格卖给下一个出价更高的人）我们是不做的，即使短期似乎很容易赚钱，所以8月时我们盈利不多，而目前也没什么回撤。事实上在我投资的10多年中，除了2018年我们因为自身判断的问题，当时的核心仓位facebook遭遇隐私门，导致全年有10%左右的回撤，其他年份都是获利的，期间也经历过港股的多次崩溃（日本核泄漏 欧债危机），A股15/16年的连续跌停，美股今年3月的四次熔断。我们内在追求的是保持理性，外在追求的是发现企业效率的改变，我的经历告诉我，坚持做好这两点，我们的长期目标自然水到渠成。
156359764,2020-08-11 15:20:40,22,9,1,https://xueqiu.com/1965894836/156359764,当我说皇帝没有穿衣服的时候，却招致了很多误解，但还是希望未来可以一如既往做个简单诚实的人。
149245285,2020-05-13 23:18:41,2,17,2,https://xueqiu.com/1965894836/149245285,$风口浪尖(ZH1396929)$ @PaulWu 腾讯的美股没法配置在美股组合还挺耽误事的，这算bug吗@不明真相的群众[¥6.00]
148587804,2020-05-05 13:55:22,21,4,2,https://xueqiu.com/1965894836/148587804,我不会对企业家原罪这种大问题下注，真有问题，我接受，仓位的风控就体现在这里；要找原罪，哪个企业我们敢拍胸脯，除了家人，没什么别的值得我们all in的；类似我遇到过不会下注的大问题，包括中概股全部退市、疫情何时解决、贸易战走向等等；拿我一直打趣的中概股退市来说，中概股我认为99.9%不会发生因为vie结构/或者审计底稿导致退市的情况，但也还有0.1%呢，我觉得有些绕不过去黑天鹅得试着接受，遵守交规走在马路上都有被车撞的风险，何况投资。（答关于潘石屹原罪的风险）
148548440,2020-05-04 16:29:10,20,9,5,https://xueqiu.com/1965894836/148548440,只要我们持续保持研究和决策的质量，回归微观，关注变化，好结果自然会来。对现阶段的我们（分散度足够覆盖大部分个股黑天鹅），一时的成败，可能未必那么重要，胜不足喜，败亦不足馁。PS：有感于某持仓暴跌。
148541538,2020-05-04 12:43:41,25,4,5,https://xueqiu.com/1965894836/148541538,"It is important to keep in mind that the financial press and Wall Street live on eyeballs and transactions. They are, by definition, trying to maximize the noise—to convince you to sell what you own and buy what you do not. 重要的是要记住，金融媒体和华尔街依靠关注和交易生存。从本质上讲，它们只是在试图使噪音最大化，以说服你出售已经拥有的东西而购买还不曾拥有的东西。"
147877790,2020-04-26 18:28:33,181,219,130,https://xueqiu.com/1965894836/147877790,
147864097,2020-04-26 14:30:29,84,32,56,https://xueqiu.com/1965894836/147864097,
146477464,2020-04-09 22:23:12,14,1,0,https://xueqiu.com/1965894836/146477464,$哔哩哔哩(BILI)$ 有共赢的资源，更有共赢的思维 我们学习的榜样。
145310039,2020-03-27 08:04:35,12,8,6,https://xueqiu.com/1965894836/145310039,$道琼斯指数(.DJI)$ 我们总是高估短期，又总是低估长期。
144936817,2020-03-24 00:43:08,6,7,0,https://xueqiu.com/1965894836/144936817,$风口浪尖(ZH1396929)$ @PaulWu 左侧还是现金为王吧。对这些拥有大量现金/现金流的公司来说，现在未必不是一个好情况，压制了创新者，提供了并购机会.。
144414196,2020-03-18 21:20:23,67,18,16,https://xueqiu.com/1965894836/144414196,
144348143,2020-03-18 11:42:18,13,7,3,https://xueqiu.com/1965894836/144348143,$哔哩哔哩(BILI)$ b站我们一直不太看业绩，看用重户数、活跃度; 但这份q4财报恰恰是业绩好（包括展望的收入），用户数增长可能略平淡。q1因为疫情用户方面应该没啥大问题吧，未来关注点可能在留存和获取新用户上能不能进一步超预期。
144123481,2020-03-16 19:59:40,11,8,0,https://xueqiu.com/1965894836/144123481,$道琼斯指数(.DJI)$ 这轮的特点是无差别，被动基金减仓的特点，并没有什么防御股之分，以前我们可以换股抗，这轮都差不多，选什么都一样，但正是如此，扛过这轮流动性危机后，长期机会在酝酿，毕竟业绩会分化。
143649910,2020-03-12 05:16:21,15,14,5,https://xueqiu.com/1965894836/143649910,
143313155,2020-03-09 13:53:06,11,6,5,https://xueqiu.com/1965894836/143313155,身边越来越多人投入成长股的怀抱，一方面很欣慰，一方面也很恐慌，当市场变得不再多元，风险也在酝酿。我们过去的收益有多少来自成长，又有多少来自风格？我看后者可能占了大数。
141483484,2020-02-18 12:47:56,20,6,1,https://xueqiu.com/1965894836/141483484,有人辞官归故里，有人星夜赶科场。少年不知愁滋味，老来方知行路难。
139881544,2020-01-22 20:34:26,31,2,3,https://xueqiu.com/1965894836/139881544,4季度小结 2019年值得总结的不如2018年 ，贴一份4季报 ，权当记录吧 。 四季度我们持有公司持续释放业绩 ，尤其是主要持仓特斯拉很好控制了成本 ，而中国工厂推进快于预期 ，充分证明了美国科技一旦插上中国制造的翅膀 ，将获得极强的市场竞争力 。 特斯拉只是共赢的一例 ，但起到了很好的示范作用 ，未来我们会见到更多美国科技叠加中国制造的奇迹 。我们的主要持仓SNAP ，虽然是纯美股 ，但它在深圳拥有研发中心 ，最大的广告客户是tiktok （抖音海外版 ） ，这是中美经济交融获得成功的又一例 。1月15日中美签署了第一阶段的贸易协议 ，未来我们既要认识到分歧 ，更要寻找共赢 ，这是长期机遇所在 。 过去一个季度香港面临巨大的挑战 ，本地民粹的兴起 ，给市场带来动荡 ，但香港市场上市并不等于业务在香港 ，很多公司遭遇了错杀 ，这将是我们中期布局的方向 。我们寻找到了不少股息回报超过8%的行业龙头公司 ，而2019年香港发生了13起私有化 ，这是过去10年之最 ，充分证明了香港市场估值的巨大吸引力 。 A股市场短期热点辈出 ，我们在3季报中提到的5G和新能源等行业 ，都出现了涨幅惊人的标的 ，但市场正在迅速泡沫化 ，这需要引起我们的警觉 。两融余额的快速上升 ，千亿公募的火爆募集 ，外资的持续流入 ，确实带来了资金面的极大宽松 ，然而机遇中蕴藏着风险 ，创造长期回报的是企业的现金流 （roe ） ，如果这一基本要素没有得到显著改善 ，估值的迅速抬升 ，必然导致未来长期回报的下降 。 未来我们将维持过往的对冲策略 ，审慎地决策 ，继续深入挖掘优秀的企业 。一晃已经五个年头 ，有收获的年份 ，也有播种的年份 ，做为管理人我一直感到重任在肩 ，由衷感谢投资人对我们的长期信任 。
138436326,2020-01-01 11:59:03,14,9,1,https://xueqiu.com/1965894836/138436326,多个客户要求我们发一个净值是1的产品，他们好追加认购，有点困扰，我海外和国内都只管理一个不是对他们最负责的做法吗？
138248306,2019-12-30 09:15:12,16,9,1,https://xueqiu.com/1965894836/138248306,做了一个非常奇怪的梦 ，梦里我和扎克伯格是小时候的朋友 ，他还来中国看过我 ，这次我去美国给他过生日 ，生日是5月24号 （刚百度了一下5月14号 ，我从来没查过他的生日 ） 。我走的时候忘带苹果手机了 ，带了华为的 ，怎么也装不上Facebook 。扎克伯格来机场接我 ，路上和我聊了cybertruck ，说这车的设计不错 ，我和他说买了model3 。最后他带我去中餐馆吃饭 ，餐馆里的人看到小扎很激动 ，我有点失落 ，多年不见他都这么有成就了 ，我还只是nobody ，后来就醒了 。
131221870,2019-08-15 22:06:01,6,3,0,https://xueqiu.com/1965894836/131221870,电商不是消费 不是内需？ 互联网行业赚的是“假”现金流？
131075128,2019-08-13 16:39:01,0,6,0,https://xueqiu.com/1965894836/131075128,$高波动长周期(ZH1037581)$ @PaulWu  最近上雪球太少了，维护起来有困难，为避免误导，关停这个组合。
130615379,2019-08-04 15:49:37,13,4,0,https://xueqiu.com/1965894836/130615379,今年的a股感觉像上财务基础普及课
130267651,2019-07-28 14:36:47,6,5,1,https://xueqiu.com/1965894836/130267651,林书豪的演讲看得我泪流满面哈，运动员的职业生涯太短，犯错的余地太小，那句“I DONE”好像还在眼前。“我可能永远没法成为我可以成为那个球员了”，心碎。
127599681,2019-06-01 10:44:48,71,61,14,https://xueqiu.com/1965894836/127599681,这年头连都不安全了
121764492,2019-02-26 13:08:40,13,10,4,https://xueqiu.com/1965894836/121764492,深刻理解了为什么a股牛短熊长
120762516,2019-02-05 08:11:32,12,14,13,https://xueqiu.com/1965894836/120762516,开工大吉，猪事顺利！
120567466,2019-01-31 08:29:11,19,0,3,https://xueqiu.com/1965894836/120567466,"$Facebook(FB)$ 短期增量可能还是依赖story广告 ，目前上面200万广告主 ，而fb有700万广告主 ，这个导入过程会导致竞价激烈 ，提高cpm 。 雪莉答问的时候也讲了这点 “ So our goal is to make it as easy as possible for marketers to get to the format of Stories and then deliver the ads where they're going to get the best experience and the best ROI. Now right now, one of the interesting things about Stories is there's a benefit to being an early adopters so the pricing is really attractive. ”  19年广告load的增量主要也来自story ，所以基本会是一个量价齐升的过程 。但去年ins feed的load红利基本吃完了 。再往后要靠whatsapp商业化 ，以及小札说的视频 支付 电商这些远期的投入 。整体上我觉得坡还很长 ，19年收入增速会下来 ，我估计在20%到25%的区间 ，对Q1增速展望的时候讲到相对18年Q4中单位数下滑 ，而今年利润率也会有下行压力 。电话会同时对更远期的19年之后费用做出展望 ，预计增长会与收入持平 ，会稳定下来 。2019年会是又一个投入年 ，但更多是投入在增长项上 ，FB开始发力视频 ，WHATSAPP开始在更多国家推支付 ，INS则会尝试电商 ，而去年隐私是优先级更高的事 。不好的是 ，whatsapp商业化依然没给出时间表 ，19年注定不是一个高增长的年份 。 这个团队一直在做正确的事 ，只要用户基数不动摇 ，我还是愿意给他们时间 。 PS ：利益申报 ：我们产品持有facebook多仓 。"
116034609,2018-10-31 12:17:42,7,4,0,https://xueqiu.com/1965894836/116034609,最近听到比较多 “变换角度 ”的说法 ，我理解不同时间多空逻辑的博弈均衡点不一样 ，而交易之所以发生 ，那一刻大多是理性的 （即使有人爆仓 ，从风控的角度也是理性的选择 ） ，无非发生了长短逻辑的交换 ，而好的交易 （投机 ）系统 ，是一种匹配 ，短逻辑和短逻辑系统的匹配 ，长逻辑和长逻辑系统的匹配 ，而错误的交易往往来自不匹配 ，脱离时间 ，去谈空间没有意义 。
115665074,2018-10-25 11:57:29,23,9,2,https://xueqiu.com/1965894836/115665074,推荐牛股 ，别人会记得 ，即使不涨也就笑笑 （刻意坑人的黑嘴除外 ） ；提示注意风险 ，则往往容易得罪人 。提示风险的判断对 ，股价下跌 ，也减仓了 ，其实并没有太多 （人情上的 ）好处 ；而判断错 ，股价上涨 ，但却因你而减仓 ，容易遭怨恨 ；提示风险的判断对 ，股价下跌 ，不减仓 ，则容易生矛盾 （我在你眼里是不是sb ） ；而判断错 ，股价上涨 ，但因你而减仓 ，那是耽误人赚钱 。所以提示风险 ，对风控人是 25%概率无收益 75%概率负收益的事情 ，如果身边还有人愿意做这个赔本买卖 ，请务必把他当成真正的朋友 。
113452414,2018-09-07 16:46:21,10,5,2,https://xueqiu.com/1965894836/113452414,$腾讯控股(00700)$ 去年的王者荣耀是礼物 ，今年的绝地求生是不幸 （占据了游戏时间 ，却因为限韩 而没法商业化 ） ，不变的是腾讯的渠道 ，总会出爆款 。明年如果幸运 ，可能一个高arpu的成为爆款 ，那增长就来了; 当然也有可能继续不幸; 目前市场对腾讯的预期下来 ，是好事.(利益申报 ：我们基金持有腾讯多头 。)
111724541,2018-08-07 10:50:06,16,8,3,https://xueqiu.com/1965894836/111724541,合理买优秀 ，和略便宜买平庸的区别 。 管理层长期对一个企业区别很大 ，但优秀的管理层不好提前判断 ，也很难说谁成就了谁 。 但扎克伯格 贝索斯 乔布斯 这几个我还愿意信的 ，马云也是 （对股东减分一些 ） 。这些公认特别优秀的团队 ，一般估值也很高 ，所以有打到合理或者能看懂的机会 ，一定要上车 ；而一旦上了车 ，大逻辑 （管理层 、赛道 ）没变化 ，就再也别下车了 ，他们专门为突破不可能而生 。 （和朋友的聊天记录 ）
111704895,2018-08-07 00:03:43,9,7,4,https://xueqiu.com/1965894836/111704895,$Facebook(FB)$ FB现在的状态，经历过3Q大战的同学们可能有似曾相识的感觉，也许激活了一头野兽
111076556,2018-07-26 07:56:26,13,6,1,https://xueqiu.com/1965894836/111076556,$Facebook(FB)$ 增加审查等开支，以及下注视频都影响了远期利润率，但业务的基础并没有改变；从更长期的角度，利润率的回归是必然要发生的，这个在更早的goog等上都看到过，早晚而已。但要修改利润模型了，目前下跌20%，市场整体还是比较理性的。（利益申报：我们基金持有facebook仓位）
110778108,2018-07-20 11:58:39,27,9,6,https://xueqiu.com/1965894836/110778108,“优秀的公司会一直超过你的预期，差的公司总会有原因或者借口去继续差继续意外。”重要的不是他们讲什么，而是做到了什么，很有感慨的一天。
110674757,2018-07-18 17:35:24,8,0,0,https://xueqiu.com/1965894836/110674757,$Facebook(FB)$ App 全球安装量在 2018 年上半年创下新高，有史以来首次达到 510 亿次，同比增长 11.3%。不意外的是，按双平台安装总量计，Facebook 旗下的 WhatsApp、Messenger、Facebook、以及 Instagram 位列前四。
109989996,2018-07-05 10:00:24,19,8,6,https://xueqiu.com/1965894836/109989996,长期 、反复 、内需 刚刚过去的上半年是跌宕起伏的半年 ，打破 “刚兑 ”带来的短期流动性紧张和贸易战 ，是我们目前经济面临的内忧外患 ，它们在二季度进一步演绎 ，导致了市场的恐慌抛售 。我们并不擅长宏观 ，但面临当下错综复杂的环境 ，我尝试给出我的判断 ： 打破 “刚兑 ”是政府主动发起的去杠杆行为 ，虽然有短痛 ，但中长期可以解决资金成本过高以及空转的问题 ，道理很简单 ，踏实经营的守法企业如何与盯着投资人本金的庞氏骗局比较利息 ，当借新还旧的庞氏骗局越来越多 ，自然推高了企业的融资成本 。所以 “刚兑 ”的打破有利于中国经济结构的调整和优质企业市占率的提升 ，这是一个短期对证券市场有害(流动性紧张) ，但长期有利于经济的举措 ，而有利于经济 ，最终会反馈到我们持股的回报上 。 内忧并不足虑 ，真正麻烦的是外患 。从贸易战到中兴通讯被禁 ，折射的是当下全球的主导者美国对我们态度的转变 ，川普节节爬高的支持率显示遏制中国崛起已经成为了美国内部的共识 ，而这也是两国国力渐渐接近 、旧的平衡被打破的必然 。但由于经济的全球化 （依存度越来越高 ） ，核武器的出现 ，战争不会成为选项 ，全球主导权交接的竞争将更多以经济竞争形式展现 ，这里并没有什么公平 ，强权即是公理 。因此我们判断中美贸易战不是一次讨价还价就能一劳永逸的事件 ，它可能在未来相当长的时间一直伴随我们左右 ，直到两国达到新的平衡 。 这种建立新平衡的过程毫无疑问是痛苦的 ，反复的 ，我们要做长期的准备 ；同时经济全球化的大背景下 ，在悲观绝望的时刻 ，也不用过于担心 ，这并不是你死我活的较量 ，毕竟双方有太多共同的利益 。而我们中国也不同于当年的德国 、日本 ，我们有很好的人口纵深 ，更广阔的内需市场 。 “长期 、反复 、内需 ”这个判断将在未来主导我们产品的配置思路 ，我们对持仓也做了相应的调整; 下半年可能会迎来更多风险点释放 ，相应的 ，这将带来机遇 。 (部分摘自产品半年报)
109545515,2018-06-27 12:54:37,12,4,1,https://xueqiu.com/1965894836/109545515,潮水退去就知道谁在裸泳了，在一个唯收益率的时代，极端的策略极端的收益，过程的风险又有谁在意。
106398362,2018-05-03 02:18:06,2,2,0,https://xueqiu.com/1965894836/106398362,感觉 goog 和snap很合适，snap 以ios用户为主，goog可以用安卓和yotube倒流给它，补snap在安卓上的缺失；而snap则可以补goog社交的短板。PS：纯yy，我们海外基金持有少量snap，主要出于保护主仓位的目的。以目前经营的趋势，感觉snap独立发展比较困难了。
105444304,2018-04-18 17:16:43,6,7,0,https://xueqiu.com/1965894836/105444304,以我们团队当前的研究水平，更多下注跟踪，而不是下注未来，找到预期差和背离点，可能是眼下的生存之道。
103392249,2018-03-18 22:16:42,9,2,0,https://xueqiu.com/1965894836/103392249,停下来，接受自己的不完美，接受策略的不完美；重视过程，放下结果。
99996863,2018-01-22 20:18:41,9,0,1,https://xueqiu.com/1965894836/99996863,Focus on the downside and upside will take care of itself.
99921848,2018-01-21 21:25:50,3,7,3,https://xueqiu.com/1965894836/99921848,从 $华熙生物科技(00963)$  到 $宝胜国际(03813)$ ，连续选到这些恶心公司，要好好反省。业绩背离同业、不见投资者，低价私有化。
94673230,2017-10-31 13:04:05,8,7,1,https://xueqiu.com/1965894836/94673230,选股如此容易，跟着沪港通两头的资金流买就行；选股如此困难，要做一些差异化配置短期的代价巨大。投资变成了一个从众的游戏。
94048188,2017-10-20 13:38:06,3,13,2,https://xueqiu.com/1965894836/94048188,刚买了篮网的腾讯会员，林书豪就受伤了，开季第一场，赛季报销，考虑到他的年龄和打法，几乎等于宣判职业生涯死刑。姚明当年也止步于伤病，早早退役。努力敌不过命运，可叹！
90632475,2017-08-16 09:13:45,8,6,0,https://xueqiu.com/1965894836/90632475,香港市场盈利模式的多样性正在消失，当大部分人都用同一策略的时候，风险正在累积；但即使知道这点，我们做基金有时也不得不做出妥协，这大概就是所谓身不由己吧。
88952753,2017-07-18 20:31:34,10,7,2,https://xueqiu.com/1965894836/88952753,对于想赌地产牛的人来说 ，早前拿融创等激进房企不失为一个好策略 ，相当于配资赌一把 ，而且这个杠杆不算贵 。为什么不贵呢 ，因为杠杆太高了 ，稍一波动就会亏到优先级的 ，也就是优先级的风险没有被正确定价 ，这种情况下赌是比较划算的 。但周末监管的声音变了 ，如果从严执行 ，再想钻这个 （全民买单 ）的制度漏洞 ，就没那么容易 。政治不正确 ，在中国是一个很大的事 。
88761435,2017-07-14 16:00:15,2,22,2,https://xueqiu.com/1965894836/88761435,$雅百特(SZ002323)$ 大规模收入造假被曝光，只跌两个点，这样的市场确实值得我们以后多花一些精力去研究。
88646127,2017-07-12 21:18:14,1,4,1,https://xueqiu.com/1965894836/88646127,不是基于公平的原则订立的组织架构不可能持久，不是来自被欺压者的反抗，就是来自欺压者的变本加厉，这种脆弱的平衡很快会被打破。所以如果想要追求稳定的架构，所有参与者都必须是大公无私的，这很难，小团队可能更容易实现这个目标。
88632345,2017-07-12 16:24:59,12,6,2,https://xueqiu.com/1965894836/88632345,并不是每一个机会都是你的机会，知道自己其实并没有那么多选择有时候是一种幸福。
87419566,2017-06-17 00:33:44,11,8,1,https://xueqiu.com/1965894836/87419566,我的两位投资人在雪球私募收益排行榜上都在前5 ，顿感压力山大 恭喜$璟恒五期(P000395)$ 恭喜$长牛分析1号(P000380)$ 。@岁寒知松柏 兄的业绩也很棒 ，为认识你们骄傲 ，我们从港股通一起成长的几个兄弟 ，最终都以不同的方式证明了自己 。小宝兄没有做产品 ，但做研究能从一个业余投资人到被券商特聘为研究所所长 ，经历更是传奇 。岁寒兄文笔好 ，以后可以弄个回忆录了 。
85515329,2017-05-15 11:51:40,2,9,3,https://xueqiu.com/1965894836/85515329,$合生元(01112)$ 看短期，Q1数据一般；看中期，尚在投入期；看远期，PGT分利益。还在挣扎什么？PS：这份协议的问题是权利和义务不对等，PGT享受了这么多权利，但并没有付相应代价。
77653262,2016-11-16 20:24:13,1,23,6,https://xueqiu.com/1965894836/77653262,离岸已经6.895，人民币这么贬，对我们美元计价的基金是巨大的挑战，毕竟持有的大部分还是中国资产，短短一个月，我们持股所产生的现金流按美元都打了96折，当时要是发人民币计价就好了
77648336,2016-11-16 18:17:45,1,9,0,https://xueqiu.com/1965894836/77648336,$腾讯控股(00700)$ 基本符合预期 。缺点 ：除微信外 ，月活环比小幅下滑 ；亮点 ：其他收入 （支付+云 ）占比12% ，同比增348% ，同比增速比上季度 （275% ）有巨大的加速 ，而且毛利率也比上季度显著提升 ，按这个增速 ，也许不久的未来我们要用支付公司来定义它了 。btw ：至于q3游戏增值加广告 ，和分析师预测都比较接近 ，值得一提的是王者荣耀4000万日活 。
77265372,2016-11-09 00:04:31,0,38,23,https://xueqiu.com/1965894836/77265372,$陌陌(MOMO)$ 直播业务的风头很劲 ，也确实如印钞机一般赚钱 ，但有一个问题困扰我 ，如果YY的估值是行业成熟后的合理的估值 ，那市值是YY近一倍的MOMO ，需要至少800万付费用户去支撑 ，目前是260万 ，以它不到8000万的MAU基数 ，能转化那么多吗 ？而YY的MAU是1.4亿+ ，而且有更快的MAU增速 ，移动端上确实落后一些 ，但移动端的付费率会远高于PC吗 ？
77064361,2016-11-03 23:19:56,1,16,0,https://xueqiu.com/1965894836/77064361,这两周是我最像安东尼波顿的时候，终于晋级成新一代滚雷英雄
77050653,2016-11-03 17:27:53,3,8,2,https://xueqiu.com/1965894836/77050653,$Facebook(FB)$ 看问题的维度不同 ，因为加息 ；因为川普 ；因为高基数 ；因为短期广告负载增加有限 ，因为明年加大资本开支 ，以至于下一份业绩 ，甚至明年都不行 ，无法维持着过去两年50%的增速 ，确实都构成卖出的理由 。但同样看到用户活跃度/时长在提升 ，广告主的需求依然旺盛 ，而两款10亿活跃用户的产品还没进入商业化 ，则是我愿意在更长时间等待的理由 。
76392328,2016-10-20 18:57:17,1,32,8,https://xueqiu.com/1965894836/76392328,$Take-Two Interactive(TTWO)$ 文明6明天上市，5年一款的大作，我的最爱游戏，没有之一。
69687234,2016-06-06 14:34:42,2,9,16,https://xueqiu.com/1965894836/69687234,"整个经济变得越来越薄(转贴)本文作者为中国社科院金融重点实验室主任 、广发证券首席经济学家刘煜辉 ，原文发表于 《清华金融评论 》 。 整个经济变得越来越薄 2009年中国的第一轮加杠杆 ，到2010年第二季度才明显感觉到信用扩张的不良反应 。2012年5月份中国将稳增长放到首位 ，下半年中国开始通过影子银行和表面扩张完成第二次加杠杆 ，直到2013年二季度才出现物价的通胀 、一线楼市价格暴涨等不良反应 。 而本次加杠杆的反应特别快 ，货币信用投放加速了 ，但投资执行力度并不强 ，才一个月不良反应就出来了 ，资金不进实体经济 ，直接推动了资产通胀 ，使得实体资本未来的投资回报率预期急剧的走坏 。 而潜在增长率 、实体投资回报率等供应侧的跳水 ，使得宏观经济总供给和总需求之间拿出了一个非常明显的产出缺口 ，对应的就是通货膨胀的预期 。 以前产出缺口是靠总需求扩张向上""拱""出来的 ，而现在主要是潜在增长率 （实体投资回报率 ）快速下坠 。产出缺口更像是""被撕裂出来""的感觉 ，如同""烟火"" ，意味着对应着一个泡沫 ，会推动资产价格迅速进入拐点 、甚至临界的状态 。 今年1季度民间投资第一次大幅度落到总投资速度 （10.7% ）之下 ，只有5.7% （民间投资大致占全部投资的62% ） ，完全靠国有投资硬顶着 。因为对回报率的敏感度不同 ，因此这个指标从侧面反应出整个投资的资本回报率水平呈现出恶化的趋势 。 如果二季度保持一季度的状态 ，那么三季度中国就会进入宏观研究中最忌讳的一个状态 ，就是所谓的米德冲突 。比如关门放水 ，刺激地产链等措施 ，短线似乎贬值预期和资本外流收敛 、资产价格上升 ，米德冲突变成强约束 ：即资产通胀再起导致成本高企 ，国内投资回报率会更快下坠 ；衰退性顺差萎缩 ，经常项目盈余恶化 ，汇率贬值压力急剧上升 。外部约束如果变成内部约束 ，直接对应的则是危机提前的爆发 。 而从中国CDS价格的飙升 ，以及看空人民币期权越来越""贵"" ，代表着中国主权风险溢价呈现上升趋势 。总结起来就是经济非常的薄 ，我们自己的身体体质已经远远不如12年之前了 。 市场""挤"" ：自我耗散的状态 中国的金融主体信用市场开始变得越来越拥挤 ，这种拥挤的程度到今年的三月底的时候达到了顶峰 ，以至于四月份出现了一个小型的踩踏 ，中国的信贷市场交易的状况急剧的变坏 。 从系统论的角度来看整个金融体系的话 ，实际上目前已经处在一个自我耗散的状态中 ，实体投资的回报率下降非常快 ，但庞氏融资导致资金要求的回报率降得慢 。 反映在金融层面 ，是机构负债成本降得比资产慢 ，这个裂口只能靠加杠杆 、加久期 、加风险来弥合 。在加速膨胀的金融资产和快速收缩的投资回报中艰难以求 。 事后看 ，没有硬化的财政预算约束 ，债务置换 （包括想要进行的债转股 ）可能产生跟负利率一样的负效应 ，严重损害借贷等式的供应端 （银行 ） ，强化它们逆向选择承受更大的风险 ，加大了系统脆弱性 。 因为市场无法出清 ，金融资产就只能不断扩张 ，金融资产膨胀速度远超利润创造 。更多的新增资金用于滚动债务的再融资 ，却不创造新的投资收益 。 金融的空转不仅表现在银行表内资产膨胀的速度很快 ，从银行的表内资产的角度来看 ，特别是银行对于非银行金融机构形成的这个交易资产扩张的速度到今年一季度达到了70% ，2012年以来银行对非银资产的规模膨胀了5.6倍 ，长时间累积又转化为资本外流和贬值压力 。 而这样的资产膨胀还表现在银行的表外理财业务 ，2月份银行理财规模已经达到了26万亿 。年化40%的增长率 ，通过""银行资金-国企部门 （融资平台 ）-买入银行理财-委外和结构性产品"" ，在表外实际上形成了一个明显金融空转的链条 。 不断涌入的钱具有非常严重的配制压力 ，因此银行体系面临着非常严重的资产配置荒 ，配置不出去 ，只好通过委外业务和结构性金融产品交给券商 、信托等来做 ，他们通过加杠杆的方式帮助银行覆盖负债成本 。 因此 ，除了借短套长之外 ，需要加杠杆才能形成收益和成本的匹配 。整个金融资产收益的结构被持续四年的泛滥流动性彻底玩坏了 。 2009年3月 ，债 （资产端 ）的收益率整体略高于现在 ，负债端Shibor利率1% ，理财利率3%以下 ；而现在 ，债的收益率整体略低于2009年低点 （特别是信用债 ） ，负债端 ：Shibor利率2%以上 ，理财利率4.3% 。成本4%以上的理财去支持收益率不到3%的信用债 （AAA ） ，市场越来越""拥挤"" 。 目前整个的状态就是一个温水煮青蛙的状态 ，最近老是想起2013年""钱荒"" 。从负债角度看 ，现在的货币市场利率是非常贵的 ，金融杠杆太高 （金融体系资产负债膨胀得太快 ） ，市场非常""拥挤"" 。技术上讲 ，金融必须要降低杠杆 （消灭一些信用敞口 ） ，路况才能通畅些 ，才能减小货币政策的压力 （投机者都在套利央行 ） 。距离9月份的杭州G20还很长 ，但路很堵 ，维护很辛苦 。 宏观干预层维稳的难度越来越高 维稳的难度是比2013年多了不止两个火药桶 ，一个汇市 ，一个是楼市 ，还有股票的估值也还贵 ，中间再叠加了商品价格反弹 （胀 ） 。昂贵的资产价格 （膨胀的金融杠杆 ）与快速衰退的实体经济回报之间 ，""忠孝不能两全"" 。这是一个非常难以处理的局面 。 中央银行需要打出十二分精神来防止系统性金融风险的爆发 ，而且这个难度很高 ，整个金融资产 、金融系统维持的难度越来 。 同时 ，货币的价值与昂贵的资产价格之间 ，通常只能保一个 。如何玩转不可能三角 ？从全球来看有两种模式 ，一种是日本香港的模式 ，也就是人民币汇率维持相对的稳定 ，调的很慢 ，但国内的资产缩水很快 ，甚至出现了爆跌 。另一种是俄罗斯模式 ，俄罗斯国内资产的卢布标价没怎么跌 ，但是卢布对美元的价值在过去4年中间跌了50% 。 而中国也需要在资产价格和人民币汇率之间选择一种路径来找到平衡点 ，但明年我们面临一个新的政治周期的更替 ，因此在大方向的选择上目前也将是比较困难的 。 昂贵的资产价格与实体投资回报率之间也是不能并立的 。如果放水托住昂贵的资产价格 ，抬高经济运行的成本 ，又想获得一个投资回报率的上升趋势 ，比提着自己头发离开地球还要难 。除非出现杀手级的产业革命 ，但这在今天来看是根本不可想象的 。 未来是中央政府的表和中央银行的表要起最后遏制金融危机的一个决定性的作用 ，但不是现在 。从解决问题的角度看 ，金融资产缩水不可避免 。因此 ，从方向上来看 ，这是一个挤泡沫的时间 ，这是一个由虚回实的过程 ，这是一个重塑资产负债表 、重振资产回报率的阶段 。 金融压杠杠或已经发生 预计未来一年中 ，真正能够落地的只有一个事情 ，就是金融系统杠杆的整顿 ，来降低整个危机爆发的尾部风险 。金融的降杠杆 ，金融的压杠杆或许已经开始了 。 当然不再是2013年那样专业银行从流动性的正面市场进行压迫性的挤压 ，挤出钱荒 、资产负债表破损等 ，而是一个迂回方式 ，通过金融监管的加强升级把一些金融监管盲点和空白全面的覆盖 ，把这些隐患统统掐死 。 我们看到对于非银 ，MPI对于非银资本的约束越来越强 ；对于银行系统 ，特别对银行系统的同业 、理财两个领域 、繁荣领域的治理整顿已经逐步的升级 ，某种程度讲这实际上是一个逆金融自由化的过程 ，是一个金融重新回归到简单 、朴素 ，甚至向原始回归的一个过程 。某种程度应该代表着目前整个的宏观金融的管理层 、监管者的一个集体共识 。中国的逆金融自由化 ，反金融自由化的过程实际上已经开始 。 当金融杠杆不能再上升的时候 ，实际上也是一个货币的消灭程序 ，也就是说金融空转的钱 、金融交易结构的钱 ，是可以随着信用敞口的了结而消失的 。当然它对应的就是金融杠杆的压缩 ，金融资产负债表的重新调整 、重新的配制 、重新安排 ，以及对应的金融资产价格的调整 。这个金融压杠杆的过程 ，实际上4月份就已经发生了 。 资产的重估虽然从价格的调整上表现迟缓 ，但它会以另外一种方式表达出来 ，即流动性显着变差 ，让时间价值去消耗虚高的价格 。 记得很多年前看过一篇workingpaper对中国股市高估值 （AH估值差异 ）的解释 ，流动性溢价 ，显着高的换手率 。中国A股的换手率可能巳经确定性地向低水平回归的趋缓中 。这也是一种重估 。今天中国的信用债巿场也出现了同样的状态 ，今天中国的股票市场状态 ，某种程度上也在重复信用市场同样的特征 。 过去很多建立在信用债 ，建立在央企的信仰 、地方政府信仰上等套利的信用贷的交易结构 ，可能也会面临缩水和亏损 ，因为这是一个消灭货币的状态 。 当然 ，因为不断有中央银行防治金融系统性风险的爆发而不断采取一些干预措施 ，会造成一些金融资产起伏的机会 。但这样一些机会实际上对于资产配置的大型机构来讲 ，是未来非常难得的进行资产结构调整和调仓的机会 。 中国经济进入棋局中后盘 如果把中国经济看成一盘围棋 ，我们已经远远的离开了布局和续盘的政策工具非常丰富的阶段 ，进入了中后盘 ，这意味着局部的棋已经定型了 。面对的下一手往往是唯一的选择 ，如果不下出这个唯一的落子的话 ，精准次序很可能面临的是一个结束的结局 。 因此 ，在这个状态下 ，对于金融市场的投资者 、交易者来讲 ，由于流动性泛滥所推动的能给予高想象力溢价估值的""诗和远方""的状态已经一去不复返了 。棋盘变小了 ，想象力 （诗和远方 ）变得不那么重要 ，重要的是""计算力"" ，需要精准到位的落子和次序 。 政策层 、理论界对于未来怎么走是有高度共识的 ，在我看来无非是两个步骤 。 第一个步骤叫切肿瘤做手术 ，即杠杆挪移 ，现在最大的障碍是价格上的技术障碍 ，这么贵的价格你让中央政府和央行怎么能接得住 ，而且规模是天量 。 第二步要建立一个有深度和广度的资本市场 。未来只能靠资本市场才能化解整个金融体系 、累计的脆弱性的风险 。核心是建立一个非刚兑的债务市场 。现在债券是刚性兑付的 ，信托是刚性兑付的 ，理财也是刚性兑付的 ，风险实际上没有转移 ，依然在金融体系内部 。没有形成管理风险的模式和体制 。金融结构没有真正发生变化 ，我们看到的只有套利 ，没有信托的责任 。 在这样的大背景与格局下 ，大类资产的配置方面 ，预计股票市场依然还会是一个受保护的状态 。股票交易中不能回避任何一个重要交易对手的存在 。 以往我们是机构与机构 、机构与散户之间的博弈 ，如今 ，机构 、""韭菜"" 、和国家队的平准基金的力量均需要考虑 。平准力量改变了交易的博弈结构 ，亦可能成为改变中国价值投资模式 、重塑中国机构投资或投资者结构的重要选择 。 然而 ，在这样的状态下 ，根本的问题不在于国家队的参与 ，而在于价格的扭曲 ，估值太贵 。目前看来绝大部分股票都在做""俯卧撑"" ，且被限制在逼仄的空间中 （趋势投资者失意 ） ，久而久之 ，估值中枢慢慢地就下去了 （熬不住 ） ，根本原因还是贵 。 第二是汇率 ，汇率未来需要有一个实现新均衡的过程 。去年12月份以来 ，CFETS人民币指数贬值了5.5% ，美元的弱势一定程度帮助中国的人民币释放了一定的贬值压力 （美元指数也贬值了4.7% ） 。 人民币盯住美元实现贬值 ，央行行长周小川年初时候认为CFETS高估了12% ，那么意味着在过去5个月释放的5.5% ，那还有6.5%未来要释放的空间 ，这个空间如何实现 ？ 将有两个路径 ： 一种是美元继续一轮弱势行情 ，人民币盯住美元 ，美元带着人民币再释放累计贬值的压力 。 第二种是美元重新确立上升路径 ，重新转回强势 ，对人民币来讲讲和去年8月份面临的状态一样 ，再次面临人民币兑美元脱钩的过程 。但需要权衡二者利弊 ，即如果美元保持继续弱势 ，中国为此付出的对价是什么 ？而如果再一次尝试与美元脱钩 ，会不会再次造成全球的风险外溢 ？ 目前观察的情况是在美元弱势的时候就选择盯住美元 ，更多的参考美元 ，而在美元转为强势的时候 ，更多的强调 、更多盯住的权重放到一揽子货币 ，所以我们看到美元最近一段的反弹 ，全是一揽子货币 ，人民币对一揽子货币基本上保持稳定 ，甚至有略微的升值 。 然而 ，这个状态能够持续多久我们并不知道 。因为人民币最后所隐藏的贬值压力可能依然存在 ，央行估计得12%的水平未来可能是一个寻找均衡的过程 。实际上人民币汇率背后真正的牵制因素是昂贵的资产价值 。最终实际上是货币价值和昂贵的资产价格之间实现一个新均衡的过程 ，改变失衡背离的状态 。 而货币价值 （汇率 ）与昂贵的资产价格之间实现均衡的路径 ，会如何选择 ，未来一年多时间内大概是不会有答案的 ，但有一点是比较确定的 ，人民币国际化和资本项自由化被现实地搁置了 。 综上所述 ，我们实际上已经身处拐点之中 ，这个拐点是一个时间的区域 。这是一个挤泡沫的过程 ，是一个由虚回实德过程 ，也是一个重塑资产负债表 、重振资产回报率的阶段 。 在这个过程中 ，投资决策可以总结为四方面 ： 第一是风险偏好在逼仄的空间里博弈 。金融资产的价值并不是由基本面决定的 ，更多的来自于博弈的价值 ，这个博弈是在螺蛳壳里面做道场 。因此今年奏效的策略都是战术性的 ：需要不断否定自己 ，往人多预期拥挤的反方向运动 ，战术为王 。 第二是在未来一段时间 ，整个金融降杠杆和压杠杆的过程中需要提防流动性冲击的可能 。一旦发生流动性冲击 ，所谓金融资产都会走跌 ，这本身是一个长期提防的事情 。 第三是从战略层面讲 ，需要不见兔子不撒鹰 ，这是一个战略的等待 。 第四是现金作为一种重要的宏观资产的战略 ，其重要性会被交易者越来越重视 。 注: 近日 ，中国社科院金融重点实验室主任 、广发证券首席经济学家刘煜辉在保险业大讲堂演讲 。本文为演讲内容精选 。"
69166333,2016-05-25 12:25:26,0,16,4,https://xueqiu.com/1965894836/69166333,香港上市公司铭源医疗5月24日公告，该公司8部存有重要资料的电脑、内部硬盘驱动器已被移走，一个路由器、一个调制解调器及闭路电视系统亦不知去向。此外，公司的盖印、公章及其他公司文书连同银行支票簿亦不知所踪。
69039067,2016-05-22 15:01:29,3,8,3,https://xueqiu.com/1965894836/69039067,最近忽然开始流行各种策略，都希望找到可以战胜市场的永动机，而忽略了企业和产品（选股）才是价值之源。
68962181,2016-05-19 22:22:17,0,5,1,https://xueqiu.com/1965894836/68962181,$猎豹移动(CMCM)$ $唯品会(VIPS)$$京东(JD)$一份比一份烂，除了阿里和腾讯，其他收入增速都开始不行了。早两年是在杀利润率，搜房、yy这些，现在开始杀收入增速。
68866866,2016-05-17 23:29:11,2,5,0,https://xueqiu.com/1965894836/68866866,$当当网(DANG)$ 降价也就算了，但依然是non-binding proposal，随时可以再降，虽然不持有当当，但即使作为一个旁观者，依然觉得很丢人。
68802019,2016-05-16 15:46:26,2,6,2,https://xueqiu.com/1965894836/68802019,观望，无论对官僚体系，还是对企业家，亦或是我们投资者，都是目前最不会犯错的选择。所以我们看到商标局因为“没有纸“半年多不发商标注册证，以及4月份在房地产增速良好的背景下民间固定投资增速放缓。市场经济最大的好处是建立预期，一旦无法做到这点，现在要做的就是卧倒。
68688458,2016-05-12 22:22:29,1,6,1,https://xueqiu.com/1965894836/68688458,$欢聚时代(YY)$ 真放弃，可能就不跌了， 现在暂停，但不宣布放弃，相当于给股价加了个顶（甚至可能降价），但下行却没有底。小中概真是自己作死，人品太差。都高位发过cb，圈过钱的，美国的投资人没亏待过你们，12年流血上市，也算是雪中送炭了。
66838556,2016-03-31 20:51:06,1,40,15,https://xueqiu.com/1965894836/66838556,$大连港(02880)$ 看到今天港股通南下买入卖出榜 ，只能说北方的企业水好深 ，这是我见过最搞笑的增持 。港股通买 （大股东 、国家的钱 ） ，港股通卖 （关联方 ，内幕人士的小金库 ） ，因为同一席位 ，所以能看到大量带Y的交割单 。前一段关联方提前通过港股通持续买入 ，利用香港成交不活跃 ，今天早上9点33开始在高位 （3.9到4HKD附近 ）挂出累计几千万股的卖单 ，大股东借增持之名迅速吃掉 ，9点45 ，关联方出货完成 ，大股东也不再买入 ，任由股价跌回3.6x ）
66447905,2016-03-23 21:36:42,1,15,0,https://xueqiu.com/1965894836/66447905,宏观上为最悲观做打算，微观上对中国市场的机会抱有信心。
66318993,2016-03-21 19:44:03,0,46,4,https://xueqiu.com/1965894836/66318993,$高伟电子(01415)$ 本集團擬與本集團的客戶合作開發相機模組解決方案以推出新產品 。該等新產品可能是現有類別的改良 （本集團目前並無提供該等新產品 ）或創造新的市場分部 。本集團亦有意開發及生產可用於相機模組的部件 ，包括先進的紅外線截止濾光片 ，以及其他提供協同價值的光學部件 。此外 ，本集團擬繼續提升及擴充本集團的倒裝芯片及線路板芯片貼裝 （ 「COB 」 ）技術以及生產能力及產能 ，使本集團的相機模組解決方案與預期的客戶要求一致 。(业绩超了之前盈喜预测的上限 ，但管理层一毛不拔 ，强劲的现金流全用来还债 ，而不派息 。)
66141403,2016-03-17 17:13:31,1,27,5,https://xueqiu.com/1965894836/66141403,$腾讯控股(00700)$   收入超预期了 ，主要是广告业务带动 （效果廣告收入增長172%至人民幣87億元 ，主要受QQ空間手機版廣告收入增長 、微信公眾賬號廣告收入的全年影響及新推出的微信朋友圈廣告服務收入的貢獻所推動 。品牌展示廣告收入增長72%至人民幣88億元 ，主要受來自騰訊視頻及騰訊新聞等媒體平台移動側的流量和廣告增加所推動 。Q4品牌广告收入加速 ，和我们观察到子应用市占率提升相符 。 ） ，货币化看来还有空间 。同时增值业务相对前3季度 ，增速也加快 ；游戏榜单上面除了网易的两款主打 ，其他被腾讯围剿 ，集中度和渠道的话语权都进一步增加 。主产品QQ和微信的活跃用户数稳定了 ，环比基本不怎么增长 ，进一步增长靠孵化子产品 ，目前细分各个类别都已经排名同业第一梯队 。 Q4利润率相对差 ，一是因为所得税 ，二是因为分佔聯營公司及合營公司虧損 ，主要指JD 。 （分佔聯營公司及合營公司虧損增加至二零一五年第 四季的人民幣13.29億元 。該項同比增長主要由於一間從事電子商務的上市聯營公 司於二零一五年第四季確認了減值撥備而導致投資虧損增加 。 ）同时收入成本同比增長35%至截至二零一五年十二月三十一日止年度的人民幣416.31億元 。該項增加主要反映較多的分成及內容成本 （代理游戏以及买了很多版权 ） 、渠道成本以及C2C轉賬銀行手續費 。(本集團其他業務的收入成本環比增長32%至二零一五年第四季的人民幣14.84億元 。該項增加主要受C2C轉賬銀行手續費增加所影響 。) 利益申报 ，我们基金持有腾讯 。
66096281,2016-03-16 21:45:24,2,29,4,https://xueqiu.com/1965894836/66096281,$猎豹移动(CMCM)$ 雷军投的公司都没后劲，凡客如此，拉卡拉如此，猎豹也如此，不知道他自己搞的小米是否也是虎头蛇尾的收场。
65995005,2016-03-14 21:31:40,2,11,1,https://xueqiu.com/1965894836/65995005,老婆作画一副 《老乡别走 》
65944774,2016-03-13 16:52:18,2,11,2,https://xueqiu.com/1965894836/65944774,在网上混久了 ，发现一个很有意思的现象 ，非黑即白 。雪球上也不能脱俗 ，不是做多 ，就是做空 。不是满仓 ，就是空仓 ；不是银行 ，就是创业板 。 要成名就得选边 ，你不想站队 ，喷子也会断章取义 ，给你归队 。但实战中我相信未来更多的机会出在中间路线 ，多空相对平衡的对冲基金会跑出 ；动态配置资产的会跑出 ；在银行和创业板热门概念股之间的那些不那么热闹的公司会跑出 。
65866572,2016-03-10 20:41:28,0,7,0,https://xueqiu.com/1965894836/65866572,$华能新能源(00958)$ 2月利用小时数下来很多，不知道是天气原因，还是限电导致。
65812849,2016-03-09 17:48:45,0,5,0,https://xueqiu.com/1965894836/65812849,"$当当网(DANG)$ 盘前涨15% ，短线short风险不大 ，可惜没沽到什么量 。The Proposal is Non-binding and subject to further negotiation of definitive agreements and the satisfaction of customary closing conditions, including regulatory approvals. This letter is governed by, and construed in accordance with the laws of Cayman Islands. PS ：我支持IMEIGU ，维权JMEI ，报价DANG, 为维护中概生态做了很多努力"
65709947,2016-03-07 19:08:05,0,6,1,https://xueqiu.com/1965894836/65709947,$九龙仓集团(00004)$ 什么是投资高手 ，请看4号供股集资的时间和这种公司做对手盘真是压力山大 。 。 。
65660251,2016-03-06 15:21:57,0,13,1,https://xueqiu.com/1965894836/65660251,无痛改革 ？
65230450,2016-02-25 12:01:55,0,13,0,https://xueqiu.com/1965894836/65230450,$华富国际(00952)$ 银监会都已经批了 ，还有这么大折价 ，是否有被联交所认定为现金资产公司的风险 ？我的判断是不太会 ，因为没有换主营 ，伟哥怎么看 ？ （ 《上市规则 》评估现金资产公司时 ，考量的不只是发行人的现金水平 ，亦会同时考虑其业务 、运作及财政状况的背景及情况 。一旦发行人被认定是现金资产公司 ，其复牌申请将被视为新上市申请处理 。 ）@燕歸來
64932107,2016-02-18 15:37:16,2,12,2,https://xueqiu.com/1965894836/64932107,HEADWATER正式产品跑了半年 ，期间$恒生指数(HKHSI)$下跌20% ，$国企指数(HKHSCEI)$下跌26% ，$沪深300(SH000300)$下跌22% ；我们也经历人民币汇率的大幅下挫 ，对美元计价 ，而投资中国资产 、中国需求为主的FUND同样是巨大的挑战 。希望下一个半年 ，能多做一些绝对收益
64889948,2016-02-17 22:36:04,2,16,4,https://xueqiu.com/1965894836/64889948,$聚美优品(JMEI)$ 垃圾最终是垃圾，永远不要低估中概大股东的无耻程度！
64661941,2016-02-10 10:49:43,2,26,10,https://xueqiu.com/1965894836/64661941,$陌陌(MOMO)$ 这是让我们有机会看到投资本质的案例。左侧交易最终要回到估值判断上来，私有化也好、勾兑内幕也好，都不是构成我们左侧交易的主因，让我们去左侧交易的原因有且只有一个，它的价值是否值得这么做。
64579852,2016-02-04 23:34:22,0,9,3,https://xueqiu.com/1965894836/64579852,$和利时自动化(HOLI)$ 铁路订单和收入超了预期很多，各项财务数据都有好转，但逻辑没太想明白，持续性看不清楚。
64553130,2016-02-04 11:21:11,1,41,7,https://xueqiu.com/1965894836/64553130,$陌陌(MOMO)$ 我陷入了一个悖论，现在卖掉它显得我是SB，而不卖掉（而如果最终没做成私有化），我可以骂大股东SB，言而无信。至少我可以装无辜，显得我没那么傻，我该做什么样的选择@空华
64507415,2016-02-03 11:36:41,1,14,4,https://xueqiu.com/1965894836/64507415,$天大石油管材(00839)$ 公告战略投资者Vallource将斥代价现金7.76亿元，认购1.96亿股新股，占扩大后股本19.45%。认购价为3.96元，较前收市价溢价37%。2010年的事了，浮亏太大，干脆全买下来 PS：派特别息的钱其实还是它来出，哈哈
64422485,2016-02-01 14:29:55,0,4,2,https://xueqiu.com/1965894836/64422485,$上证指数(SH000001)$ $国企指数(HKHSCEI)$ 又在缩AH差价了，但估计这个趋势会在120附近停住，毕竟一个是封闭池子，一个是可以自由流动的，更何况还有贬值的预期。
64414725,2016-02-01 11:38:38,2,1,0,https://xueqiu.com/1965894836/64414725,复盘的时候回到那个时点，考虑当时的情况和我们的研究水平，还是会做这样的决策，那就不必遗憾。经历过去这一年，看问题（选股）从微观在往中观走，一些小细节没有以前那么在意了。（但中观一定源自微观，这是我们研究的基本方法）
64410785,2016-02-01 10:34:21,0,7,2,https://xueqiu.com/1965894836/64410785,$长城汽车(02333)$ 从降价，利润率回归这个逻辑看，是值得空的，单车利润要回归的话，空间很大。我们前面只跟销量数据，而忽略了定价，没有第一时间抓到这个机会，遗憾。
64406098,2016-02-01 09:28:55,0,2,0,https://xueqiu.com/1965894836/64406098,$联华超市(00980)$ 换了管理层，要小心第一份业绩，我猜测永辉是想最终控股的
64069959,2016-01-24 15:40:24,0,7,1,https://xueqiu.com/1965894836/64069959,"$奇虎360(QIHU)$$陌陌(MOMO)$从上往下定策略没问题 ，但最后落到选股上又必须要同时符合至下而上的标准 ，不要为了凑一个策略 ，而对选股妥协 。一月份首先策略上输在和大股东对着干 （安全边际不够的私有化, ，按茅台兄的说法就是为了20%的收益冒亏损50%的风险 ） ，但究其本质还是因为对选股妥协 。对选股标准不妥协的结果 ，往往即使是输了策略 ，也未必输钱 ，这点我在晚知兄上收获很多 。40多的QIHU和现在12.XX的MOMO区别就在这里 ，两者失败后的下行空间是不同的 ，也就决定了赔率的不同 。"
64069535,2016-01-24 15:16:51,3,4,1,https://xueqiu.com/1965894836/64069535,无论多空，都不要把自己放在压市场涨跌的处境下，对冲的设计初衷不是为了赚市场的钱，而是为了控制组合的波动率，以更好专注于公司基本面的挖掘。最理想的情况是当初在万科B转H时候的策略，多万科B，空中海外和华润置地。
63549556,2016-01-13 21:07:17,0,12,2,https://xueqiu.com/1965894836/63549556,像QIHU这种发了13E的，是否会因为外管局而导致私有化受阻？如果发美元债，这么大规模也不好解决吧？@空华
59873848,2015-11-16 17:05:21,0,23,7,https://xueqiu.com/1965894836/59873848,$渣打集团(02888)$ 求助，2888怎么与伦敦的STAN进行套利，我可以买入STAN要求转股2888吗？@IB美国盈透证券
59477661,2015-11-10 20:42:02,1,1,0,https://xueqiu.com/1965894836/59477661,$阿里巴巴(BABA)$ 业绩，双11，短线逻辑基本结束了，超配减为标配
58577865,2015-10-27 21:29:41,0,1,0,https://xueqiu.com/1965894836/58577865,$百度(BIDU)$ 行业前2纷纷合并，wuba与赶集、美团与大众点评、携程与去哪儿、嘀嘀与快的，等等，加上经济景气度一般，百度做为后周期行业，业绩压力应该不小。
58518332,2015-10-27 08:53:07,0,1,0,https://xueqiu.com/1965894836/58518332,$畅游(CYOU)$ 几乎是全产品线下滑，但是费用下来更快，所以最后回光返照一下。广告不投了，新游戏不再立项，研发也不投了。就是PB比较低，空起来油水好像不大，万一分个特别息。
58516680,2015-10-27 08:26:05,0,4,2,https://xueqiu.com/1965894836/58516680,BIDU甩掉一个包袱，利润率改善一些；携程加强了垄断地位，做为行业剩下独大的玩家，利润率会得到很大提升；而QUNR估计和土豆的命运差不多了
56954958,2015-09-24 22:33:08,0,24,5,https://xueqiu.com/1965894836/56954958,$阿里巴巴(BABA)$ 开搞。私有化标的也足够吸引，相信大部分还是能做成。
49622469,2015-06-29 19:57:41,0,4,0,https://xueqiu.com/1965894836/49622469,$空中网(KZ)$ 无耻
44755346,2015-05-20 23:22:39,0,4,2,https://xueqiu.com/1965894836/44755346,对互联网行业，我已经有点out，过多集中在交易层面以及年龄渐长，让我失去了对新业态嗅觉。周鸿祎是一个反例，是时候找时间重新充实自己。从他出书开始就应该不再和他耗，这两年明显他更专注于耍嘴皮子。
37437521,2015-03-05 09:55:49,0,2,1,https://xueqiu.com/1965894836/37437521,$永利澳门(01128)$ 已经鼓励员工无薪休假了，上个月行业收入同比降了近半，继续放空。
36905910,2015-02-24 09:09:41,0,7,4,https://xueqiu.com/1965894836/36905910,"$汉能薄膜发电(00566)$ 给大家讲个笑话 ，566要进富时中国50指数了 。 “FTSE China Index Series Quarterlyreview: ann Mar 4 close, eff Mar 20 close - China 50: Expect 4 additions (267 HK,566 HK, 2727 HK, 753 HK) and 4  deletions (168 HK, 384 HK, 135 HK, 916 HK) - China A50: Expect 2 additions (601688,601299) and 2 deletions (601808,600887) ”"
36576554,2015-02-12 11:31:48,2,16,3,https://xueqiu.com/1965894836/36576554,当不赚钱的时候，才明白自己当时是怎么赚钱的
35314748,2015-01-16 01:22:52,0,11,2,https://xueqiu.com/1965894836/35314748,$佳兆业集团(01638)$ 事件的应对：除了小注买入其16年垃圾债@32以外；同时做多国资地产股，做空民资地产股。
34748987,2015-01-02 12:55:47,0,19,2,https://xueqiu.com/1965894836/34748987,$银河娱乐(00027)$ 澳门2014年博彩毛收入同比下降2.6%，至3515亿澳门元，为首次年度下滑。澳门12月份博彩毛收入同比下降30.4%，至233亿澳门元。（加速下滑，继续加注空头）
34114065,2014-12-16 13:27:19,0,3,0,https://xueqiu.com/1965894836/34114065,梳理了一下自己的配置，发现个好玩的事，不经意做了一个赌场（澳门）对赌场（国内券商）的配对，而且两组仓位还挺对称。
33263410,2014-11-25 12:13:57,0,5,0,https://xueqiu.com/1965894836/33263410,$奇虎360(QIHU)$ 的q3业绩还是不错的，估值也OK，但还是感觉缺乏亮点。用户量上不去，也没有更多新产品/模式去对存量用户做更多变现。可能医疗广告算一点。同时也比较担心今后游戏的增速未必能保持。
32402454,2014-10-23 01:46:10,0,13,0,https://xueqiu.com/1965894836/32402454,$IRBT(IRBT)$ 给组合配置一点IRBT，本季费用率控制良好，带来利润激增，而下季收入指引增速加快；本季本土家用需要爆发，国防订单增长，在商业应用上也有潜力，只是不确定这东西的门槛，求教行业专家。
32310835,2014-10-18 22:15:34,1,4,5,https://xueqiu.com/1965894836/32310835,$奇虎360(QIHU)$ “A级人才是为了理想 ，为了自我实现做事情的 。这样的人是不需要管理的 ，也不需要流程去约束 ，这样他们才能做出伟大的产品 。但是这样的人真的很少 。公司大了 ，你需要的人多了 ，就意味着你不得不用很多平庸的人 。用普通人你就需要一个管理流程 ，就要把有些东西给模式化流程化 。但这种管理一定会带来一个平庸的公司 ，这就是管理上的一个悖论 ”@Alan@789小苏@caskfans@盲从是一种美德
32310136,2014-10-18 21:23:11,2,30,17,https://xueqiu.com/1965894836/32310136,$奇虎360(QIHU)$ “我们文化深层次的一个问题，我们从小受到的教育，都是从众。我们其实很在意别人的看法，如果有人特立独行，与众不同，标新立异，特别少数派，我们都不会太看好。如果你干的人人都能看明白的事，你就会被认为是靠谱，有前途。但可惜，大家都觉得有前途的事情，往往没有前途。”
29558777,2014-06-06 01:01:29,0,0,0,https://xueqiu.com/1965894836/29558777,$普拉达(01913)$ 中国（亚太区）高增长的故事讲不下去了[看空]
29436275,2014-05-28 07:32:30,0,2,0,https://xueqiu.com/1965894836/29436275,$奇虎360(QIHU)$ Q1的Selling and marketing费用怎么增长这么多，去向是？是否包含了一些一次性的开支？@徐祚立
29384397,2014-05-23 20:11:51,0,4,1,https://xueqiu.com/1965894836/29384397,$优酷土豆(YOKU)$ 业绩让人失望，在移动端开始商业化的情况下收入同比只增了36%。这行资金黑洞，内容的话语权太大，烧钱也烧不出未来。。
29013202,2014-04-28 18:14:37,1,3,0,https://xueqiu.com/1965894836/29013202,$畅游(CYOU)$ 说自己因为向平台转型而产生亏损，从Q1费用上看，主要是人力成本上升，这块感觉不可逆啊。利润率可能永远回不去了
28973347,2014-04-25 17:48:04,0,0,0,https://xueqiu.com/1965894836/28973347,$百度(BIDU)$ 百度第一财季销售 、总务和行政支出为人民币20.09亿元(约合3.232亿美元) ，同比增长136.9% ，主要由于移动产品的促销支出增长 。 ——新增近2亿美金搞促销为移动端布局 ，要知道Q1总共4亿美金利润 ，加上爱奇艺的内容/带宽成本增长 ，难怪利润率从两年前的近50%掉到现在的25% 。不再觉得百度在tab里面保守了 。 。 。狂烧钱的背景下 ，2014预期PE已经在30倍以内 ，要不要配一点呢 ，是个问题
28937964,2014-04-24 05:42:56,1,0,0,https://xueqiu.com/1965894836/28937964,$苹果(AAPL)$ 当期和指引都不错，估值也低，配置一些给手上现金找个去处。
28091803,2014-03-08 00:30:46,0,5,0,https://xueqiu.com/1965894836/28091803,中概TMT正股基本平了（SFUN YY等），兑现的部分利润换到对应的CALL上，总共2%仓位，做好牺牲准备。。游戏GLUU PWRD KONG继续持正股，估值还能接受。
27841694,2014-02-25 18:37:50,0,11,1,https://xueqiu.com/1965894836/27841694,$空中网(KONG)$ Q4有100多万美金的补贴，实际利润率没那么好看，但网游的ACU靓丽以及Q1的指引（尤其是手机游戏）不错
26993291,2014-01-08 09:31:38,1,5,3,https://xueqiu.com/1965894836/26993291,“据中国中铁6日晚间的澄清公告 ，截至2013年9月30日公司资产总额为6265.57亿元 ，负债总额为5315.97亿元 ，资产负债率为84.84% ，较2013年中报时披露的85%稍微有所降低 ，但仍然高于2012年的83.92%的负债率 。 ” 银行股为什么涨不动 ，管中窥豹 。即使不是坏账 ，中国经济整体也面临降杠杆 ，因为前面杠杆用太足了 。
26880185,2014-01-01 18:28:35,0,6,0,https://xueqiu.com/1965894836/26880185,我是 @PaulWu ，我刚刚撰写了#2013投资总结# ： 1 、2013年我的投资收益为 % 。 2 、在$中国中药(00570)$上赚的最多 。在$中国中药(00570)$上亏的最大 。 3 、目前投资仓位排序为$亚太卫星(01045)$ ，$华宝国际(00336)$ ，$富智康集团(02038)$ ，$中国风电(00182)$ ，$搜房(SFUN)$ 。 4 、最想感谢的3位球友是 @一个肉社团 ，@茅台03 ，微观分析 。 2013年我的投资操作及感悟 ：网页链接 关注我的球友 ，欢迎点击 网页链接 ，分享你的#2013投资总结# 。
26876026,2014-01-01 12:07:13,1,10,1,https://xueqiu.com/1965894836/26876026,新年好，2014感觉（中概、香港）选股比往年更难了，打算多看看书，求推荐一些好书，我先推荐一本对我影响很大的书《罗素自选文集》。
26718108,2013-12-20 22:43:51,0,5,2,https://xueqiu.com/1965894836/26718108,$Ambarella(AMBA)$ AMBA和GOOG合作了 Co announced that it is exploring with Google a new class of wearable cameras for the Helpouts application and service.
26610393,2013-12-13 17:56:24,1,8,3,https://xueqiu.com/1965894836/26610393,$深圳迈瑞(MR)$ “Ottoman认为 ，迈瑞的现金亦十分虚幻 （phantom cash ） ，根据迈瑞今年三季数据 ，其账面现金高达10亿美金 ，但Ottoman称其为典型的中国式造假 。他们指出 ，迈瑞如果账面有如此高的现金水平 ，不需要通过贷款和股权融资来支付每年的股息和完成一笔1亿美元收购 。 ” ——大部分海外上市公司都这么干 ，借美元派息/收购 ，赚两地利差 ，以及人民币升值的钱 。
26301075,2013-11-28 09:34:15,0,19,4,https://xueqiu.com/1965894836/26301075,PWRD Q3 收入8.333亿  市值9亿；  GA  Q3 收入 5.9亿   市值27亿；碰上坏人了，以后股权结构在中线分析里需要做为很重要的要素，这是投PWRD最大的教训，和大股东、管理层利益保持一致是最基本的。
26034740,2013-11-08 00:16:29,1,4,1,https://xueqiu.com/1965894836/26034740,奇妙的3季报期，非常漂亮的答卷，残酷的下跌，有点发懵。但确信一点，控制风险，尽量拿明牌。清QIHU；加仓SFUN、BITA、CTRP等细分行业；同时降低美股整体仓位。
25759493,2013-10-22 11:10:33,1,9,4,https://xueqiu.com/1965894836/25759493,“实力建业早前公布，公司董事总经理洪建生拟与一名潜在投资者出售其持有之股权。公司接获洪氏通知，有关交易之谈判已终止，出售事项将不会进行。” 缺钱就来市场骗一圈，哈哈，呵呵，吼吼。。。年年亏损，给他儿子开500万的工资，用公司钱养小三，给小三房子装修，你妹！
25719409,2013-10-19 10:13:11,2,14,3,https://xueqiu.com/1965894836/25719409,近来市场非常疯狂，总有些不踏实的感觉。今年判断公司业绩的成功率提高了吗？今年研究工作做的更扎实了吗？回答是NO，我只不过是赚了些市场估值的钱而已，仅此而已。
25448875,2013-09-27 10:45:23,0,26,1,https://xueqiu.com/1965894836/25448875,$辉山乳业(06863)$ 13年上半年的纯利率激增，高出现代牧业3倍（39.7%VS13.X%），这是什么原因？
25408848,2013-09-24 21:25:27,0,2,0,https://xueqiu.com/1965894836/25408848,$欢聚时代(YY)$  有早期投资者减持了
25397543,2013-09-24 10:04:34,0,9,1,https://xueqiu.com/1965894836/25397543,美股这段最大的调整是把主仓位QIHU，分成3份： QIHU  BIDU YY。 留个脚印，日后回头看这个决策。
25314496,2013-09-16 22:27:33,0,17,3,https://xueqiu.com/1965894836/25314496,$奇虎360(QIHU)$$搜狐(SOHU)$$腾讯控股(00700)$$百度(BIDU)$   腾讯收购搜狗简评: 1 、对百度中性偏空 ，竞争更激烈 ，不利于定价权 。  但之前股价对搜狗的出售有所预期 ，对于百度 ，搜狗卖给腾讯 ，比卖给QIHU好 。2 、这个交易受益最大是搜狗 ，而搜狐保留了控股权 ，也是受益方 。3 、这个交易对腾讯没有太大影响 ，不是腾讯主战场 ，总体感觉中性偏正面 。4 、QIHU最麻烦 ，最近数据看卡在20%的份额上不去了 ，QIHU的搜索没有口碑 ，完全是靠渠道 ，高度依赖浏览器 ，失去并购搜狗的机会 ，我认为中短期QIHU拿到30%份额的机会微乎其微 。
24800612,2013-08-13 15:41:03,0,5,0,https://xueqiu.com/1965894836/24800612,数了一下持股，20个（美股7个，港股13个），彻底成大杂烩了。。。。
24544280,2013-07-24 16:36:47,0,8,1,https://xueqiu.com/1965894836/24544280,$A8电媒音乐(00800)$ 雪球啥时候成了庄家放假消息散货的地方了
24242150,2013-06-25 22:09:14,0,13,0,https://xueqiu.com/1965894836/24242150,不知道是否是最近一周的牙疼影响，对后市有些悲观
24187402,2013-06-20 13:10:14,0,2,1,https://xueqiu.com/1965894836/24187402,$莎莎国际(00178)$ 果然是卖化妆品的，挺懂得给财报化妆。
24136292,2013-06-14 19:28:27,0,0,0,https://xueqiu.com/1965894836/24136292,$展讯通信(SPRD)$ 7.26 在上海张江开股东会
23493655,2013-04-07 23:28:39,0,7,4,https://xueqiu.com/1965894836/23493655,$鹰美(02368)$ 去年2季度新厂房投产，折旧压力增大，短期可能蚕食利润。而管理层说新厂房争取2年达盈亏平衡，是否意味着这两年的亏损？
23305652,2013-03-18 16:10:41,0,2,1,https://xueqiu.com/1965894836/23305652,对@greatsoup 说：汤财兄可曾看过1315，旧大股东和新接盘者，分别是什么来历？
23255080,2013-03-12 10:12:09,0,3,1,https://xueqiu.com/1965894836/23255080,"$完美世界(PWRD)$ 笑傲江湖3月20号才封测, 如果能提早1个月赶上电视剧热播, 能省多少推广的力气, 执行力啊执行力. 换巨人绝不会错过这样的推广机会."
23060027,2013-02-16 17:12:05,2,9,3,https://xueqiu.com/1965894836/23060027,$超威动力(00951)$$天能动力(00819)$这两家的估值在当下市场还是挺有意思的 ，至少账面上的PE低而利润增速快 ，翻了一些报告 ，下半年营收增速还在加速 ，但毛利率略降 （产能不够 ，部分OEM ） 。牛市傻钱多 ，可能值得跟一跟 。819今年1月份还对产品提了一次价 （每支提了5块 ） 。占成本大头的铅 ，我看期货价格大体平稳 。熊市我是绝不敢碰这类的 ，因为没有现金流入 ，利润全部堆在固定资产 存货 应收上 ，大赚却又大贷 ，天知道是不是真赚钱 。以过去对类似工业股的经验或者说偏见 ，长拿有大概率碰上业绩洗澡 ，存货减值等等一堆 。
22999969,2013-02-05 14:59:23,0,32,7,https://xueqiu.com/1965894836/22999969,"这几天清仓了组合里的涡轮,并将投机性标的全部换为业绩股和防守股, 降低组合的杠杆和beta值. 中线标的留了金山 \雅士利 \魏桥 \悦达. 等待3月业绩期的到来."
22912136,2013-01-25 21:31:32,0,0,0,https://xueqiu.com/1965894836/22912136,
22843529,2013-01-17 09:47:02,0,5,1,https://xueqiu.com/1965894836/22843529,HK市场进入博傻阶段，3818沾光阿里集团飙升
22767324,2013-01-07 13:02:13,0,1,1,https://xueqiu.com/1965894836/22767324,"[转载]我的梦 ，我的忏悔原文地址 ： 我的梦 ，我的忏悔 作者 ： 张化桥 昨夜 ，我做了个梦 。梦中 ，我找林一荣神父忏悔 。我对他说 ，""神父 ，2012年 ，上帝让我们从股市上赚了钱 。谢谢他 。但是 ，百分之二 ，三十的回报率 ，确实也还是太少了 。今年能否让我们多赚一些 ？最近 ，... 网页链接"
22754604,2013-01-05 02:20:29,0,0,0,https://xueqiu.com/1965894836/22754604,$学大教育(XUE)$ 你们学大的分红被另扣税了吗？“Dividend on XUE @USD0.336 less tax”
22744829,2013-01-03 22:17:40,0,0,0,https://xueqiu.com/1965894836/22744829,
22710835,2012-12-28 00:40:13,0,0,0,https://xueqiu.com/1965894836/22710835,中概确认了EDU的获利以及对KONG止损后，现除拿MEMS做套利外，用10%仓位配了一组垃圾股，包括PWRD、XIN、EJ、JACO……后续找机会配一些HTHT、SFUN这样的绩优股，希望13年中概市场依然慷慨。
22707985,2012-12-27 17:16:38,1,1,1,https://xueqiu.com/1965894836/22707985,
22699472,2012-12-26 15:31:32,0,1,0,https://xueqiu.com/1965894836/22699472,
22610850,2012-12-12 19:16:33,1,1,1,https://xueqiu.com/1965894836/22610850,
22576427,2012-12-07 00:46:23,1,3,1,https://xueqiu.com/1965894836/22576427,$高德软件(AMAP)$能丢宝马的订单，也能丢其他的，那么护城河在哪里？如何捆绑住用户?
22576003,2012-12-06 22:59:20,1,11,3,https://xueqiu.com/1965894836/22576003,$易居中国(EJ)$现在市值还不到SFUN的1/4. 它还有个去年私有化了的子公司中房信，旗下垂直门户业务(主要是新浪乐居，10年经营权，如何续约不清楚，新浪是EJ大股东。)其营收占比大概是SFUN的40%，但整体利润率太差了，几张表也较复杂，不是一眼能看明白的公司。
22500968,2012-11-23 17:40:01,0,1,1,https://xueqiu.com/1965894836/22500968,$JOYCEBOUTIQUE(00647)$ 租金上涨成服饰股报表的必填项了，关店的关店、迁铺的迁铺，麻烦，对下半财年的展望也不甚乐观。 继续围观了。
22500806,2012-11-23 17:17:14,0,2,0,https://xueqiu.com/1965894836/22500806,$包浩斯国际(00483)$ 存货打折促销，但依然降不下来。台湾和内地业务都亏损了，形势不妙，如果没有香港那笔关店补偿一次性收益，又是一张亏损的财报。
22485063,2012-11-21 11:10:00,0,0,0,https://xueqiu.com/1965894836/22485063,"$永新视博(STV)$Income tax expenses in the third quarter of 2012 were US$13.6 million , compared to US$2.5 million in the same period in 2011 and US$1.8 million in the second quarter of 2012.(分红预扣税)"
22465279,2012-11-16 22:26:51,0,0,0,https://xueqiu.com/1965894836/22465279,"$软通动力(ISS)$ Days sales outstanding, or DSO, was 182 days for the third quarter 2012 and 155 days for the third quarter 2011. 3季度增长的质量一般，"
22411592,2012-11-05 20:36:05,0,1,0,https://xueqiu.com/1965894836/22411592,$中国铁钛(00893)$ 大股东太黑了，1.72的出价，净资产都不到，比3年前3.5的发行价缩水了一半多。
22376777,2012-10-29 21:33:40,0,3,1,https://xueqiu.com/1965894836/22376777,$新东方(EDU)$ 这期业绩没那么糟糕，EPS部分受此the investigation-related expenses accrued in the quarter的影响. 但所谓的改变增长驱动因素，往往是因为外延式扩张到了瓶颈，被迫向内挖潜，这是一个不确定的东西。
22214621,2012-09-08 22:48:06,0,0,0,https://xueqiu.com/1965894836/22214621,We are faced with the paradoxical fact that education has become one of the chief obstacles to intelligence and freedom of thought. 不幸被罗素言中
22213166,2012-09-08 02:02:40,0,0,1,https://xueqiu.com/1965894836/22213166,
22210857,2012-09-07 13:34:52,2,0,0,https://xueqiu.com/1965894836/22210857,"对于那些完全没有赌博天性的人,专业投资的游戏无比枯燥,也过于艰苦;而具备这种天性的人则需要为自己的禀赋付出代价."
22183298,2012-08-30 19:00:52,0,1,0,https://xueqiu.com/1965894836/22183298,$国际泰丰控股(00873)$ 快要沉没了，抓紧时间跳船吧。
22182856,2012-08-30 18:01:05,3,1,0,https://xueqiu.com/1965894836/22182856,“黄金是一种收益为负的投资，它的价格主要取决于恐惧——对通胀、战争和纸币贬值的恐惧”很有意思的观点，联想到去年9月份的情况，确实是这样。
22170036,2012-08-28 12:16:15,0,5,2,https://xueqiu.com/1965894836/22170036,在PWRD上犯了个低级错误，由于它的高毛利率，营收下降的结果是砍的几乎全部是利润，有放大效应。现在不能排除，池压着几个潜力游戏不发，等股价受压后选择私有化的可能，毕竟前段时间入股的复星帮着私有化也不是一次两次了。
22149119,2012-08-23 00:39:01,0,2,0,https://xueqiu.com/1965894836/22149119,从报表的数据看，几个体育用品股里最烂的似乎是李宁，尤其负债表这块比晋江那几家差太多。
22148623,2012-08-22 21:53:30,0,6,3,https://xueqiu.com/1965894836/22148623,$奇虎360(QIHU)$ 24.5卖出一半QIHU
22104452,2012-08-11 09:58:10,0,0,0,https://xueqiu.com/1965894836/22104452,$卓悦控股(00653)$ 盈利警告: 1. 在美容套票銷售穩定而其贖回率下跌之情況下 ，美容及保健中心分類於 二零一二年上半年被確認之營業額及溢利有所下跌 ； 2. 雖然回顧期間零售營業額錄得溫和增長 ，但二零一二年上半年 ，租金增長 速度超過收入增長 ；及 3. 確認二零一一年授出之購股權產生之股份為基礎付款開支增加 。
22097155,2012-08-09 18:44:31,0,11,2,https://xueqiu.com/1965894836/22097155,$雨润食品(01068)$ 一次嘉里举牌雨润看遍众生相
22094825,2012-08-09 09:31:51,0,0,0,https://xueqiu.com/1965894836/22094825,
22089152,2012-08-07 21:21:03,1,0,0,https://xueqiu.com/1965894836/22089152,MARK: 相关不等于因果
22088910,2012-08-07 19:44:02,1,0,0,https://xueqiu.com/1965894836/22088910,一旦某只股票符合以前曾让我们成功的模式，“我知道”效应便会占据上风，从而让投资者想当然地相信：未来就在他们的脑袋里，至于这种信念的背后是否存在客观可信的依据，似乎无关紧要。这种效应随重复次数的增加而增强。体验的次数越多，我们从发财致富中体验到的冲动就越有可能前移。
22088111,2012-08-07 17:52:51,3,7,4,https://xueqiu.com/1965894836/22088111,不要试图给随机事件寻找规律。。
22081540,2012-08-06 09:02:23,0,0,0,https://xueqiu.com/1965894836/22081540,$中国高精密(00591)$ 有些媒体真缺德，不能排除突然变零概率的公司，不应在媒体上做推荐，大部分散户没什么仓位和风险管理概念。
22080066,2012-08-05 00:02:40,1,0,0,https://xueqiu.com/1965894836/22080066,&quot;个人满仓中，大盘不关我的事。我希望越萧瑟越好。&quot; 牛人牛语真多啊[汗]
22065462,2012-08-01 12:01:48,0,3,1,https://xueqiu.com/1965894836/22065462,
22063534,2012-07-31 23:46:51,0,0,0,https://xueqiu.com/1965894836/22063534,
22050505,2012-07-27 19:16:57,4,3,1,https://xueqiu.com/1965894836/22050505,过去的成功经验带给我们财富的同时，也会给我们带来偏见。这是线性思维的问题，没法回避。如果我们不保持警惕，时刻提醒自己会犯错，并在处事中留有余地，那么过去成功所形成的偏见可能会带来大失败。
22049872,2012-07-27 17:27:03,4,5,5,https://xueqiu.com/1965894836/22049872,摘一段与球友共勉 ，不过我对其非卖品的结论有保留 ：     问 ：wjmonk兄 ，你的投资标的是如何发现的 ？     答 ：很随意 。     一般是这样的 ：从常识上找不死的公司 ；长期跟踪并找出它不死的原因 ；在出现短期不利的情况时提高警惕 ；价格进入安全区间 ，买入并持有 。     短期不利因素最好的莫过于偏见 ，偏见是常见现象 。比如白酒是夕阳行业 （不看茅台的理由 ，没有把握到奢侈品行业的赢利增长规律 ） ；乳品没有差异性 ，不赚钱 （漠视产业整合的状况和高毛利 、高资产周转的现实 ） ；汽车是家电 ，根本不赚钱 （不去看整车公司的ROE和产业链条的差异 ） ；家电企业没有壁垒 （对格力的厌恶 ） ；啤酒市场竞争激烈 ，没有前途 （未分析青岛啤酒和燕京啤酒的报表差异及背后发生的深刻变化 ） ；联通是个垃圾 （未分析管理层变化后债务的大量减少 ，自由现金的急剧增加以及中国移动占据80%以上行业利润将导致的行业变局 ） 、兰州铝业 （氧化铝在涨 ，一定会在涨 ，电解铝会跌 ，还会继续跌 ） 。     次优的选择是企业经营确实经历了不利的变化 ，被市场遗忘 ，特别是持续的价格下跌将导致投资者心理上对这类公司的回避心态 。如上海家化 （去看一下2004年的年报吧 ） 、山东黄金 （看看招股说明书并对比一下紫金和中金 ） 、一汽轿车 （可以分析一下他过去5年的资产负债表 ，再问一下周围的人对一汽生产的汽车有无在质量上的普遍不满 ） 。     当然 ，孜孜以求的是找到我可以理解的好公司 ：好行业+好公司+偏见导致的低价格=非卖品 。     这样就可以偷懒了 ，只要考虑新的分红和自己人力资本产生的自由现金流再投资就可以了 。
22041545,2012-07-25 18:37:02,4,13,6,https://xueqiu.com/1965894836/22041545,“买股票和梭哈一样都是在不断翻牌（不断有新的信息披露），你要不断计算赢的概率（估值），赢面增加加大赌注，局势不利主动认输出局。偶尔拿到好牌但是运气不佳输掉要坦然接受这种现实继续玩下一轮，从长期看最终仍会获胜。（做好资金管理的前提，一次输完本就不好玩了）“
22029079,2012-07-22 02:01:57,0,0,0,https://xueqiu.com/1965894836/22029079,
22025237,2012-07-20 16:21:11,5,7,5,https://xueqiu.com/1965894836/22025237,对我来说 ，首先是我是否能够理解和跟踪它的业务 ；如果是成长股 ，还要问它增长的确定性和空间 。然后是设定估值模型 ，哪些是最需要关切的指标 ？ 有了模型之后估价值区间 ，并根据估值变化做动态调整 。 （这也是为何第一步需要判断是否能理解和跟踪它的业务 ） 接下来是定策略 ，左侧还是右侧 ？资金如何分配 ？是否要定止损计划 ？最后是问自己在极端情况下 ，是否做好了资金和心理上的准备 。 （当然投机的话 ，不用这么严格 ，控制仓位 ，做好止损 ）
22023770,2012-07-20 10:07:16,4,1,1,https://xueqiu.com/1965894836/22023770,我是觉得不能把自己限制在一个所谓流派里，都可以去尝试，老巴看了几十年IBM报表，现在才说看明白。不管结果是对是错，他一直在学习，也在改变，他最初是格雷厄姆的路子，后来又加上了对成长的理解。 但尝试之前自己得有标准，没有标准的尝试最后形不成有效反馈，也说不上对系统的修正。
22020610,2012-07-19 17:23:06,0,0,0,https://xueqiu.com/1965894836/22020610,"Dear All,New Oriental Conference Call will be held TOMORROW, July 20 at 9:30am HKT.Company: New Oriental (EDU.N)Speaker: Mr. Louis Hsieh - President / CFO明早新东方有电话会议回应质疑."
22018775,2012-07-19 11:03:16,1,1,0,https://xueqiu.com/1965894836/22018775,
22018238,2012-07-19 09:01:32,8,141,63,https://xueqiu.com/1965894836/22018238,
22017099,2012-07-18 23:49:12,0,0,0,https://xueqiu.com/1965894836/22017099,当下美股的组合：新东方EDU；完美世界PWRD; 空中网 KONG
22012594,2012-07-18 00:05:40,0,8,5,https://xueqiu.com/1965894836/22012594,$新东方(EDU)$后知后觉，刚把新东方财报看完，买了一些@15.7X
22005653,2012-07-16 12:24:57,0,3,0,https://xueqiu.com/1965894836/22005653,$太平洋网络(00543)$一直等待0543的估值回调，现在价格下来了，但公司前景这块我却有点迷茫。汽车和PC这两块的高速增长不再，其他垂直站基数还小，未来空间在哪？一旦车商经营困难，收紧广告开支，甚至有下滑的危险。
21998360,2012-07-13 10:32:10,0,4,0,https://xueqiu.com/1965894836/21998360,$网龙(00777)$主要股东陈宏展于2012年7月4日，场内减持公司好仓14.2万股，套现88.466万港币，成交均价6.23港币，最高成交价6.7港币。变动后持股1414.3万股，持股占比2.8%。——原来网龙之前回购是帮人套现啊，现在又跌回来了。陈宏展，网龙公司，执行董事副总裁首席技术官。附回购记录：
21969404,2012-07-05 14:17:10,0,0,0,https://xueqiu.com/1965894836/21969404,
21967188,2012-07-04 22:18:26,0,1,3,https://xueqiu.com/1965894836/21967188,
21967187,2012-07-04 22:18:26,0,0,1,https://xueqiu.com/1965894836/21967187,
21967186,2012-07-04 22:18:26,0,0,1,https://xueqiu.com/1965894836/21967186,
21967184,2012-07-04 22:18:26,0,0,0,https://xueqiu.com/1965894836/21967184,
21967180,2012-07-04 22:18:25,1,0,0,https://xueqiu.com/1965894836/21967180,
21967179,2012-07-04 22:18:25,0,0,0,https://xueqiu.com/1965894836/21967179,
21967181,2012-07-04 22:18:25,0,0,0,https://xueqiu.com/1965894836/21967181,
21967182,2012-07-04 22:18:25,0,0,1,https://xueqiu.com/1965894836/21967182,
21815397,2012-05-17 19:22:38,0,0,0,https://xueqiu.com/1965894836/21815397,2012 年第一季度售出的多晶硅的平均銷售價為每公斤25.98 美元(2011 年第一季度：每公斤62.17 美元；2011 年第四季度：每公斤26.20 美元)。2012 年第一季度多晶硅的生產成本約每公斤19.7 美元(2011 年第一季度：每公斤22.3 美元；2011 年第四季度：每公斤19.3 美元)。看来日子更艰难了
21812183,2012-05-17 00:34:49,0,0,0,https://xueqiu.com/1965894836/21812183,$空中网(KONG)$今天收盘发一季报，即美国东部时间5月16日（北京时间5月17日）7点半。
21807523,2012-05-15 22:15:23,1,0,0,https://xueqiu.com/1965894836/21807523,减仓PWRD，公司治理有瑕疵，计划用一个包含PWRD的网游股组合代替PWRD的单一持仓。我喜欢这样的公司，预期很差、估值低残、分红很多很稳定。
21682472,2012-04-12 18:34:25,5,2,4,https://xueqiu.com/1965894836/21682472,"Paulwu 12:15:39 资金管理在左侧的时候尤为重要Paulwu 12:15:53 右侧相对容易，可以止损XXX 12:15:45 忍Paulwu 12:17:25 港股和中概股的折让都会让人意想不到，分众一夜能跌掉60%+，为什么尽量让自己留20%现金，就是等这时候XXX 12:17:31 20是不够的Paulwu 12:17:57 我和Yuan兄讨论过离岸市场的一些特点，包括全球化配置基金的行为XXX 12:17:52 真的一夜跌很多，你8成仓位，未必敢买Paulwu 12:18:45 足够了，只有持有的组合腰斩再腰斩，我才会去用它；个别股份暴跌的机会我可以调仓去抓跌到成本的1/4， 这时候补20%,理论上股数可以增加一倍Paulwu 12:20:10 这属于历史大机遇了XXX 12:20:16 你早止损了，还会腰斩Paulwu 12:20:51 我经常止损是因为那是在价值区间内Paulwu 12:21:05 低于价值很多的时候我不止损的Paulwu 12:21:11 PWRD你看我止损了吗Paulwu 12:21:18 我是补仓的XXX 12:21:06 擦，那就是安全边际不够了XXX 12:21:18 pwrd最低，你亏多少XXX 12:21:29 20%？Paulwu 12:22:22 还不到吧Paulwu 12:22:28 QIHU我是止损的Paulwu 12:22:45 QIHU 对我而言安全边际不够XXX 12:22:53 恩Paulwu 12:23:42 2，3倍PE的非周期股，我觉得就没必要去止损了XXX 12:23:38 那是Paulwu 12:25:08 我一直是估一个模糊的大区间，不同区间策略不同XXX 12:25:27 先吃饭了，等会聊Paulwu 12:25:57 恩，回聊Paulwu 13:01:00 其实去年大跌的时候 我后来也是不止损的 当时的持仓0130 3918 2028等，最多的0130浮亏近40%；3918最后卖了些是因为0375下跌更多而成了更有吸引力的标的。 这些标的有个共同点是分红，后面如果再腰斩跌到我需要用20%备用金的时候，那意味着它们的股息会在20%以上。之后我每年都可以用分红再投。（理论上我觉得逻辑是没有问题的，难点还是在判断公司经营的永续性上，也就是护城河，2028就犯了这个错误）Paulwu 13:02:44 如果在标的极度低估的时候去做止损，我认为这个人肯定不是以价值出发去做投资的Paulwu 13:11:00 而在QIHU和PWRD上，虽然最后结果看，在低点补仓都是赚钱的。但我认为本质是不同的，PWRD当时已经承诺每年分红，股价与净现金相当，PE在3倍，业务黏性而且并不像巨人GA那样单一。QIHU当时估值依然高达20倍以上，不分红，业务护城河说实话并不牢固。如果我在低位补QIHU，这笔钱有可能再也拿不回来。而PWRD假设继续下跌到了4块，而按后来的分红2块，我拿这笔分红补仓也是很愉悦的Paulwu 13:13:38 追涨杀跌只是为了在机会平平的时候提高效率，因为真正的机会并不常出现。至于留20%,还是30%,完全看个人的交易系统以及怎么定义安全边际XXX 13:16:15 也就是我们多半会选择更便宜的，而未必是更好的公司这个是对的Paulwu 13:17:41 更好的公司的判断 更取决于能力圈和天才XXX 13:17:36 对，只做自己看得清楚的Paulwu 13:17:56 我觉得没有足够的积累和天赋，先选便宜的Paulwu 13:19:14 我这几天在看书，同时也对照着翻翻持股和过去的交易XXX 13:19:05 所谓的好，其实是动态的，便宜倒是实实在在的XXX 13:19:15 2028上教训也不少Paulwu 13:20:05 有人总结过，能力够，则4毛买1块的东西；能力有欠缺，就2毛买1块的东西，然后更分散做总结的应该是个左侧交易者，右侧则可以用止损来保护其实不管是仓位的配置，组合的分散，还是止损策略，都是一个目的，风险管理一个完善的交易系统，不管是技术出发还是价值出发，必然有个共同的前提，都不会因为一次错误伤及根本   BTW：之所以把我和朋友的这个聊天记录贴出来，是看到最近的一些技术派老对价值投资进行冷嘲热讽，离开风险控制去评价一个交易系统太过片面，而价值投资也不应该由价值投资的失败者去点评，可以去看看巴菲特、段永平是怎么走的，他们的路都很正。我只能说是个基本面的投机者，也不在意自己今后是什么标签，能够通过股市认识世界，认识人心，并赚到我的那份辛苦钱，已经很快乐了，能够稳定获利的模型都是我非常尊重的。@不明真相的群众"
21607734,2012-03-24 09:18:09,2,1,0,https://xueqiu.com/1965894836/21607734,$唯品会(VIPS)$ 现在肯定不是合适的投资时机，属于赌博。追求折扣的客户是没有平台忠诚度的，哪边便宜就去哪，我不知道唯品的护城河在哪。
21581982,2012-03-16 22:22:37,0,5,3,https://xueqiu.com/1965894836/21581982,$广而告之(CMM)$ 分红前：股东权益8353万美元现金+短投8771万美元分红5764万美元（分红扣税？4季度有可能补近300万美金的税款）分红后：股东权益2589万美元（其中固定资产913万美元）现金+短投3007万美元4季度扣掉税款后：股东权益2289万美元（其中固定资产913万美元）现金+短投2707万美元不知道算的对不对，19号盘前发业绩，留贴印证。利益披露：本人持有少量CMM
21581888,2012-03-16 22:02:51,1,2,0,https://xueqiu.com/1965894836/21581888,$完美世界(PWRD)$ 14.5继续加PWRD，从8.5一路买到14.5，算是有缘了。
21525005,2012-03-02 00:17:39,0,3,1,https://xueqiu.com/1965894836/21525005,对@sylvieluk 说：BITA的增长从4季报看不是很健康，披露的应收款增幅远超利润，怎么看？
21504897,2012-02-28 00:23:46,0,10,6,https://xueqiu.com/1965894836/21504897,$空中网(KONG)$ 买入KONG@5.08
21402666,2012-02-06 20:15:33,0,6,2,https://xueqiu.com/1965894836/21402666,对@从易 说：从易兄，请教下纽交所除了对股价不能长期低于1以外，对市值规模有要求吗？
21399307,2012-02-04 18:17:21,1,2,1,https://xueqiu.com/1965894836/21399307,2011年小结（1）去年年底出发去越南和柬埔寨，呆了大半个月，所以上网也比较少。期间联系了3918金界控股的投资者关系部，并在3918的酒店度过新年，非常感谢他们的热情招待。如果不发生注入新酒店的交易我对3918的中短期预期是3HKD～4HKD，交易后调整为2.4HKD～3HKD，10年中买入3918部分原因是看中它的赌牌和极低的土地成本，而交易完成后资产会变重，并将负担公园等的建造和后期维护，当然这是5年后的事了。新酒店地皮和老酒店挨着，按当下的发展形势，确实很有建新酒店的必要，问题是代价太高了。从长期而言，极低的税率能否维持也有不确定性。但就中短期而言，相信2012年它的业绩依然会有很好的表现，正在加建改建的两个项目都会在2012投入，中报披露70%的入住率，还有不小的提升空间。一直留意3918动态的人，应该注意到其业绩出现拐点是在政府对非法赌场和老虎机的打击之后，我在柬埔寨的感受是那边的制度还不稳定，服务意识很落后，即使与邻国越南相比，也**不如。2013年的大选，以及2013年越南赌场合法化都会影响到3918的今后发展。看过它当时招股书的朋友应该也注意到泰国赌场合法化的潜在风险。近年来东南亚各国都开始上赌场，试图分一杯羹，以后的竞争会日趋激烈。就凭印象简单写这么多吧，调研纪要落在朋友那了，所以详细数据没法发上来。 在3918上我实际操作不是很理想，最后一注筹码也在2.4HKD附近清空，换股澳门小赌场0296，平均成本在1HKD略出头，短期看肯定是损失不少利润了。邓普顿评论卖出时机的时候说，不追求泡沫中博傻，从低估到估值恢复合理足矣，出现更合适的标的就是卖出的时候，聊以自慰吧。 美股也在慢慢收网，开始减一些仓位，总算略有盈利。去年进入美股后经历过山车行情，最多浮亏近20个点，手上几个股几乎都成为狙击标的。直接导致我不敢再碰财务上没安全边际的个股，目前主要持有PWRD完美国际。在黑天鹅那天加的仓位。 港股仓位现在比较高，持股也比较杂，大多是做短线仓位，体现了目前纠结的心态，基本因素找不到很强的支持，但个股形态看明显是一轮很大的行情，目前棋至中盘。短期思路还是低PB，跌残了的工业股中找找机会。另一个方向是风险已经充分暴露的次新股。最后说一个关于中线持股的标准，近5年的所有公告都看过，主要竞争对手近1年的财报要有了解，能实地调研或者认识在里面工作的朋友则最好不过。原文链接网页链接
20874098,2012-01-17 14:23:33,0,17,4,https://xueqiu.com/1965894836/20874098,$英皇娱乐酒店(00296)$目前动态PE 3倍多，PB 0.8不到；无负债，帐上净现金10亿，市值14亿。预计按过往分红率，现价股息率近10%。缺点是近期无催化剂。大股东杨受成 是其主要风险项，有过出千历史，但最近一直增持。赌业即使拐点，从估值上，我觉得也是有安全边际的。何况去年下半年澳门统计局的行业数据显示比上半年依然增长了20%。BTW：1月柬埔寨考察完3918回来后，出掉最后一注3918仓位@2.40；换入0296@1.09。
20542300,2011-11-30 13:29:42,2,11,4,https://xueqiu.com/1965894836/20542300,#港股业绩#$YGM贸易(00375)$，营收和利润有增长，但毛利率小幅下滑，存货周转天数从60到72日，不是很好的信号。对零售业，存货是比业绩更重要的指标，先行性指标。产品积压就会打折，然后进一步压缩毛利率，糟糕的甚至会伤害品牌。（11.29）
20542299,2011-11-30 13:29:04,0,0,0,https://xueqiu.com/1965894836/20542299,#港股业绩#$长江制衣(00294)$，一群老头在经营，数十年的老公司，有朋友复权过去十多年的股息，据说回报相当惊人。中报业绩靓丽，增长近50%，在宏观环境不利的大背景下很出挑。（11.29）
20542298,2011-11-30 13:27:49,0,0,1,https://xueqiu.com/1965894836/20542298,#港股业绩#$ALCOHOLDINGS(00328)$，业务萎缩，负债表恶化，除显着上升的存货外，90日以上应收款增加1.5个亿尤其让人担忧。亮点是保持了毛利率，维持了过去的高派息比率。管理层解释为了保持毛利率，只能放弃部分市场，所以导致营收下滑。（11.29）
20539916,2011-11-29 19:06:12,0,0,0,https://xueqiu.com/1965894836/20539916,#港股业绩#$慕诗国际(00130)$，经营比我预期更稳健，关了些成本压力大的店，毛利率维持高位，存货控制得益，主营利润增长44%，加上漂亮的炒楼收益，现金水平提高很多，中报如期派特别息，共计11仙。（11.28）
20539912,2011-11-29 19:05:07,0,0,0,https://xueqiu.com/1965894836/20539912,#港股业绩#$真明丽(01868)$，毛利率大降加上费用失控，巨亏不可避免。目前两个方向，产业链垂直整合拓宽毛利率；产能正往越南转移压低费用。但报表中缺乏数据支持。预期四季度国家有利好政策下发。（11.28）
20539910,2011-11-29 19:04:08,0,0,0,https://xueqiu.com/1965894836/20539910,#港股业绩#$震雄集团(00057)$，面临1882海天国际强势产品的激烈竞争以及行业景气下滑的双重打击，业绩大幅下滑并不让人意外。财务上依然稳健，费用控制得力。（11.28）
20539906,2011-11-29 19:03:05,0,0,0,https://xueqiu.com/1965894836/20539906,#港股业绩#$森信纸业集团(00731)$，其营收77%来自贸易、20%来自制造；让我意外的是毛利率得到维持，加上费用控制不错，所以本期业绩还是合格的。但今后供应上升，而需求偏紧，还是感觉不乐观。听管理层意思是要收紧客户信贷，准备过冬。（11.28）
20534927,2011-11-28 12:01:08,0,9,2,https://xueqiu.com/1965894836/20534927,#港股业绩#$耀才证券金融(01428)$，抢占了不少散户份额，增长比行业平均水平快不少，但行业竞争激烈，佣金甚至有降到5HKD。不知道是否具备并购价值。（11.22）
20534880,2011-11-28 11:41:25,0,0,1,https://xueqiu.com/1965894836/20534880,#港股业绩#$创维数码(00751)$销售额、毛利率都有上升，但新增加的19亿存货，在家电补贴取消，房地产严冬的背景下，显得扎眼。负债表有恶化趋势。（11.24）
20534693,2011-11-28 10:50:35,0,0,0,https://xueqiu.com/1965894836/20534693,#港股业绩#$信星集团(01170)$，毛利率大降，我想skechers贡献的减少是原因之一。零售业务依然处在烧钱状态。正在江西和柬埔寨建新生产线，产业转移大潮不可逆转。目前38条生产线中的14条在柬埔寨和越南。（11.25）
20534678,2011-11-28 10:47:54,0,0,0,https://xueqiu.com/1965894836/20534678,#港股业绩#$汉登控股(00448)$，官司打赢了，收到4300万退款，没有这笔一次性收入，其利润是下滑。同样是费用控制有问题，可见人工和租金这些成本的压力非常大。（11.25）
20532998,2011-11-26 14:17:12,0,0,0,https://xueqiu.com/1965894836/20532998,#港股业绩# $盈进集团(01386)$，营收增长和毛利率水平都不错，费用一如既往失控（创始人在公司上市后不久去世），看不到解决之道。账上现金都快烧完了，存货一堆，我看得都急，展望里管理层那么淡定，谈扩张、谈品牌、谈你妹啊。（11.25）
20532985,2011-11-26 13:58:01,1,1,1,https://xueqiu.com/1965894836/20532985,#港股业绩# $积华生物医药(02327)$，管理层不是很厚道，弄走了最有前景的积大集团51%的股权，虽然目前估值不高，但还是让人心存疑虑。展望中提到要投资其他业务，以分散风险。逻辑奇怪，我估计是打算继续偷走上市公司资产。（11.24）
20532984,2011-11-26 13:57:39,2,4,3,https://xueqiu.com/1965894836/20532984,#港股业绩#$维他奶国际集团(00345)$，经营很稳健，主要经营豆奶，几乎没有周期性。典型的香港公司，相对国内公司保守很多，穿越牛熊的好选择。但估值也一直平稳，介入需要等待一个黑天鹅；或者用时间换空间。（11.23）
20532983,2011-11-26 13:57:10,1,1,1,https://xueqiu.com/1965894836/20532983,#港股业绩#$华宝国际(00336)$，增速下来了，股价从高位13块暴跌到4块，不只是因为那些传言，某某挂了之类，实质是被双杀了。对烟草这块依赖过高，而食用香精的利润率高得让人恐惧，反过来想，在营收增长缓慢的情况下，到达顶点的利润率……现价8倍PE确实不贵，但我不会选一个在山顶上的企业。（11.22）
20532982,2011-11-26 13:56:47,1,2,2,https://xueqiu.com/1965894836/20532982,#港股业绩#$银基集团(00886)$，增长靓丽，但未必健康。如我预期，它派不出息了。过去两年用融资来的钱派高息，做高股价后，五粮液高管的暗股得以减持套现，历史使命也就完成了。我不喜欢投资关系户，利润操纵空间太大，如一朋友所言，高兴了给你口肉吃，不高兴就没肉。利润不可预测因素太多。（11.21）
20492693,2011-11-11 18:38:55,2,8,3,https://xueqiu.com/1965894836/20492693,$人人(RENN)$ 人人有机会跌破净资产的，没有清晰的策略，只为投资本市场所喜去做事，最终也必被其抛弃。
20470310,2011-11-03 19:06:48,1,24,7,https://xueqiu.com/1965894836/20470310,$奇虎360(QIHU)$ 有成为下一个巨头的潜质，足够深的用户黏性，相对清晰的盈利模式，不错的管理团队和股权结构。但梦想和现实之间，还需要一季度一季度观察运营数据，就像2004年，又有谁能一眼看到今天的0700，至少我得承认我没有这个能力。
