ID,发布时间,点赞数,评论数,转发数,页码,链接,正文
167271466,,29,12,4,6/6,https://xueqiu.com/9236758887/167271466,"特斯拉 ，中芯国际 ，保利协鑫的2020 ，谁的2021 ？ 2020 年小结 。 股票账户开了近十年 ， 2014 年以前在A股 ， 2015年以后基本在港股 ， 偶尔买点美股 ，真正投资大概三年左右 。总的来说 ，不借钱 ，不做空 ，不上杠杆 ，不做短 。所以一直安心 ，还一直担心看中的股票涨的太快 。 每个月大概有4 ，5 万的闲钱可以加仓 。 2020 年收益不错 ，当然比雪球众多高手收益差太多 。 一直有10 到15支股票 。 以后大概也只会有这么多股票 ，太多太分散了 。所有股票基本都是只买入 ，不卖出 ， 除非涨的太多 ，仓位太高 ， 或者涨的看不懂了才卖 。不过年初的特斯拉就是这样卖飞的 ，知行合一太难了 。 当初准备用特斯拉的股票退休的 。每个月卖一股 （拆股前 ）就够做退休金的 。  现在持仓17支 ，所谓雁阵持仓 ，一支重仓 ，4支基本仓 ，8到10 支观察仓 ，每个月有机会加一次仓 ，真有看中 ， 没钱的话调一次仓 ， 偶尔有点奖金也基本加到的其中一支 ，基本一直100%仓位 ，如果明年有点闲钱 ，会留一点现金 ，今年因为没有现金错过太多机会了 。 今年年初重仓是特斯拉 ，年中重仓是中芯国际 ，年底是保利协鑫 ，重仓都不是自己选的 ，都是自己涨出来的 ， 一般加仓不会超过15%仓位, 年中的中芯国际一度到过54%, 没能卖在高点 ，但还是今年赚的最多的两支股票之一 ，最后留了一点点做纪念 。  因为买了就不准备卖 ， 所以挑的还算仔细 ，错了一般也认了 ，像复星 ，不加仓就是了 。聊一下持仓股 ：  $保利协鑫能源(03800)$    ，公司技术上一直上进 ，要不是国内知识产权保护做的不好 ，估计早就是隆基的市值了 ，后来的硅料新来的人挖人抄技术上新国产设备 ，搞得协鑫都快破产了 ，加上国家一直欠补 ，债务成本太高 。不过公司技术储备很好 ，希望国内知识产权保护做的好一点 。估计还能飞一阵子 。  $绿城中国(03900)$   ，抄 @人淡的作业 ，  即使今年地产不怎么样 ， 也还有40% 左右的收益 ， 主要是便宜的时候刚好发奖金 ，补了一点仓 。2021 的潜在重仓股 。 01211 主要是卖飞了特斯拉后进的 。进入太晚了 ， 没能凑到1万股 ，可怜每个月的收入结余在港股都买 不了一手 。 希望市场给个机会 ，不过估计机会不大 。  01618 ，主要是看中它手中的矿产资源快要咸鱼翻身了 ， 当初要不是阿富汗的铜矿碰上考古遗迹 ，估计已经是矿业巨头之一 ， 现在巴新的镍钴钪矿都还算顶级矿 ，加上分红还算稳定 ，值得一投 。 01339 ，  当初看重人保寿险的潜力 ，因该是看错了 ，加上不喜欢新来的老板 ， 就放着吧 。  $康方生物-B(09926)$  ， 01801 ， 主要是看了 @恭贺新禧的收益和分析 ，本来准备把09926买成基本股的 ，  可惜涨的太快了 ，只买了一半 ，希望明年还有机会 ，所以买了一点01801做弥补 ，也涨的太快 ，只好弄一点02616再做弥补 ，好在 @恭贺新禧对医药行业分析的很透彻 ，备选方案还有一些 。09926是2021  的潜在重仓股 。 03993 ， 是我的旧爱 ，当初在紫金和它之间犹豫了很久 ，虽然涨的不如紫金 ，也没后悔 ， 铜是基本面 ，钴是矛头 ， 钼钨是底线 ，有潜质的股票 ，只可惜矿业股不大可能成为重仓股 ，风险都太大 ，地缘政治随时让一切灰飞湮灭 。同样原因不选01208 603026 ，唯一的一支A股 ，因为工作原因知道这家公司 ，分析一下技术路线 ，自认做不到它的现在成本 ，所以就买了它的股票 。 唯一不好 ，就是没有实控人 ，不知道管理层怎么处理利益冲突 ，看了一下他们最近的表现 ，真替管理层担心 。 01108 ， 发现的太晚了 ，涨的太快了 ，不然也可能是2021 的潜在重仓股 。 只能看它演绎2021 年了 ，感谢 @近乎额度的分析 。  VNTR ， 手里最后一支美股 ，年底或者明年年初准备卖了 （昨晚清了 ） 。所有观察股里2020跌的最惨的一支 ，不过我2020在VNTR上还有100% 的收益 ，因为工作原因知道它的价值 ，它最低的时候(1.2)刚好手上有点钱 。 现在工作的公司居然低价把这个公司卖了 。有点看不懂了 ，好在本公司董事长水平一般 。"
170702521,,16,16,3,5/6,https://xueqiu.com/9236758887/170702521,$绿城中国(03900)$ 绿城到了击球区了$绿城中国(03900)$  绿城到了击球区了 。上一支是一年前的$保利协鑫能源(03800)$  国家的大方向是住房不炒 。这个应该主要影响二手房 。希望今后房产增值不在是国民财富增长的来源 。但 这个不影响高端房产卖的贵 ，卖的多 。新加坡房地产基本上就是这样的 。 没人因为炒房赚钱 ，但是高端房产一直越卖越贵 。 从国家利益出发 ，高端房产越贵越好 。这样可以消耗富人的财富 。国家就越稳定 。 刚好富人也需要一样东西来区分阶层 。四十年前可以是漂亮的衣服 ，二十年前可以是最新的家电 ，十年前可以是高端汽车 ，未来只能用房产来区分了 。因为其他东西都太便宜了 。而且这个东西越不增值越能区分阶层 。所以高端房产是完美的媒介 。新加坡很多房产项目 ，原来面积越小单价越贵 ，这个很容易理解 ，越小越容易上车 。可是现在高端地产 ，近来却是越大的房子单价越高 。 房地产肯定是中国最大的行业 。新加坡也实际上也差不多 ，新加坡虽然化工和金融名义都比房地产大的多 。但是大部分人的财富最后都投入了高端房地产 。 。至于没有投高端房地产的基本上就是没有财富积累的人 。新加坡政府了一个给80%人的房地产市场 。近乎免费 。 普通人用公积金就可以费用全覆盖 。 另外任何一个国家都需要一个碎钞机 ，容量要大 ， 高端房产可以完美的扮演这个角色 。国家最完美的政策就是走新加坡路线 。严格控制普通房 ，放任高端房地产 ，让富人获得满足感又固化富人的财富 。同时让这个财富不能快速增值 。讲回绿城 ，03900未来可以维持至少5000亿的规模 ，500亿的利润 。市值在2000亿到3000亿左右 。如果绿城维持去年的分红率 ，下跌空间基本没有了 ， 向上有十倍空间 ，是时候下注了 。目标万分之一的绿城股权 。如果两年不涨 ，那更好 ，我做完03800 ，回来全仓投入 ，分红可能都比我薪水高了 。 管理层应该也没问题了 ，张市长水平应该不错 。也有一千多万的股权了 。股票增值肯定是他最大可能的财富增值的来源了 。去年末绿城没有拿上海的那块地 ， 就不用当心买的地太贵了 。肯定有我们不掌握的信息 。
171720597,,21,21,2,5/6,https://xueqiu.com/9236758887/171720597,谈谈失败的投资 ，仅是个人感受好的投资会让你很安心 ，基本不用考虑卖出 。 近来清空好几只股票 ， $复星国际(00656)$   ，01766 ， $中国生物制药(01177)$ . 这在以前基本上不可想象的 ，聊聊感受. 还有这几年我唯一一只赔钱股 $中广核电力(01816)$   。我股票买的少 ，宁愿错过 ，不愿买错 。  01816 ，实际是一个很牛的公司 ，当之无愧的国之重器 。我买股总从公司技术层面出发 ，当年花了很长时间研究了核电技术方向 ，中国事实已经是世界上领先的核电国家 ，基本上所有先进的核电技术都在国内落地了 ，01816从工程和经济层面已经遥遥领先了 。这也是当初为什么买它 。为什么会赔钱呢 ，三代核电太贵了 ，国家给的上网价又控制的死死的 。搞了半天 ，公司花了巨大的精力 ，金钱 ，和风险 ，最后只赚了个钢镚钱 。 可惜分配不合理的事不是公司层面可以解决的 ，从此再也不碰这类公 ，哪怕它为国为人类做出巨大的贡献 。损失不算太大 ，但是花了我太多精力 ，损失了巨大的时间成本 。  00656 ，相信是很多人刚开港股通买过的标的 ，因为低估 ，也相信大多人没有赚到钱 。光头人品太差 ，一把年纪还没有看开 ，甚至都不和自己的管理层分享财富 。我原来准备和光头耗到他退休 ，看他真么处理 。这几个月因钱不够 ，连着买飞两支潜在的重仓股 ，一直后悔当初应该把它卖了换钱的 ，去买01211 和09926的 ，那我一两年 就不用找重仓股了 。最后卖它 ，是发现光头好像不仅品质有问题 ，能力好像也不行 ，那就很开心的卖了 。三年基本一无所获 ，浪费无数时间成本 。 01766 ，当年在买股票还是玩玩的时候 ，我买中过它 ，当年曾经是我赚最多钱的公司 。现在看来买国企一定不能买具有垄断市场地位的公司 ，因为垄断 ，中国特色的国情 ，也就没有定价权 。大型垄断型国企都要小心 。 贡献再大都要小心 ，没有定价权的一律不看 。 01177 ，这家公司其实让我三年赚了俩三倍 ，清空它是不看好它的管理方式 ，一家子都身居高位 。几年前的关联交易也给我留下了阴影 。其实老老板人还行 ，我本来以为最好的结局是 ，收购09926 ，当然康方的管理层是看不上这样的家族企业的 ，不过 ，要是我是老板 ，直接在康方200亿时侯以三倍市值收购 ， 而且把收购后的公司交给康方管理层管理 ，自己只做大股东 ，这样 ，01177有机会直接干过国内医药一哥 。没有人和钱权都过意不去的 。这样 ，康方管理层也有钱对抗创新风险 。新药市场化又水到渠成 ，不用操心了 。 可惜都只是我YY 。
171754215,,113,146,27,5/6,https://xueqiu.com/9236758887/171754215,石大胜华的逻辑 $石大胜华(SH603026)$  石大胜华是我唯一的一支A股 ，也是我唯一的一支化工股 ，虽然我有化工的假博士学位 。先吹一下牛 ，反正是牛年了 。我原来从来把炒股看作旁门左道 ，觉得我的专业才是我立命之本 。我做所过五家化工公司 ，都是500强 ，五个截然不同的化工方向 ，相信在我所做过的化工工艺上 ，比我强的不多见 。因为牛人都挣快钱去了 。剩下我这个苦命的人 。 首先这公司名字土 ，去年国庆节以前 ，我都没听说过这家公司 。去年Q4因为工作的原因要和一家广州的电解液公司探讨** ，为了***的美国工厂 。刚好国庆假期我有空 ，看了一下电解液的溶剂市场 ，那时刚好碰上DMC涨价 。所以注意到这家公司 。 雪球上信息很多 。顺便查了一下石大的专利 。 让同事了解了一下DMC全球的主要合成路径 。相信我还是有一点发言权的 。 直接讲结论 ，我石大买的不多 ，不是我的主战场 。那时主要在看 $保利协鑫能源(03800)$  . 这个帖子也只是学雷锋 。希望可以帮到有需要的人 。 １ ）石大的DMC工艺路线不错 ，因该是小规模 （１０万吨以内 ）最优解 。我自认做不到石大的溶剂成本 。 质量上一般公司应该也很难做到2到10 ppm杂质 。不用担心太多竞争者 ，一般人只是吹吹牛 ，包括那个奥什么的公司 。中科院/院士一般都不会干活 。 ２ ）原料PO(环氧丙烷) ，只是DMC 工艺的一个媒介 ，最终不参与DMC分子合成 ，所以环氧丙烷价格高涨不影响石大的成本 ，相反会间接受益 。这个需要化学工艺背景才能理解 。不难 ，我花了一天时间就搞明白了 。不写方程式了 。 用EO路线也不是为了成本 （除非蠢 ）应该是为了原料取得的便利性 。但是EO路线非直接成本要得多 ，这个我是权威 。  ３ ）2021石大利润应该超好 ，这半年PO/PG本身也是个极挣钱的方向 。我当时买入价44 ，我看到200 ，倍率还可以 ，但是没有我其它标的高 ，所以我只是玩玩 。如果你喜欢也可以考虑 。 ４ ）风险是石大的管理层没有动机做高股价 ，相反他们会努力做低股价 ，不过读书人还不敢做得的太假 ，所以底线是有的 。 为什么要做低股价 ，主要是公司前景太好 ， （GWY要让高校必需退出 ，不知道是哪个脑残出的馊注意 ，刚好老大又是个不食人间烟火的人 ） ， 所以自然想把公司弄成自己的 ，要是我是管理层也会这么干 。这样你就能理解这几个月的各种花式减持和想办法缩减利润 ，以及不回应疑问来打压股价 。这些都不是风险 ，因为我不做短. 风险是管理层有违法的嫌疑 ，要是真进去了 ，石大还有麻烦的 。
171799531,,72,38,7,5/6,https://xueqiu.com/9236758887/171799531,洛阳钼业 Vs 紫金矿业$洛阳钼业(03993)$   $紫金矿业(02899)$  中国矿业未来的一哥肯定是其中一家 。其它国企都不行了 ，因为逻辑变了 ，未来的矿业只能是全球化的企业 。而国企从思维 ，能力到动力都不适合这个世界 。  矿业从本质上讲不是我的菜 ，风险太大 ，回报只能说可能说还可以 。 在我买股票还只是玩玩的时候 ，在洛钼上赚到了我的第一支5倍股 。虽然没赚多少钱 ，还是开心了一阵子 。 这几年在关注特斯拉 ，自然就绕不过电池和钴的路线 。去年偶然看到洛钼2.04的价格 ，心动就又买回来一点 ，目标也还是5倍 。当天紫金才2.40 ，现在已经5 倍了 。买的时候有那么一瞬间犹豫 。看来历史经验是会害人的 。所以聊聊这两家公司 。  如果必须持有五年 ，在去年买洛钼的那一瞬间 ，我现在应该还会选择洛钼 。长期看紫金和洛钼应该总市值差不多 ，现在1200 亿Vs 2900 亿 ， 差距太大了 ，超过50% 就不合理了 ，好在股市从来不讲理 。  这两家公司很像 ，都有点搞不清是什么性质的公司 ，只是洛钼是鸿商 ，而紫金是陈 。国资好像又都是大股东 。 也都是中国不多的几家矿买的好的公司 。 洛钼是铜钴 ，紫金是铜金 ，都还有一些小玩意 。 洛钼买的点还早一点 。紫金是捡到宝了 。矿是紫金的大 ，但是洛钼的战略意义更重要 。还有一个不同 ，紫金的卡莫阿权益不到50% ，不过今年就可以放量 。洛钼新矿Kisanfu要等两年 ，不过洛钼有90%权益 。以后这几年世界上成本最低的铜都出自这两个矿 。 还有不同就是铜基本不能威胁世界 ，玩家太多 ，钴就不一样 ，至少十年内是新能源的战略物资 。只是讲铜的权益量 ，洛钼比紫金也差不了多少 。 中国的其它铜玩家的矿和这两位比都是垃圾 ，包括五矿花了大价钱买的 Las Bambas ，才0.5%铜 ，年份差一点都不赚钱 。 这个世界 ，矿业是一切工业和科技的基础 ，可矿业从来没有给当地人民带来财富 。有矿的地方都是世界上最穷的地方 。可悲可恨 。 （如果不把石油算矿 ） 。 趁过年把自己持仓的股票都写一遍 ，顺便看一下自己的逻辑对不对 。这是最后一支 。不喜欢或认为不对就一笑了之 ，也欢迎指正 。
172124035,,17,57,9,5/6,https://xueqiu.com/9236758887/172124035,"德州大停电和新能源德州的这几天的严寒造就很多话题 。不过基本都是按自己的思路瞎猜 。 首先德州这次停电跟新能源没什么关系 。停电的主要原因是德州的传统能源电厂没有防冻设计 ，导致很多电厂不能工作 ，需求又急速上升引起的 。本来可以通过电网调配来解决 ，偏偏德州电网又是近乎独立于联邦的电网 。 为什么电厂会停工 ，主要是设计时没考虑极端严寒天气 。这个也可以理解 ，就像我们广东的化工厂也不会考虑冰冻设计一样 。我们公司的德州工厂这一次也全部停工 。 不过这次以后 ，我估计以后美国电厂会强制考虑防冻设计 。 有意思的看一下美国德州的电价 ，应该是世界上最便宜的的发达地区了 ，涨了200倍大概65元RMB/度 。 平时也就三毛钱一度电 ，就这样低的价格新能源还可以在德州飞速发展 。不用担心新能源的未来增长 。而且要是汽车电动化完成了 ，全世界的用电量会增加几倍 。目前电能大概占总能耗的20%, 未来除了轮船和飞机 ，估计全世界的能源消耗都是电能 。至少占80% 。用电量和今天的世界会截然不同 。   @思变通达   @长石123    这一次 ，本来可以让新能源秀一下肌肉的 ，如果特斯拉在德州普及的话 ，每户的特斯拉基本可以维持每户两三天的用电量 。据我的同事讲 ，大概一般住户影响在20到30个小时左右 。满可以用特斯拉的储备电平稳度过的 。可惜德州是皮卡的天下 ，汽油全美最低 。  $保利协鑫能源(03800)$   $特斯拉(TSLA)$   $石大胜华(SH603026)$"
177221804,,31,23,4,5/6,https://xueqiu.com/9236758887/177221804,"中国有色 ：非洲可可托海的牧羊人$中国有色矿业(01258)$  今年春晚没看节目 ，在涮雪球 ，看看有没有什么好的铜的标的 。 偶然看到有人提起春晚的歌曲可可托海的牧羊人 ，于是搜了一下可可托海三号坑 ，一搜吓一跳 ，评论几乎全是耻辱和对苏联老大哥的仇恨 。大概是讲人家挖光了我们家的宝贝 ，才还了苏联的债务和度过了三年自然灾害 。 投资当然是为了赚钱 ，但是也有很多人说 ，投资到最后基本能看出一个人的人品 。最后你买的公司基本上都是和你价值观很像的公司 。 而矿业公司基本上都是残酷的掠夺者 。挖走贫穷地区的宝贝 ，拿出几个钢镚行贿一下当地的官员 。留下的都是坑 。 采矿业又并不是一个利润很高的行业 。可以看一下 @润哥  的帖子 。从业人员基本上都是拿着卖白菜的薪水 ，抄着卖白粉的心 。那么这个矿业的世界到底出了什么问题 。  本人从事的化工 ，对采矿基本不懂 。石油可能会影响我在的行业原料成本 。我们也只是盯一盯 ，其实涨跌最终影响不大 ，最后反而是原料涨的越狠 ，公司利润越高 。这个在我做过的几家化工公司有普遍性 。 讲回正题 ，前几年在研究特斯拉的时候 ，理所当然的看了一下矿业股 ，所以买了洛阳钼业 ，运气还不错 ，上一轮有五倍收益 。去年在股市因为新冠最低潮的时候又买了一点洛阳钼业 ，一年也有200%的收益了 。买的都不多 ，也就赚了个盒饭钱 。 在电动车的逻辑里 ，铜其实是个最稳的标的 。比锂和钴都好 。这些年看过几个标的 ，都不是很满意 ，但是铜的确定性越来越明显了 ，再不买基本上就要错过了 。铜最好的标的应该是去年 （2020-3月 ）我买洛阳钼业时候的紫金矿业 ，当时2.4元 。 之所以没有买 ，两个原因 ，1)我不喜欢金矿 ，2 ）紫金当年出过一次严重的污染事故 。也没什么遗憾 ，毕竟当时也没什么闲钱 ，也买不了多少 。后来看到 @清源折指  的帖子 ，留意到中国有色 ，其实应该叫中国有色非洲有限公司 。铜的当量还不少 。再后来  @价值投机门徒   的一篇关于有色再非洲多年耕耘 ，雇佣最多非洲员工 ，第一个建冶炼厂 ，跟非洲公司本地公司合作开矿 ，建实验室和研究中心 ，一个个看上去不靠谱 ，却又很适合非洲发展的事 。本人不是雷锋 ，也恶心道德绑架 。所以这些还都不是我买它的理由 。 理由是有色2021前景非常好 ，1)矿是小了点 ，不过质地都还不错, 2)有色今年铜权益产能应该有12万吨  3 ）铜价这几年之内应该下不去了 ，利润不知道要翻多少倍 4 ）非洲的冶炼资产利润非常高 ，基本上是当地手抓矿唯一出处 ，高铜价的受益者 ，更国内冶炼资产刚好相反 5 ）连副产物硫酸的利润都非常高 ，高到可以比肩茅台 6 ）2021航运业价钱居高不下 ，估计更多铜矿非洲当地冶炼的需求会出来 。因为上下游都在非洲 ，政治风险小的多 ，除非这个世界开倒车 。当然也不是没开过 。 第一次重仓矿业股 ，写这篇挺久了 ，一直没发 。有色我看到三倍 ，如果有色走运能买到洛阳钼业2020年底买的那样的矿 ，一个就可以直接五倍了 。加油 ，有色非洲的找矿人  $保利协鑫能源(03800)$"
179494599,,8,10,1,5/6,https://xueqiu.com/9236758887/179494599,"终结新冠的疫苗之路虽然许多人只关心投资 ，不过2021是不可能避开新冠疫苗的 。COVID-19几乎影响着所有的行业 。 国内可能感受不到 ，国外现在正是新冠感染的高峰 。  不过也看到了希望 ，最振奋的大概是以色列的数据 ，以色列已经全面开放一个多月 ，前几个星期还因为节日庆祝的人太多 ，发生踩死五十多人的悲剧 。以色列用的是辉瑞的疫苗 。70%左右的接种率 。  英国 ，大部分用的是AZ的疫苗 ，外加一部分辉瑞的疫苗 ，>50% 接种率 ，社会生活逐步开放 ， AZ这个有争议的疫苗救了无数英国人的命 。 德国 ，差不多最好的医疗调解 ，最先搞出辉瑞的疫苗  （BioTech的技术 ） ，没有大规模接种 ，据说是疫苗购买排队太晚 ，老外还是很有意思的 智利 ，接种率非常高 ，效果不佳 ，可以自己搜一下用的是什么疫苗,  最近重新封锁 ，关心它有关心铜价的原因 。 塞舌尔 ，世界上接种疫苗率(>80%) 最高的小国 ，十万人口 ，天然的疫苗实验地, 用的什么疫苗可以自己搜一下 。需要重新封锁"
180781739,,41,32,5,5/6,https://xueqiu.com/9236758887/180781739,蒙古焦煤的逻辑$蒙古焦煤(00975)$   00975 ，我自己学石油化工出身 ，天然是看不上煤和煤化工的 。 在看绿城的时候 ， @人淡若菊   偶尔提起煤的股票 ，有些惊讶 ，也没有太留意 ，在找铜矿 $中国有色矿业(01258)$   同时 ，注意到00975 ，强调一下00975不是能源股 ，也不是煤化工股 ，00975是炼钢原料股 ，而且是国内紧缺的原料 ，而且越来越缺的炼钢原料 ，加上有些决策者又把澳洲的优质原料踢出去了 ，00975的确定性会越来越强 。关于00975  @清源折指   有雄文论叙 。 00975 已经脱离了前几年破产的危险 ，十倍的可能性越来越大 ，留意季报 ，铁路和交易量 ，随时可能爆发 。00975我的入市点很好 ，恰好我看中的时候便宜 ，而且越买越跌 ，越买越多 ，今年收益接近60% ，虽然不高 ，好在向上的空间非常大 ，我应该还会加仓很久 。 最近碳中和很热 ，碳中和可能对煤炭行业有点影响 ，因为能源的形式必然会多样化 。但是这些和焦煤没有关系 ，因为焦煤是钢铁原料 。 目前没有替代的原料 ，未来也不会有 ，除非焦煤涨价100倍 ，原理上氢可以替代成为炼钢还原剂 。不过那时候全行业早疯掉了 。  大宗商品控制价格对焦煤也没有长期的影响 。除非有人脑子坏掉了 。 大部分大宗原料像铁矿石 ，铜矿 ，国内主要靠进口 。控制价格喊喊还能吓唬一下人 。 而焦煤进口只占5% 。原料涨价对钢铁行业成本有影响 。 这部分成本会天然传递到下游 ，而且国内的95%的自己焦煤产量会自然收益 。所以控制焦煤价格 ，除非脑子坏掉了 。有人的脑子经常会坏 ，但也很少会一直坏 。  焦煤还有一个天然优势 ，焦煤和动力煤成本没有区别 ，但是价格相差近一倍 ，任何时候焦煤都有很好的利润 。 而00975居然有近十亿吨露天矿优质焦煤储量 。蒙古离国内钢铁产业也不算远 。24亿港币的市值简直是个笑话 。希望它慢一点涨 ，我可以多加一点 ，目标 *.*% 。 国内的对标 ， $山西焦煤(SZ000983)$
197400556,,33,47,1,5/6,https://xueqiu.com/9236758887/197400556,2020的钱印多了 ，2021的资源当然就贵了今天 $蒙古焦煤(00975)$   终于突破了200% 。 是今年我重仓股里第一个突破200%的. 蒙古焦煤也涨成了我的第一重仓股 。 相信  $保利协鑫能源(03800)$  一定不服气 ，说有种的放我出去 。老朱快点呀 ，黑兄弟都超过你了 。希望01258也快点跟上 。铜可是当今更稀缺的资源 。有钱也没有多的铜可以挖了 。  $绿城中国(03900)$  和03323不要涨太快了 ，我还在多找点钱 ，明年2022的舞台才是你们的 。至于01610 ，你的任务简单 ，今年你就负责跌吧 ，到2023再弄个大的吧 ，告诉别人猪也是有未来的 。到时你敢负责一千亿 ，我就负责**分之一 。
200288716,,43,33,0,5/6,https://xueqiu.com/9236758887/200288716,这个世界不仅有敌我 ，也还有是非好久没发帖子了 ，有人问了很多问题 ，也没有回复 ，这里一并讲了 。 最近其实不忙 ，只是再重温暗黑破坏神 。支持一下暴雪 。因为那时当年在留学生涯最黑暗的时候不多的一点亮光 。没想到当年神一样的公司弄的都快破产了似的 。所以不买游戏公司的股票 。哈哈 。 最近还做了一件事 ，重新签了一下房屋贷款  （一把年纪了 ，还在还房贷 ） 。 准备迎接大通胀时代 。新加坡的房贷可以是浮动 ，也可以三年固定期 ，然后再浮动 。趁着利率还低1.15% 。赶紧有重新签了三年固定期利率 。利率比国内低很多吧 。我用的是中国银行新加坡分行 （BOC ） 。 也很简单 ，写了两个邮件 ，约了个时间 ，前后十分中签好了 。  聊聊股票吧 ，按持仓市值从高到低 ，  $中粮家佳康(01610)$  大概是我亏损最多的一支股票 。也不认为买错了 。那个团队挺靠谱的 ，在猪队友里大概是神一般的存在了 。只要老大江不升职 ，可以一直持有 。他可以像绿城的张学习 ，合法的弄到足够的股权激励 ，比升上去还要舔别人强多了 ，人生其实没那么复杂 ，开心就好 。 也许这会是我收益最多的一支股票 。   $保利协鑫能源(03800)$   ，这是今年最难受的一支股票了 ，主要是没得玩 。希望两万吨投产时候能开盘吧 。对许多不是很坚定的持有者 ，老猪帮你锁仓 ，也许并不是坏事 。作为一支帮我改变了财务格局的股票 ，我也没什么可以抱怨的 ，星辰大海也不是不可能 。  00975 ， 一支今年寄以厚望的股票 ，有点让我失望了 ，虽然新冠不是他的错 ，但是补救措施管理层还是有责任的 ，不就是无人送煤嘛 ，一小段距离没什么难度呀 。讲归讲 ，还是看好这会是我目前持股里收益最高的一家公司 。为了你 ，我可是放弃的石大胜华后面的空间 。 讲讲新冠吧 ， 大概率强制疫苗 ，然后流感化处理 。 新加坡2020/2021已经各六万起病例了 。新加坡的数据大概率是世界上唯一可信的数据 。 死亡率大概0.15% 。去年有一个较健康人群 （客工宿舍 ）的病例54000例死了两例 (0.004%) ，有一例还是癌症末期进的ICU ，然后查出来有新冠 。新加坡这两年病逝的人患有新冠的大概200人 。新加坡流感死亡率大概0.1%. 每年死亡人数远远超过现在的新冠 。 （很多老年人最后都是流感病逝的 ） 。 01258 ，挺靠谱的一家公司 ，矿山铜应该国内前五吧 ，铜矿质量比肩紫金 。 铜冶炼设施都在最理想的位置 ，体量还大 ，副产物硫酸在非洲一直供不应求 。 赞比亚的政治在产铜国里应该属于最稳定的了 。 看好明年分红0.3 。 股价还一直上上下下 ，这是我唯一一家做T的公司 。 增加点乐趣 。  $绿城中国(03900)$   ， 重仓股里最闷的一家公司了 ，地产也不是2021的行业 ，张和郭都挺靠谱的 。 会一直拿着看看国内房地产到底会怎么走 。 因为2000 就出国了 ，错过了国内房产增值的波澜壮阔的20年 。所有这些股票都可以让我安心的拿着 ，便宜了就加一点 ，只是热点不多 ，像我这样每天很空 ，可以看雪球三四个小时的人来说 ，有点太闷了 。 所以最近又趁着的低潮 ，01919 ，00981 ，03323 ，01898 ，01339 ，各买了一万股当观察仓 ，看个热闹 。我一般不持有的股票是不会仔细看的 。 我以前讲过 ，我是学化工的 ，一般不买化工股 ，石大是我买过的唯一一家化工股 ，拿到目标值就出了 ，半年多五倍吧 ，量买的太少没太大意义 ，不过要是知道后来还这么热闹 ，就一直留着了当观察仓了 。 讲化工 ，我还是比较了解的 ，讲一下我最熟悉的一家公司 ，MDI世界巨头之一 ，万华的PO/MTBE从它买的授权 ， 特种胺 ，聚醚胺 世界前三 ，北美不多电池溶剂生产商 ，纺织化学品仅存的巨头之一 ，TiO2分出去之前也是五巨头之一 。常年利润大概80到100亿RMB ，最近市值涨了不少 ，也不过400 RMB ， 国内的热点化工工艺大概都能做 。 （就算它做不了 ，巴斯夫大概都会做 。 ） 小化工公司超过这个值 ，就要想一下了 。 2021的运气不是很好 ，买了猪肉股 ，猪肉大跌 ，又买了房地产股 ，房子卖不出去 ，买了新能源 ，结果停牌 ，买了焦煤 ，结果买中了大概是今年唯一亏钱的煤炭股了 ，买了铜矿股 ，主力矿井刚刚出来事故 ，停产40天抢修 。不过还好 ，还有50%的收益 。也不特别当心哪支股票 。让我们好好看看这个世界的是是非非 。
210770788,,37,47,0,5/6,https://xueqiu.com/9236758887/210770788,蒙古焦煤的春天虎年的第一个交易日让人感受到春天的临近 。 虽然最近新冠还是很疯狂 。第一次快要影响我们的生产了 。不过应该可以平安度过 。新加坡过去五个星期累积10.76万奥密克戎病例 。只有一起奥密克戎死亡病例 。是一位92岁没有打疫苗的老太 。 我也第一次有机会和康复的人谈谈生病的感觉 。 新冠应该到了尾声了 。 蒙古焦煤 ($蒙古焦煤(00975)$)不用看煤炭的脸色 。甚至不用看钢铁的脸色 。它只在乎新冠和铁路的消息 。 新冠是黎明前的黑暗 。铁路已经是黎明 。越来越多的消息指向按计划开通 。2023 的蒙古焦煤会是什么样的 。只要仔细读一下它的年报应该不难预测 。 今天的小涨已经让蒙古焦煤升到我的第二重仓股了 。如果能超越保利协鑫成为我的第一重仓股 。那将是我2018年以来的第四支第一重仓股 。前三支分别是特斯拉 ，中芯国际$中芯国际(00981)$    ，保利协鑫 ($保利协鑫能源(03800)$   ) 。都一样曾经非常痛苦 。 希望第四支能挣到我一辈子的薪水 ，让我从此不用看老板的脸色 。以后的日子只用享受工作和用心找我的第五第六支第一重仓股 。 感谢@清源折指
221708841,,56,49,6,5/6,https://xueqiu.com/9236758887/221708841,"硅料为什么还不跌 ？ 很久没有发帖子了 。 今年股市波动的厉害 ，通胀 ，战争和中国式YQ控制都给这个不确定的世界带来更多的不确定性 。 我的重仓股按照顺序依次是$中国有色矿业(01258)$  ，$蒙古焦煤(00975)$  ，$协鑫科技(03800)$  ，01610 ，大概占到88% ，今年其实没花太多时间在它们身上 。 今年主要在研究09926 ，00981 ，03993 和01898 ， 虽然股权不多 ，但是主要是为了寻找2023以后的备胎 。 最近加了一点03800 ，所以今天聊聊这支改名以后的协鑫科技 。老朱是没什么文化 ，不过尊敬知识应该是发自内心的 。这也是协鑫这些年不停的有创新的土壤 。 从改良西门子 ，切片机改造 ，铸锭单晶 ，电子硅 ，钙钛矿和现在风头最劲的颗粒硅 。今天讲点简单的, 为什么硅料利润高到不合理 ，还维持了这么久 。 硅料主要是能源问题 。这也是过去几年便宜能源的硅料生产商利润都很好 ，其中没有协鑫 。 当然颗粒硅还带来了工艺问题 。但归根揭底还是能源问题 。全世界能源问题2022暂时无解 。中国由于使用了超过全世界一半的煤 ，煤本身又不是一个长腿能源 。 外加FGW的A4纸 。估计暂时全世界没有比中国的煤更便宜的能源 。中国基本垄断太阳能产业链 。硅料又是其中能耗最高的一块 。中国出口太阳能板基本是在出口能源 。这个当然要卖国际能源价格 。国际能源价格没有下调的时候 ，硅料是不会降价的 ，即使过剩 ，也不会 。如果真发生了 ，只能说调控的人脑子进水了 。这种事偶尔会发生 ，但不会一直进水 。 哈哈哈 。 为什么只是第三重仓股 ，这个有历史原因 ，不过03800真的是我的福地 ，这几年给我带来的收益超过700W 。盯住下半年协鑫的开工进度和能源价格 。相信不会让人失望的 。找到钱我还会加一点 。"
222101025,,7,7,1,5/6,https://xueqiu.com/9236758887/222101025,2022高考数学难吗 ？来看一眼国外的高考数学这是我儿子2020年底A level H3数学原题 ，类似国内高考 。高中数学分H2 ， H3 和Further Math. H2是基本数学 ， H3 数学增加难度 ，Further Math增加部分高等数学内容 。 对数学有兴趣孩子的家长可以让孩子观摩一下A水准会考的数学难度 。 新加坡考完试 ，试题可以带出考场 。因此不可以提前交卷 ，但是可以睡觉 。哈哈哈
232611478,,21,6,0,4/6,https://xueqiu.com/9236758887/232611478,"蒙古焦煤2019回顾上班闲的慌 ，翻了翻$蒙古焦煤(00975)$ 的2019年的财报 ，为YQ结束做准备 ，哈哈哈 於二零一九年 ，本集團向其位於中國及蒙古國的客戶合共出售5.1百萬噸煤炭產品 ，較去年增加 7.7% 。依煤炭產品類別劃分如下 ：(i)4.0百萬噸硬焦煤 ；(ii)0.6百萬噸半軟焦煤 （ 「半軟焦煤 」 ） ；及 (iii)0.5百萬噸動力煤 截至二零一九年十二月三十一日止年度 ，硬焦煤的平均售價 （ 「平均售價 」 ）為每噸140.0美元 ， 2019年近利润1 亿美元左右 。 下面的2019进口量 ，蒙焦产量和YQ前运输成本 。可以参考 。2022不同的是焦煤价格翻天复地 ，澳洲焦煤出局, 和YQ"
232862216,,27,26,2,4/6,https://xueqiu.com/9236758887/232862216,"协鑫的产能和折旧$协鑫科技(03800)$ , 今天想买的03800和$蒙古焦煤(00975)$  都买到了 。心情好 ，学雷锋 。 Q2 结束 ，协鑫名义产能 ，徐州4.5+6.0 万吨  （100% ） ，新疆6.0万吨 （52%) 。 Q3 乐山基本忽略不计 ，停电加上只有2万吨爬坡 。 Q3徐州的6万吨颗粒硅有3万吨在爬坡, 6月22才开工 。Q3看看徐州棒状硅1.44万吨 ，(实际年化产能5.76万吨,128%). Q3颗粒硅1.17万吨 ，假设前期1+2 万吨满产 ，应产出0.75万吨 ，后3万吨爬坡产能 ，=0.47*4=1.88  万吨年化 。 验证10月10日 ，颗粒硅251吨 ，徐州188吨 ，乐山63吨 ，年生产日按320天/年 or 7680小时/年 ，刚好6万吨和2万吨 。 新疆产能6万吨 ， Q3产出棒状硅1.62万吨 ，实际年化产能 ，6.48万吨 ，108% ） 乐山现在还不需要折旧 ，折旧通常开工完成以后开始算 ，通常以季度来算 ，不然公司会计要累死还没有意义 。徐州应该折旧完毕了 。 乐山折旧大概多少 ，来估算一下 ，80亿投资 ，资本利率8%来估算 ，8年折旧周期来估算 ，一吨大概1.8万元 ，相对30万元卖价 ，占6% 。相对5.4万元总成本 ，占33% 。 估计 ，最终成本 ，原料45% ，能源15% ，人工7% ，折旧33%. 这数据估计老朱都不知道 ，哈哈哈"
238987473,,52,35,2,4/6,https://xueqiu.com/9236758887/238987473,你好20232022终于过去了 ，一言难尽 。最后两个星期 ，国内的十个亲人 ，全部阳了 。幸亏物资准备的还算早 ，没有手忙脚乱 。都顺利渡劫了 。 2022投资还算平稳 。年终14.2%的收益 。虽然低于预期 。不过持仓股权量平均增加了25% 。所谓熊市赚股吧 。 主要的收益来自$中国有色矿业(01258)$  ，$蒙古焦煤(00975)$  ，还有无心插柳的康方生物 。最大的损失应该是$协鑫科技(03800)$  。(协鑫目前还是我第一盈利股 ，几年总盈利540W) 2022最成功的操作应该是在恰当的时候把绿城和家佳康换成了中煤和有色 。最遗憾的操作是在康方生物低点的时候加仓太小 ，不然我的第五只重仓股就有着落了 。而且对我的投资的多样性也是一个很好的提高 ，希望2023 还有机会 。如果各位有其他好股 ，感谢分享 2023我的持仓主要看点在蒙古焦煤 。希望它不负我第四支重仓的厚望 。不是很担心 。 我自己2018年升职失败 ，闲的没什么事干 。刚好2017买了房子 ，也需要钱 。于是用买房交完首付剩下的200W正经的买点股票 。以前每年也买点 ，因为量太小 ，无关大局 ，也没有记录 ，不过2017首付的钱应该大多来自股市收益 。2018以后 ，投资从爱好变成了主业 ，工作没什么挑战 ，也不想看别人脸色 ，就不思进取了 。不过化工整个行业进步缓慢 ，也就安心的闲逛 。2022所在的工厂利润还创纪录 。 分享一下这几年投资收益 ， （资金量小 ） 2018 18.7% 2019 59.8% 2020 139.1% 2021 42.0% 2022 14.2% 2023目标收益75% 。把2022 的补回来 。账户达到20倍年薪 ，彻底不用看老板脸色 。最好能找到第五支重仓股 。好像在许愿 ，哈哈哈
239076379,,44,31,4,4/6,https://xueqiu.com/9236758887/239076379,"2023 我为什么要重仓蒙古焦煤$蒙古焦煤(00975)$ 蒙古焦煤第一次加仓是2021年 ，从一开始的几万股观察仓 ，迅速的加到重仓到现在的第一股 ，花了两年时间 。虽然也赚了15%, 远低于同期的我的其他股票 。仔细的看了又看 ，几乎读完了互联网上所有关于蒙古焦煤的中英文消息 。2023 应该是收获的季节了 。 2022财报应该是一个重要的节点 。我估计2022年蒙古焦煤应该有2.5亿美元的EBITDA. 以现在的蒙焦的能力 ，正常利润应该在5亿美元左右 。疫情造成的运输困难是这几年蒙焦的困境所在 ，而在这个过程中 ，双方的各种利益博弈放大了这个困境 。好在2023一切都像个笑话 ，一夜之间不见了 。 2023的主要矛盾是需求 ，价格 ，成本和焦煤品质 。 2022的俄乌战争放大了各国对基本工业和能源的独立性需求 。日韩印应该都会坚持自己的钢铁工业 。他们对焦煤的需求应该会持续增长 。特别是印度 。基础经济已经世界前五了 ，钢铁工业会起飞的 。 这会造成国际焦煤的需求持续的偏紧张 。 2023蒙古会和中国进一步融合 ，至少矿业是 。铁路完成以后 ，蒙古焦煤可以进一步供应日韩 。 目前产能一年1500万吨原煤 ，1000万吨精焦煤 ，100万吨高卡动力煤 。四亿美元的负债应该在2023还清 。2024市值应该不会少过100亿港币 。"
239267978,,106,130,10,4/6,https://xueqiu.com/9236758887/239267978,2023的能源发展 先讲结论 ，能源的最终利用形式应该是电能 。十年左右内燃机应该谢幕了 。电能的来源形式会是多样化的 。各国之间的能源鸿沟会越来越小 。 如果认同最终能源基本是电能 ，那么所有的能源是可以做基本比较的 。 第一个可以排除的是氢能源车 。技术太复杂 ，电池车该有的除了电池小点都有 。还要有储氢和用氢发电的电堆系统 。氢本身又是一个工程非常不友好的物质 。过去的工作中 ，第一份工作生产氢气为副产物 。第二份工作年用氢气80000吨. 现在的工作也用到超高压氢 。现在的兄弟单位还是世界少有的液氢的化工使用者 。总之 ，这个想法太天真 。甲醇都比它好无数倍 。  第二 ， 如果能源最后的利用形式都是转换成电能 。那么天然气 ，石油和煤炭之间的成本差异就主要是运输 ，二氧化碳排放和废处理 。他们之间的热值换算价格以标煤100美元/吨 天然气 MWH ， 16美元/MWH 石油 (以10800 千卡/kg 为标准) 27美元/桶 煤炭 吨 (以5400 千卡/kg为标准) ，100美元/吨 在热电厂这些燃料是可以互换 ，只是需要一点改造成本 。  第三 ，长期来看大部分石油公司前景堪忧 。天然气和煤炭在运输成本以内合理流通 。如果除非碳税非常高 ，那么天然气会多流通一点 。那么水 ，核 ，风和光都能活得很好 。在等待核聚变的几十年里 ，能源武器化的威力会越来越小 。 石油重要性会迅速的降低 。煤和天然气继续是热电的主要能源 。油价涨不起来 ，煤价跌不下去 。他们的价值向能量本身靠拢 ，最多煤价值打八折 。 因为没了内燃机这个大户 。 第四 ，电网的稳定性中美都可以利用抽水电站解决 。短期的稳定性特斯拉有很好的解决方案 。包括特斯拉的车载电池都可以救急 。如果有了明显的峰谷差价 ，加上大量的电池车 ，估计未来的峰谷用电量会差不了太多 。外加光伏发的电刚好是用电高峰时段 。世界能源几乎可以完美通过技术解决 ，而不是像以往纯粹的依靠资源 。 有人认为电的来源不清洁 ，电车不环保 ，有很多人既是这么想的也还是这么说的 。我家的油车S80的能耗大概是特斯拉 Model 3的7倍 。新加坡一个星期的用车成本大概是10倍 （SGD180 Vs SGD18 ）. 电车最大的环保在只消耗了油车14%的能源而不是电来源更清洁 。 作为曾经的石油工作者 ，建议投资能源向煤和技术能源靠拢 。技术能源 ，风 ，光 ，核应该前景都还可以 ，这也是今后没有石油天然气国家的福音 ，包括中国 。仔细的查了一下 ，好像全世界大的玩家 ，谁都不缺煤 ，除了巴西 ，我估计它也不缺 ，只是没有数据 。 我没有重仓煤 ，是因为错过 ，只是去年加了一些$中煤能源(01898)$ 。我也许会会在恰当时候把卖掉的$特斯拉(TSLA)$ 加回来 。我重仓了蒙古焦煤 并不是为了能源价值 ，我有$协鑫科技(03800)$ 主要是看中它的科技成分 。 希望中国的光伏企业不要卷 ，如果真的卷 ，就加收每度电一元的高能耗附加费 。不然辛苦卷的价值都被下游用户特别是欧美的用户拿走了 。 本人 ，某大学石油加工专业毕业 ，第一份工作是中石化的炼油厂 ，然后来了新加坡 ，后面在美国 ，瑞士 ，德国和美国的化工企业间游荡 。自认每家公司都做了一些特别的贡献 。我自己目前是风电价值链的化工原料供应商 。我对能源和化工应该还是有些认识的 。不过像绝大多数人一样 ，应该只是管中窥豹 。
240790139,,46,6,1,4/6,https://xueqiu.com/9236758887/240790139,"《满江红 》背后的真实历史 ，是想不到的悲凉1月27日 ，是岳飞的忌日 。转一篇Meiyangren 文章 ，来自wenxuecity, 链接不通 ，复制全文 ，人性远比想象的恶毒 九百多年前的绍兴十一年十二月二十九日 ，也是公元1142年1月27日 ，南宋抗金名将岳飞在大理寺狱中被杀害 。一同被冤杀的 ，还其其子岳云 ，以及部将张宪 。 最近电影 《满江红 》热映 。电影还没去看 ，但 《满江红 》这首词是读过的 。 以前读 《满江红 》 “仰天长啸 ，壮怀激烈 ”时 ，总会为岳飞蒙冤遇难义愤填膺 ，为南宋自毁长城扼腕叹息 ，但也有时忍不住纳闷 ：南宋偏安一隅 ，外有寇仇强敌 ，江山未稳 ；况且岳飞功勋卓著 ，威望甚隆 。 “撼山易 ，撼岳家军难 ” ，凭秦桧一人之力 ，即便有赵构支持 ，又如何能轻易且无后顾之忧的诛杀手握重兵的岳飞 ？以 “莫须有 ”的名义杀一大将 ，就不怕民意沸反盈天 ，政局失控 ？ 后来 ，翻阅史书时却发现 ，与文学作品的热血与慷慨比较起来 ，真实的历史 ，往往要悲凉得多 。 冤杀岳飞 ，是一场从上到下 、从外到内的合谋 。参与这场合谋的 ，不仅有同朝为官的文臣武将 ，还有一同血战沙场出生入死的袍泽兄弟 。 首先是来自老领导的暗算构陷 ： 张俊 ，与岳飞同为 “中兴四将 ” （韩世忠 、岳飞 、张俊 、刘世光 ）之一 ，还曾是岳飞的老领导 。绍兴元年 （1131 ） ，岳飞在张俊麾下效力 。张俊很欣赏岳飞的作战能力 ，在讨伐李成时 ，张俊上奏朝廷 ，称岳飞有大功 ， “飞功第一 ” 。 张俊对岳飞 ，有提携栽培之恩 。岳飞后来独当一面 ，对张俊也颇为尊重 ，还曾在一次作战后特地挑选了两艘大型战舰 ，连同舰上作战人员服务人员一起送给张俊 。 但是 ，当敏感地察觉到岳飞要被收拾了 ，张俊便主动心甘情愿地当起了帮凶 ，对老部下动起了刀子 。他派人伪造了一封岳飞写给岳云的书信 ，想要以此作为谋发证据构陷岳飞 ，置其于死地 。 踩着岳飞的血 ，张俊后来邀功上位 ，大肆兼并土地 ，占有海量房产 ，每年光收租米就多达六十万石以上 ，收房租七亿三千万文钱 ，号称 “占田遍天下 ，而家积巨万 ” 。 其次是生死袍泽的背叛和反戈一击 ： 张俊的这封伪信 ，如果由张俊本人交给朝廷 ，难以服众 。堡垒需从内部攻破 ，最合适的人选 ，还得是岳家军的人 。 很快这个人就出现了 。王俊 ，岳家军前军副统制 ，为张宪部下 。这是一个泼皮油子 ，常以打探告发别人隐私获利 ，被张宪多次责骂 ，一直也没有得到升迁 。 张俊便派人收买他 。王俊见有利可图 ，便一口应承下来 。 但是要想扳倒岳飞 ，王俊的份量显然还不够 。很快 ，另一个人出现了 。王贵 ，岳飞麾下中军统制 ，爱将兼同乡 ，岳家军的二把手 ，与前军统制张宪是岳飞的左膀右臂 。 张俊找到王贵 ， “使人诱之 ” ，但王贵不从 。张俊便使出下三滥手段 ，以王贵的隐私相威胁 。史书上没有记载究竟是什么隐私 ，但一定是很要命的 。宋史记载 ： “桧 、俊不能屈,俊劫贵以私事,贵惧而从 。 ” （秦桧 、张俊不能使他屈从 ，张俊用王贵的隐私威逼他 ，王贵恐惧而服从 。 ） 背叛岳飞的 ，只有王贵与王俊吗 ？ 非也 ！ 傅选 、董先 、庞荣 、姚岳等多位岳家军中的高级将领 ，纷纷在张俊的诬告信上签字画押 ，联合揭发举证 ，指认岳飞意图谋反等罪 。 岳飞估计至死都不会想到 ，这些曾经同生共死的兄弟 ，会在关键时刻反戈一击 ，置自己于死地 。 最为令人不齿的 ，是姚岳 。姚岳为陕西人 ，靖康之变 （1127 ）后逃离关中地区 。岳飞母亲姓姚 ，与姚岳偶遇后 ，觉得有缘 ，便留他在军中效力 ，视为亲信 。 没想到在岳飞被冤杀后 ，姚岳却向秦桧主动递上 “投名状 ” ，极力表示自己要与岳飞划清界限 。他还恬不知耻地向秦桧建议 ，岳州 （今岳阳 ） “以叛臣故地 ，又与其同姓 ，应当改名 ” 。 经过姚岳的一番努力 ，岳州被更名为纯州 ，而岳州的驻军则从岳阳军更名为华容军 。 最后是满朝文武的沉默和落井下石 ： 岳飞于大宋有功 ，是国家栋梁 ，杀岳飞 ，无异于自毁长城 。但是 ，岳飞下狱后 ，满朝文武中 ，采取实质性的措施去帮助岳飞的 ，寥寥无几 。 即便是与岳飞同为中兴四大将的韩世忠 ，在得知岳飞有难时 ，也只是闯入秦桧相府慷慨陈词一番后 ，便没有了下文 。 说起来 ，韩世忠的命还是岳飞救下来的 。 秦桧和张俊最先想整死的人 ，不是岳飞 ，而是韩世忠 。 张俊与韩世忠是亲家 ，韩世忠的次子娶了张俊的次女 ，张俊第五子又娶了韩世忠的小女儿 。两家交情一向不错 。 秦桧与韩世忠有仇 ，便与张俊合谋 ，想要除掉韩世忠 。张俊见利忘义 ，哪还顾得上亲家情谊 。 但韩世忠手握重兵 ，能征善战 ，又曾经救过赵构的命 ，秦 、张两人也没有把握能除掉韩世忠 。 张俊便拉拢岳飞 ，商量一起干掉韩世忠 ，然后瓜分韩世忠的军队 。 但岳飞为人正直 ，耻于干这种落井下石之事 ，断然拒绝了张俊的请求 ，并且将这一消息透露给韩世忠 。 韩世忠很害怕 ，便赶紧进宫面圣 ，见到赵构后便跪地痛哭 ，亮出身上的伤痕 ，还有断掉手指的手掌 （韩世忠的双手 ，只有4个手指是健全的 ） ，以表明自己的忠心耿耿 。 韩世忠曾经在苗刘兵变 （1129年 ）中救过赵构的命 。看到当年的救命恩人一把鼻涕一把眼泪在自己面前求饶 ，赵构也一时语塞 ，便好言安抚 ，并且承诺绝不会杀他 。 经过这样一哭二闹 ，韩世忠的安全有了保障 ，但他的这一举动 ，却是把岳飞给卖了 。 自此 ，张俊与秦桧 ，对岳飞更加恨之入骨 。 韩世忠 ，欠着岳飞一条命 。 等到岳飞有难时 ，韩世忠质问秦桧 ，岳飞有何罪 。秦桧回答说 “莫须有 ” 。 韩世忠诘问 ： “莫须有三字何以服天下 ？ ”然后 ，拂袖而去 。 这是韩世忠为岳飞做的最大努力 ，也仅此而已 。 中兴四大将的韩世忠尚且如此 ，朝堂上下更无其他人为岳飞说话了 。 经常看到有文章说 ，岳飞的死讯传出 ，全城百姓哭泣 ，全军将士悲愤 。我对此是心存怀疑的 。 岳飞父子被杀后 ，为其鸣冤者寥寥无几 。反倒是曾与岳飞有过交往的众人纷纷与岳飞划清界线 ，控诉岳飞有图谋不轨罪行的奏章多如过江之卿 。 甚至在岳飞妻儿被流放到岭南时 ，生活非常窘迫 ，还有当地官员上书朝廷 ，建议取消对岳飞遗属的口粮供应 ，饿死他们 ，以彻底将岳家斩草除根 。这个奏章把秦桧都吓了一跳 ，觉得太过卑鄙龌龊 ，没有答应 。 后来的南宋学者王明清在 《玉照新志 》中记录了此事 ，气得大骂说 ： “士大夫为官爵所钓 ，用心至是 ，可谓狗彘不食其余矣 ！ ” 岳飞被冤杀 ，秦桧 、张俊罪不可赦 ，但满朝文武的手上 ，也是个个都沾着血 。 黑夜中 ，几个小人物点亮微弱的萤火 ： 可怜岳飞一生英雄忠义 ，却遭无良陷害 。那南宋朝还有男儿吗 ？ 有 ！ 刘允升 ，一个平头老百姓 ，没有任何官职 ，跟岳飞素无交情 。刘允升在听说岳飞被捕后 ，认为岳飞是被冤枉的 ，不能杀 。 刘允升没读过书 ，不识字 ，便让同乡代自己写下万言书 ，按上血手印 ，上书朝廷 ，为他讼冤 。 秦桧恼羞成怒 ，将刘允升抓了起来 ，随后便将其处死 。 史官记下了刘允升的名字 ， “布衣刘允升上书讼飞冤 ，下棘寺以死 。 ” 隗顺 ，临安的一个小狱卒 。 岳飞入狱后 ，故旧亲友纷纷划清界线 ，避之唯恐不及 。到岳飞被冤杀后 ，尸体就躺在冷冰冰的大狱中 ，腐烂发臭 ，无人问津 。 隗顺以前不认识岳飞 ，但他不忍看英雄的遗体被丢弃在大理寺狱中任人践踏 ，便冒着生命危险 ，在一个深夜 ，躲过守卫 ，将岳飞的遗体背出杭州城 ，埋在钱塘门外九曲丛祠旁 。 为了日后辩识 ，隗顺将岳飞生前曾佩戴的玉环系在遗体腰间 ，又在坟前栽了两棵桔树作为标记 。 做完这一切后 ，隗顺把这件事深藏心底 ，从不对外说起半个字 。直到临终之际 ，隗顺才告诉儿子 ，并且嘱托儿子保守秘密 ，等到将来冤案昭雪的那一天 。 二十年后 ，绍兴三十二年 （1162 ）宋孝宗赵眘继位 ，降旨为岳飞平反 ， “追复原官 ，以礼改葬 ” 。这时才想起 ，岳飞的尸首不知所踪 。 这时 ，隗顺的儿子才将其父安葬岳飞的事情告知官府 。官府找到岳飞遗骨 ，迁葬于杭州西湖栖霞岭 ，即今天的 “宋岳鄂王墓 ” 。 隗顺的义举 ，在史书中留下了很简短的一句话 ： “岳鄂王死 ，狱卒隗顺负其尸 ，逾城葬于九曲丛祠 。 ” 九百多年前的1月27日 ，岳飞遇害 ，临刑前留下八个字 ： “天日昭昭 ，天日昭昭 。 ” 这是一个暗无天日的至暗时刻 。 在全天下都在纷纷与岳飞撇清关系 ，或为虎作伥 ，或落井下石 ，或噤若寒蝉时 ，几个小人物 ，顶着血雨腥风走进了历史 。他们凭借一己之力 ，为精忠报国的英雄保全了最后的尊严 ，也为那个黑暗时代托住了最后的道德底线 。 他们或许不懂什么政治权谋 ，也不懂什么宏图伟业 ，但他们的勇气 ，足以让那些满嘴仁义道德的士大夫们感到羞愧 。 谌旭彬老师说 ， “宏大词汇里的慷慨激昂未必能推动时代进步 ，具体而微的坚守与抗争才是文明生生不息的重要根源 。 ” 刘允升和隗顺 ，这几个不被多少人知道的小人物 ，凭借朴素的良知和一腔孤勇 ，在那个风雨飘摇黯淡无光的黑暗时代点亮了几点微弱的萤火 ，也让今天的人们 ，在回顾那段悲凉彻骨的历史时 ，会稍稍有一点点温暖 ，而不至于完全绝望 。"
243011036,,95,174,11,4/6,https://xueqiu.com/9236758887/243011036,"2023协鑫科技的春天群里又有一群人拼命替$协鑫科技(03800)$ 操碎了心 。上个星期忙着陪老板 ，忙得都没时间看股票 。居然账户涨了 。心情大好 ，今天学雷锋 。聊聊协鑫科技的一些话题 。虽然我今年的主战场是$蒙古焦煤(00975)$  我算得上是协鑫科技的老人了 。虽然持股不算多 ，万分之一 。好在买的便宜 ，中间减持过一些 ，最近又加了一些 。总的还是负成本 。协鑫今天还是我的第一累积盈利股 。直接话题 ，全是个人见解 。一笑了之 1)      所有创新都不容易 。那些抄着别人创新 ，还嘲笑别人这个没做好 ，哪里可以改进是很LOW的人或公司 。如果明白这一点 ，对协鑫至少有点敬重 。协鑫由于历史原因基地在江苏 ，电价贵 ，人工成本高 。协鑫做过无数努力 。当然这不是我买它的理由 。有了创新这个背景 ，就很容易理解为什么协鑫的目标总是会延迟达至 。这一点要对他们宽容一些 。看看最牛的公司特斯拉也几乎从来不能按期完成目标 。 题外话 ，国内基本没有真正的创新 ，几乎所有行业 ，所有公司 ，所有奖项 。真正的创新指的是没有你 ，世界会不一样 。大部分公司都只是做到极致卷死其他人 。 2)      颗粒硅到底怎么样 。认清协鑫是西门子冷氢工艺的先行者 。2020年以前一直是硅料老大 。新疆协鑫质量成本也都很好 。它还铁了心搞40万吨颗粒硅 （已开工建设 ） 。甚至徐州要拆西门子改颗粒硅 。正常想想 ，又不是几个亿小钱而是几百亿的项目 。而且是一群人的钱 。应该靠谱 。 3)      颗粒硅质量到底怎么样 。先讲结论 ，最后质量应该优于西门子 。为什么 。任何结晶的过程杂质很难参与结晶 ，所以晶体都很纯净 。棒状硅本身质量很好 。可惜不能直接用 。这个破碎的过程还真挺原始 。所以总金属含量就高了 。哪怕原本只有1ppbw的棒状硅 ，最后总金属也在5~7ppbw. 这也是为什么都吹自己是电子级 ，却都只能用在太阳能 。中环直接说目前只用进口的瓜子料来做量产的N型 。可以自己搜一下瓦克的硅料图片 。跟国内西门子长的根本不一样 。倒是和颗粒硅很像 。前几天有人问什么是ppbw. ppb指十亿分之一 。w指重量. 常见还有体积v和原子数a 。 重量浓度对西门子法极不友好 。因为一个钨原子有15.25个碳原子重 。 而颗粒硅的没有重金属原子问题 。 最近一大堆人在讲颗粒硅质量分布 。到底是1pppw,3ppbw,5ppbw. 其实连续的生产质量会越来越好 。新装置最差 ，原因很简单 ，新设备在制造过程有切割 ，焊接 ，装配 。有很多金属碎屑 。这个我是专家 。开始差 ，用一段时间以后随着生产过程都带走了 ，自然会好起来 。所以现在每个月数据都差别很远 。因为不停的有稳定有新投产 ，人家也不会告诉你详情 。我自己连老板都不告诉他 。免得他烦我 。长远看 ，生产稳定以后 ，颗粒硅会好于西门子 。 除非西门子找到方法不用钨锤 。 4)      协鑫乐山投产为什么这么慢 。其实还好 ，首先你要记得协鑫2021 连5亿美元债都还不起 。资金不充裕的项目不可能快 。这个是常识 。其次是新技术 ，新工艺 。外加八月断电 ，十二月疫情 。按我的标准做的挺好 。比我现在公司强 ，也比我知道的公司强 。比特斯拉强多了 。 5)      颗粒硅技术扩散整么办 ，老朱这一次做的还可以 。直接投到过剩 。看还有谁再投 。不行 ，还有法律 ，再不行 ，还有高启强嘛 。 碳税上有好消息 。欧洲都EU100/吨, 颗粒硅每吨大概可以减少20吨碳排放 。  就算以后咱只赚省的税钱 ，也不少 。还有什么问题 ，随便问 。哈哈哈"
245694820,,27,29,2,4/6,https://xueqiu.com/9236758887/245694820,"蒙古焦煤的2022 & 2023蒙古焦煤2022&2023 理解$蒙古焦煤(00975)$ 的2022年主要要看疫情和运输 。财报很乱 ，实际的情形也许更乱 。 2022财报 ： 1)      生产 ： 最简单 ， 大概3.00百万吨精焦煤 。前面五个月停工 。六月开始慢慢恢复生产 。 2)      销售 ： 2022 实际销售大概3.74百万吨. 可以看每个季度的运营报告 。 3)      运输 ：2022年度销售4.7百万吨 ，上半年0.9百万吨 ，下半年3.8百万吨. 这应该是指运输送货的量 。可以看2022财报 。 其中 ： 蒙古自己0.5百万吨 ，免费 ，TTT自提 中国客户4.2百万吨 ， UHG客户自提                                                                         0.7百万吨. USD 127 UHG运输到THK再到GST ，然后第三方运输到GM ，             1.4 百万吨. USD 145 UHG运输到THK再到 GM ，基本都是自有车队(少量第三方) 2.1 百万吨. USD 169 (USD 157) 4)      价格 ： 上面已经标好了 。从生产远低于运输 ，大概可以猜到为什么价格远低于市场价 。主要是运输不畅 ，八月前都是积压的堆煤 。还有违约的风险 。客户都是付的预付款 。所以价格远低市场价 。其实可以理解 。这些预付款帮助00975度过了最危险的疫情期间 。2023的价格基本恢复到市场价 。蒙古海关价 USD 200. 这个价格应该很稳定 。中方合情合理的把关税免除了 。 （只有稀缺和不足才会这么干 ） 5)      成本 ： 很乱却合情 。 2022本身就太乱了 。 开采和加工成本 ： 18+6 USD    吨原煤 自有运输成本 ：      24 USD        吨精煤 政府特许权 ：          20 USD         吨精煤  按市场价收取 人工成本 ：               30.0 Million USD 财务成本 ：               40.0 Million USD 主要来自4.4 亿美元优先票据 年利9.25% 销售及分销成本        2.4 Million USD (主要指中国境内相关费用) 2022所得税为      负 4.2 Million USD 以后为25% 2023 预估 有效产量 ：7.0 百万吨 精焦煤 ， 1.0 百万吨 6200卡动力煤  （用2022Q4产量预估 ） 售价 ： 精焦煤200 USD.    动力煤 ，免费送TTT ，总收益 14 亿美元 开采和加工成本 ：       3.36 亿美元 自有运输成本 ：         1.68  亿美元 政府特许权 ：             1.20 亿美元 人工成本 ：                  0.35 亿美元 财务成本 ：                  0.35 亿美元 所得税及其他成本 ：2.00 亿美元.      每股盈利3.75 HKD ， 2023 。  我愿意出3 PE ，又加了点 ，剩下的加给$协鑫科技(03800)$ , 我要看老朱的底牌 。"
249182753,,25,45,1,4/6,https://xueqiu.com/9236758887/249182753,"焦煤价格跌跌不休 ，蒙焦还挺得住吗焦煤价格不停的下滑 ， 2023 的$蒙古焦煤(00975)$ 还挺得住吗 2022的年报刚出 。各项成本可以仔细的评估一下 。2023的能源价格和疫情都比2022好很多 。用 2022 的数据应该足够保守 。焦煤全部用最近线上交易价格 ，不含增值税和短盘运输 。这样误差比较小 。 2023 精焦煤600万吨  （约50%洗出率 ） 。其他中煤免费 ，不参加估值  开采和加工成本 ：17.8+5.2 USD    吨原煤 自有运输成本 ：     7.2 USD        吨精煤 政府特许权 ：         8% 精煤 线上交易价 行政开支 ：              30.0 Million USD  （2022 ， 24.8 ） 财务成本 ：              35 Million USD 主要来自3.5 亿美元优先票据 年利9.25% ，估计还会下降 其他费用 ：              35 Million USD (2022 基本没有 ，这里保守一点 ，假设比行政开支还多) 2023所得税为          25%  （2022 基本没有 ）  如果2023 线上交易价为 1150 RMB/吨 ， （Q1 应该在1300 RM/吨. 假设 RMB/USD=6.8 ）  2023 利润应该是 ： 毛利 ：    1150/6.8-(17.8+5.2)*2-7.2-13.3=102.6 USD*6,000,000=612,000,000 美元 净利润 ：612,000,0000  - 100,000,000=512,000,000*0.75=3.84 亿美元  如果2023 线上交易价为 995 RMB/吨 ， （Q1 应该在1300 RM/吨. 假设 RMB/USD=6.8 ）  2023 利润应该是 ： 毛利 ：    995/6.8-(17.8+5.2)*2-7.2-11.6=81.5 USD*6,000,000=489,000,000 美元 净利润 ：489,000,0000  - 100,000,000=389,000,000*0.75=2.92 亿美元  995 RMB精焦煤对应的国内精焦煤价格大概是1300 RMB ， 对应的6000 大卡动力煤价格650 RMB 。安全垫应该是足够厚 。 这一切的前体是出口量要600百万吨 ， 短盘运输价格不要疯 大概200 RM/吨 。  蒙焦2022的GM目的地交货 ，焦煤价格大概在145美元 。 实际现金流会比以上好20美元/吨 ，因为折旧没有现金开支 。2023现金流会比净利多1.2亿美元 。到2023四月底 ，蒙焦手头的现金应该有2.6亿美元 。2024年的3.5亿美元债应该是小意思 。"
261118184,,19,27,2,4/6,https://xueqiu.com/9236758887/261118184,什么是努力 ？这几天这个词很火 ，但是大多人讲的都是忙 ，还有很多人只是不思考的忙 。很多人可能搞混了瞎忙和努力的区别 。而且成功和努力中间还隔着一个巨大的幸运鸿沟 。 努力是一个人为了让她在乎的事务更美好一点而做的不断自我挑战和坚持 。 内卷和努力也没什么联系 。 最近$蒙古焦煤(00975)$ 不错 ，估计我应该可以靠它退休了 。目标普通中产一辈子的薪水 。这当然不是靠瞎忙得来的 。 $协鑫科技(03800)$ 本来应该比蒙古焦煤有更好的收益 。协鑫还真的是挺努力的一家公司 。不过碰上中国的国情 ，外加TW这个卷王 。估计最后大家一起苦哈哈 。好在成本几乎为零 。那就陪着玩吧 。权当作蒙焦的保险 。 手上的中国有色清的差不多了 。还是很看好铜 。手痒买了点$金川国际(02362)$ ，希望Musonoi一切顺利 ，也给刀郎一点面子 。 最近还加了一点中电华大科技 ，和前面几支风格不一样 。自我挑战一下 ，就当做个种子 。哈哈哈
266819566,,46,45,2,4/6,https://xueqiu.com/9236758887/266819566,2024年的蒙古焦煤值多少钱闲的无聊 ，算算明年的蒙焦值多少钱 。 $蒙古焦煤(00975)$ 蒙焦有效产能 ：7.0 百万吨 精焦煤 ， 2.0 百万吨 5500卡动力煤 2024售价 ： 精焦煤180 USD(税前)/1312 元.  （今天的拍卖价是1510 ，送货日期2024年2月 ） 动力煤 ，50 USD ，总收益 13.60 亿美元 开采和加工成本 ： 3.36 亿美元 自有运输成本 ： 1.00 亿美元 政府特许权 ： 1.20 亿美元 人工成本 ： 0.45 亿美元 财务成本 ： 0.50 亿美元 其他成本 0.50 亿美元 EBITDA ： 6.60 亿美元 所得税及其他费用 ：2.00 亿美元. 2024 净利润 ：4.60 亿美元 ，35.88亿港币 ，每股盈利3.44 HKD ， 2025年四月每股分红1.00 港币 (29%分红) 。2024蒙古焦煤股价应该在8到10元 。
272193851,,108,73,1,4/6,https://xueqiu.com/9236758887/272193851,2023这孤独的十二月 十二月 ，儿子和同学去滑雪 ，女儿和太太回国看外公外婆 。自己一个人和一只傻猫留守新加坡 。今天晚上不想做饭 ，走去荷兰村吃晚饭 ，发现建了几年的商场居然开业了 ，很热闹 ，虽然我没什么心情 。才猛然想起今天是平安夜 。新的商场里吃的选择挺多的 ，可能自己是一个很无趣的人 ，走了一圈 ，选了一个越南人开的面馆 ，吃了一碗牛肉面 。这大概是我人生中最孤独的十二月和平安夜 。但愿所有人平平安安每一年 。吃面的时候 ，刷着雪球 ，第一个推给我的新闻是刘纪鹏被免职了 。距离他禁言大概两个星期 。都不知道该说啥 。太没有家教了 。 回家的路上一个人听着音乐 ，无意中点到了娴公主的千千阙歌 。莫名的忧伤 。猛然发现我的人生在这个十二月通关了 。虽然一点没有想象中的兴奋 。原来喊着的退休生活可能巨无聊 。还是干着吧 。 今年十二月初 ，女儿GEP考试通过了 ，在新加坡可以随便挑一所小学明年上四年级 。新加坡孩子的第一次人生大考是在她们九岁这年 。生活就是这么残酷 。 儿子九月去了帝国理工读数学 ，虽然没有进到他理想的学校 。不过专业还是他想要的专业 。希望他能开心的过着这四年 。 上个星期 ，心心念念的两年的$蒙古焦煤(00975)$ 居然发力了 ，一切来的那么突然 。 蒙焦一只股票赚到我以往所有股票之和 ，而其中的一半发生在一个星期 。财富的指数效应太可怕了 。虽然知道它一定会来 。可一下子真来了 ，又有点手忙脚乱 。本来2024可以躺平的 ，等它爆发 。可以偷个懒 。现在寻找下一只重仓股变成了2024年很实际的事了 。最好$协鑫科技(03800)$ 杀个回马枪 ，这样我就不用动了 。要么有色的铜来个超级爆发也行 ，有朋友提醒最近讲得太多了 ，就不写股票名字了 。又开始许愿了 ，哈哈哈 。 太太去年退休了 。我自己读书读到三十岁 ，太早退休有点可惜 ，就混着吧 。有点像 ”北京乐与路 ”里的那个歌手 ，人生处处不尽如意 。希望自己的结局会好一点 。最近这两个星期单身的日子 ，让我退休的计划要再等几年了 。闲着是巨大的浪费 。还好可以陪女儿慢慢长大 。
273796904,,123,104,9,4/6,https://xueqiu.com/9236758887/273796904,"大A怎么了 我已经很久没有买卖A股了 。没有利益相关也许更有发言权 。只是有点难听 ，所以一直没有写 。这几年我唯一的一只A股是石大胜华 ，买它主要原因是因为工作的关系 ，需要了解电解液的生产工艺 。而我恰好看懂它 。虽然只买了一点 ，但是认识了很多人 。哈哈哈 那么A股为什么千年3000点 ， （其实我觉得3000点都太多 ） ，很多人觉得是由于股市的管理层 ，上市制度的设计 ，公司控制人的减持 ，等等 ，一堆不如人意造成的 。咱们国家蒸蒸日上 ，一般股市应该是国力的体现 ，为什么我们的股市远不如印度 ，越南 ，甚至经常垫底 ，好像2023又是 。 观察股市 ，首先要假设人都是自私的 ，公司的实控人都是逐利的 ，但又会至少假装合法 。 而大A最容易获利的方法 ，造风口 ，讲故事 ，大家一哄而上 ，又一哄而散 。公司的存在不是为了社会进步 ，而是股民和股东的筹码 ，话题 ，故事和制造的风口 。所以 ： 大A最大问题不是上面讲的各种借口而是没有好公司 。一个乙醇和水的混合物就可以是大A最伟大的公司 。可笑 。对社会有什么贡献 ，给伤口杀菌吗 ？ 那为什么没有好公司 ？因为几乎所有行业都在瞎卷 。有时都不知道图个啥 。通常就是重复别人过去的成功 。所以常有人讲 “走别人的路 ，让别人无路可走 ” ， “后发制人 ” ， “一个公司突破 ，全行业公司突破 “ 。有时候又懒得连别人的车壳子都要抄 ，还号称投资上百亿研发 。哈哈哈 。都不知道一群人在忙个啥 ？ 用一个我熟悉的行业来讲讲 ，光伏 ，应该是咱们最拿的出手行业 ，全产业链 ，从头到脚控制了超过90%的产能 。从实验室技术研究 ，生产工艺 ，外加最便宜的煤和水电 ，还有便宜的人工 。地方政府的变相补贴 。都应该能制造最强势的产业链 。2024我估计要搞到全行业亏损 。2022/2023赚的几千亿最后大都会变成2025废铜烂铁 。这些年的股东的 ，政府的, 投入 ，并没有成为利润的载体 ，而仅仅是造就了又一个极致内卷的疆场 。这也造成了股市里的光伏行业的参与者几乎都没有拿到合理的回报根源 。这个优势行业并没有带来合理的长期利润 。2022, 2023Q1的巨额利润只是让2023 、2024的相杀更加持久 。这样的企业当然不能带来股市的繁荣 。这其中最基本的原因就是全民对知识产权的漠视 。我会做了就是我的能力 。不管我是用什么方法会做的 。更深入的原因就不能写了 ，不然又要关黑屋子了 。 如果强势行业都不能带来利润 ，那么只有行政垄断 ，天然的智商税 ，资源限制的行业的企业还有可能给股东带来长期的收益 。我想清楚这一点 ，而我又不喜欢前面说的这些企业 。自从石大胜华以后 ，就再也没有买大A的任何股票 。 $协鑫科技(03800)$ 大概是我花时间学习最多的公司 ，有一段时间它的FBR搞不定 ，我跟朋友开玩笑 ，我是不是应该跳槽去协鑫 ，帮它一下忙 。协鑫是我追踪最久的股票 ，经历过0.208最低点买入 ，完整的享受到3.99的高峰 。3快多也减持了将近一半 。就算这样幸运 ，03800还是我最痛苦的投资 。矛盾的是 ，协鑫又是给光伏带来巨大技术进步的先行者 。 幸运的是 ，这些认识对我其他的投资带来很好的指引 ，所以$蒙古焦煤(00975)$ 我可以拿的住 ，连同期被我淘汰的$中国有色矿业(01258)$ 也一样给我带来了很好的回报 。这也是这几年回报都还行的原因 。哪怕2022年我的收益差一些 ，都很笃定 ，因为等就可以了 。2024也一样不用慌张 。哈哈哈"
277460546,,31,35,2,4/6,https://xueqiu.com/9236758887/277460546,光伏行业还有未来吗 最近 ，我以前的重仓股都跌跌不休 ，特斯拉200以下变得家常便饭 ，中芯国际也到了15元以下 ，协鑫竟然跌到了1元之下 。让人不禁怀疑当初也许就是运气 。只是买得便宜而已 ，哈哈哈 。 $特斯拉(TSLA)$ 应该没有什么问题 ，老马天生的C位 ，汽车和机器人会是AI大潮天然的硬件载体 。东西方相向而行的大背景下 ，特斯拉会是收益者 。目前主要是利益分配老马不满意 。 $中芯国际(00981)$ 主要是新制程的利益分配和制裁的风险 。很多利益很难放上台面 。但也只是撕破脸之前的一些犹犹豫豫 。无论如何也改变不了中芯中国第一重要公司的地位 ，虽然股票涨不涨不知道 。 最麻烦的是$协鑫科技(03800)$ 行业太卷 ，变化太快 。颗粒硅2023的巨大的飞跃都不能打消各种质疑 。股价更是无比配合这些质疑 。协鑫的老友基本都不发声了 。最近手头有点闲钱 。也许把曾经的重仓股各加一点 。写个帖子各自己打打气 。纯属YY ，一笑了之 。 今天不讲协鑫 ，讲光伏 。我自己做的行业和风电紧密相关 。 前几天准备PPT的时候发现 ，2023中国的风电总发电量应该还是光伏的两倍650TWH vs 330 TWH 。2023 风电的新装机75GW ，光伏218 GW 。现实是光伏发电已经被很多省份嫌弃了 。当然其中有很多因素 。如果做得好 ，像德国2023年7月 ，德国69.2%的电能来自新能源 ，其中风电占29% ，光伏占23% 。德国的电网还是世界第二稳定的电网 ，第一名不是中国是瑞士 。网页链接{Wind Power by Country 2023 - Wisevoter} 可是光伏的装机的顶限到底在哪里 ？光伏的未来在哪里 ？ 光伏最大问题是一天只有几个小时工作时间 ，还不稳定 。储能除了水力调峰电站 ，其他都只是炒作 。那么有没有什么电的间歇用户 ，可以开开停停 ，有电就干活 ，没电就歇着 。海水淡化应该可以做到 ，特别是靠近海边的沙漠 。通过海水大规模淡化 ，几乎可以变成最好的地方 。中东的沙特 ，有钱 ，有沙漠 ，有阳光 。美国的西部的荒漠 ，南美的智利 ，澳大利亚的东南西北 ，还有非洲 ，非洲人口已经超过中国了 ，还在急剧的膨胀中 。整个沙哈拉都有阳光和靠海 。也许这就是光伏的最好的归处 。也许光伏还真是改变世界的利器 。YY结束 。
279660263,,430,425,49,4/6,https://xueqiu.com/9236758887/279660263,"一个可以靠知识变现的伟大时代 (三 ） 这是我第三次发这个标题的帖子 ，最近很多朋友说看不到我以前写的这篇帖子 。所以我再重新发一遍 ，希望大家能看到 。我就不一一发了 。我尽量不动前面两次的内容 ，我会加注一下前面两次写的时间 ，今天既然写是 “一个可以靠知识变现的伟大时代 （三 ） ”了 。就更新一下我的第五支股票的状态 。 2021-02-10 二十年前 ，看过舒淇的一部文艺片 《北京乐与路 》 ，有个颇有才华的歌手 ，由于音乐总监的打压 ，一直出不了唱片 ，一直红不起来 。今天看来都不是问题了 ，无数平台可以试错 ，真有才华可以不用看别人脸色了 。我原来从来把炒股看作旁门左道 ，觉得我的专业才是我立命之本 。我做过五家化工公司 ，都是500强 ，五个截然不同的化工方向 ，相信在我所做过的化工工艺上 ，比我强的不多见 。我一直在疑惑 ，为什么我用努力没有换来收获 。 四五年前 ，偶尔看到一则分享 ，颇有触动 ，了解计算机史的人应该知道SUN Micro system 公司是一家非常牛的公司 ，最后混不下去被甲骨文收购了 ，包括 （JAVA ）的所有权利 。他的创立人也没赚到什么钱 ，当然几亿美元还是有的. 公司大概被60亿美元贱卖 。后来他看到智能手机用的内存量非常大 （现在的手机比电脑内存都大 ） ，代谢又非常快 ，他把所有钱都去买了内存股票 ，结果他赚了比他花了一辈子心血也取得了不起成就的SUN Micro system公司上多得多的钱 。这个世界分配就是这么不公平 。一个念想居然比一辈子还算非常成功的努力都有效 。 讲了一堆废话 ，聊聊选股吧 ，每个人都有自己的选股标准 ，最后选的都应该和自己价值观很像的公司 。就我而言 ，以来选股都从技术出发 ，我极其厌恶有道德品质问题的公司 。不尊重别人知识产权公司也不看 。不创造真正价值的公司不看 。另外这个世界选择太多了 ，没有几年内增值几倍的公司也不看 ，至少不会重仓 。 AMD ，也是一家对我选股很有触动的公司 ，虽然我错过还是聊聊 ，2018年初 ，我刚决定花点时间买股票没多久 ，有个朋友问我有没什么股票好介绍 ，我就跟他讲了一下AMD的历史演变 ，以及同英特尔 ，英伟达的历史情仇 ，和AMD一次次从创新上找出路 ，说它太低估了 。朋友就真买了 ，还买了不少 ，结果几个月翻了三四倍 ，AMD是当年美国牛股 。 我自己一下子不爽了 ，赶紧开通美股 ，以前一直只有A股和港股 ，后来想想美股最透明 ，都是国际大公司 ，信息基本全球同步 ，最适合价值选股 。 特斯拉(TSLA) ，2018年中开通了美股 ，就忙着找一支美股 ，当然错过九块多的AMD也就没追了 ，看中电池车方向 ，刚好AMD的老将Jim Keller也跳去TESLA做芯片 ，又分析了一下它的软件思路 ，觉得牛 ，开始买特斯拉 ，结果它一直跌 ，正好可以一直买 ，那一年我薪水剩下的钱基本都去了特斯拉 。到2020二三月股市大跌时候 ，基本上靠着特斯拉立保我的帐户不跌 。赚了四倍的时候 ，眼馋其他股票 ，卖了 ，再也买不回来了 ，不然可以两年12倍 。 $中芯国际(00981)$ 美股买特斯拉的时候一直在找备胎 ，觉得中芯国际对国家不是太重要了 ，而是最重要 。刚好梁孟松来了 ，他是一个史诗级悲剧大牛 ，开始买它 ，前后花了两年时间 ，第一次把个股买到我定下的买入上限15% 。2020七月爆发 ，最高时中芯国际占到个人账户54% ，没有想到卖 ，被特朗普打压也没想到卖 ，后来看到梁的辞职信决定卖了 ，这个管理层太邪恶了 ，全中国都欠它一声谢谢 。还好 ，最后大概也是四倍收获 ，最高点大概六倍左右 。 $保利协鑫能源(03800)$ 在特斯拉和中芯上涨的时候 ，是协鑫最痛苦的时刻 ，而协鑫对中国光伏所做的贡献比其他所有公司之和还要多 ，这个世界真不公平 ，那一群饲料公司 ，用别人的工艺 ，挖别人的人 ，用别人好不容易才国产化的设备 ，坐享其成 。一个不尊重知识产权的民族是可悲的 。整个2019/2020年的闲钱都去了协鑫 ，虽然不多 ，好在真便宜 ，最高大概十二倍 ，协鑫居然占到整个账户的50% ，最后一次买入的时候大概占10% 。2021和它一起星辰大海 。 2023-09-28 修改了一下旧帖子 ，加上了我的第四支重仓股 。 2023 ，虽然现在是光伏的困难时期 ，协鑫大概4倍收益还是有的  （因为手欠 ，今年把过去减掉的又加了不少 ） 。不过对我来说更重要的是2021 ，2022的协鑫给后面的重仓股提供了强大的弹药 。 $蒙古焦煤(00975)$ ，最近蒙古焦煤不错 ，2021/2022, 我在中国有色和蒙古焦煤之间徘徊很久 ，最终选择了蒙古焦煤 ，应该因为有色很难达到前几支重仓股的收益 。最终放弃了 。如果有一天我的钱够多了 ，也可能再回来 。这两年为什么会选择蒙古焦煤 ，特别是2022 ，蒙古焦煤应该是全网唯一的一只亏损的煤炭股 ，而且还是在焦煤价格高峰时期 。2022的蒙古焦煤是受制疫情和相关的管控政策 。2023/2024它可能能达到比我前面几支重仓股更高的高度 。我自己因为资金在增长缘故 ，在蒙古焦煤上是可能能赚到以往所有股票收益的总和 。现在只需要静候就可以了 。 今天的思考谁会是我的第五支重仓股 。最近一年在观察 ，康方生物 ，金川国际 ，华大电子科技 ，以前都买了一点 ，都有缺点 。期望收益率和前面几支差不多 。欢迎评论 ，砸砖 2024-02-24 昨天我的账户盘中大概达到了六年20倍 ，所以写了一条评论 ， “吹个牛 ” 。有很多朋友说这篇 “一个可以靠知识变现的伟大时代 ”看不到了 ，让我重发一下 。 （我的长文最近一直有问题 ，也不知道和前一段时间禁言三天有没有关系 ） 。昨天的吹牛贴主要是想说 ，不用刻意追逐热点 ，上杠杆 ，上工具 ，靠知识和认知 ，简单买入 ，也能实现不错的收益 。 稍微更新一下我的第五支重仓的状态 。我以往所有的重仓股都是自己涨出来的而不是我买出来的 。我一般买到10-20%左右的仓位 。最后所有的重仓股爆发的时候一般都会超过50%仓位 。蒙古焦煤由于低位时间太长 ，买到爆发前超过30% ，还是觉得便宜 。资金又比以前高许多 。所以收益远高于以前的重仓股 。但是每一只重仓股都是将来重仓股的弹药基础 。哈哈哈 。 我的金川股权买够了 ，如果我的认知有新的变化 ，或者财报有我想要的答案 ，我还是可以加仓的 。金川的理由是这个时代能源向电气化转型 ，铜和钴都是重要的金属 。减息虽然会晚 ，但一定会来 。这些都会让金川受益 。Musonoi也快官宣了 。 中国太平 ，我买到了目标股权的三分之一 ，这个股票最大的好处是比我以往的四只都安全 ，而且将来如果有不错的分红 ，这只不用交税 ，至少我的账户买不用交税 。这只要感谢@黄桃锅包肉 的许多分享 。能不能买齐到目标股权 ，要看我自己对保险业的认知更新和股价的机缘 。我一般都会买很久 。很多时候都能碰到满意的价格 。保险股的理由 ，保险股手中的天量资产是通胀的天然受益者 。国内的许多问题 ，都可以靠铸币税来解决 。太平的弹性最大 。GLC都很烂 。哈哈哈 最可惜的是康方 ，只是买到了个观察仓 。可能就此错过 。前几天去美股买了点SMMT来安慰自己 。由于是晚上买的美股 ，资金不方便 ，也买的不多 ，结果几天时间也涨了30% 。看来与康方的缘分未到 。说真的 ，我买股票一直是100%仓位 ，但是大多数时候更喜欢股灾 。哈哈哈 。康方是我的幸运股 ，以往每次买入后不久都翻倍 ，所以也一直没有能买到目标股权数 。康方的论坛医药大神很多 ，有兴趣可以慢慢看 。 最近我也买入了一些国内的科技股 ，只是我自己为可能的脱钩准备的 。没有指望收益 。希望没有误导别人 。也希望年底前第五支重仓股有眉目 。 祝元宵节快乐 ！开心每一天 。"
280547832,2024-03-02 23:21:56,86,54,3,30/83,https://xueqiu.com/9236758887/280547832,
285576069,2024-04-11 14:22:38,55,45,1,29/83,https://xueqiu.com/9236758887/285576069,
286104149,2024-04-15 15:16:42,26,45,4,28/83,https://xueqiu.com/9236758887/286104149,
292082614,2024-05-31 08:44:49,100,193,3,24/83,https://xueqiu.com/9236758887/292082614,
294920945,2024-06-24 12:31:13,67,57,3,21/83,https://xueqiu.com/9236758887/294920945,
296583035,2024-07-08 08:50:00,200,224,8,20/83,https://xueqiu.com/9236758887/296583035,
299769564,2024-08-02 23:31:13,153,129,6,20/83,https://xueqiu.com/9236758887/299769564,
304243658,2024-09-11 09:12:38,84,69,4,18/83,https://xueqiu.com/9236758887/304243658,
306512855,2024-10-02 08:37:34,117,73,2,18/83,https://xueqiu.com/9236758887/306512855,
307584193,2024-10-11 09:52:55,326,150,14,17/83,https://xueqiu.com/9236758887/307584193,
309797813,2024-10-28 09:11:05,121,96,4,17/83,https://xueqiu.com/9236758887/309797813,
310593502,2024-10-31 22:10:43,119,101,3,17/83,https://xueqiu.com/9236758887/310593502,
310781682,2024-11-01 20:07:38,378,328,1,17/83,https://xueqiu.com/9236758887/310781682,
313526936,2024-11-20 11:13:46,434,420,16,17/83,https://xueqiu.com/9236758887/313526936,
317735396,2024-12-22 21:59:47,142,193,4,16/83,https://xueqiu.com/9236758887/317735396,
319150206,2025-01-03 09:57:58,187,147,4,16/83,https://xueqiu.com/9236758887/319150206,
321286288,2025-01-22 10:04:08,118,80,3,15/83,https://xueqiu.com/9236758887/321286288,
322962441,2025-02-11 14:43:34,223,131,3,15/83,https://xueqiu.com/9236758887/322962441,
323091514,2025-02-12 12:41:28,56,15,0,15/83,https://xueqiu.com/9236758887/323091514,
323978354,2025-02-19 09:57:43,103,118,2,15/83,https://xueqiu.com/9236758887/323978354,
324863342,2025-02-25 12:54:38,233,549,11,14/83,https://xueqiu.com/9236758887/324863342,
328786947,2025-03-25 13:28:31,239,189,9,14/83,https://xueqiu.com/9236758887/328786947,
329060251,2025-03-27 09:39:32,110,75,2,13/83,https://xueqiu.com/9236758887/329060251,
330405003,2025-04-07 09:08:34,98,110,3,13/83,https://xueqiu.com/9236758887/330405003,
331690663,2025-04-15 13:03:54,256,112,2,13/83,https://xueqiu.com/9236758887/331690663,
333012042,2025-04-25 10:00:58,201,159,6,12/83,https://xueqiu.com/9236758887/333012042,
342553233,2025-07-15 09:40:53,257,130,3,11/83,https://xueqiu.com/9236758887/342553233,
343881839,2025-07-24 09:31:21,1174,962,39,11/83,https://xueqiu.com/9236758887/343881839,
347525158,2025-08-18 11:34:47,165,147,1,10/83,https://xueqiu.com/9236758887/347525158,
350650803,2025-09-03 09:59:14,449,277,1,9/83,https://xueqiu.com/9236758887/350650803,
352024329,2025-09-11 08:45:35,242,115,2,9/83,https://xueqiu.com/9236758887/352024329,
352284960,2025-09-12 10:33:20,263,180,1,9/83,https://xueqiu.com/9236758887/352284960,
352785256,2025-09-16 09:09:48,309,133,1,9/83,https://xueqiu.com/9236758887/352785256,
353452520,2025-09-19 10:50:42,722,467,17,9/83,https://xueqiu.com/9236758887/353452520,
354342129,2025-09-25 10:02:17,491,374,13,8/83,https://xueqiu.com/9236758887/354342129,
354556951,2025-09-26 10:11:54,391,426,7,8/83,https://xueqiu.com/9236758887/354556951,
356162020,2025-10-11 22:01:49,509,597,23,7/83,https://xueqiu.com/9236758887/356162020,
358563677,,370,369,4,2/6,https://xueqiu.com/9236758887/358563677,又是熟悉的味道看着我每年的收益 ，好像很光鲜 。这几年我也的确赚了不少钱 。可以不用为日常的花销费心 。大概都是超越我工作收入阶层的存在 。很多有着和我类似股票的朋友 ，持仓体验却也应该是和我一样 ，这几年其实一直受尽煎熬 ，哈哈哈哈 。 我八月偶得朋友提示 ，突然想通了 ，开始看好金矿 ，今天大概有了24%左右的仓位 ，原本以为这次也许会不一样 ，买入的时候天天要追着买 ，几乎看好一只 ，涨一只 ，最夸张的一只一个多月 ，就涨了200% 。想买的股票 ，每天熬夜加仓 ，又生怕买多了 ，最后股价是我买上去的 ，哈哈哈 ，所以一口气买了十来只 ，要知道我以前最得意的就是一个行业只挑一只股票 。 十月我买的最大的PNG的金矿 出业绩报告了 ，符合预期的远超预期了 ，股票涨 。今天也有一只澳洲出财报 ，业绩远超预期 。过几天 ，有个在产的蒙古的小矿 ，也要出业绩了 ，最近股价也无惧金价波动 。我以为这一次可能不一样 。哈哈哈哈 ，不仅仅赚钱 ，而且是快乐地把钱挣了 。结果上个星期五金价暴跌 ，昨天继续 。本来这些短期波动对金矿地收益影响不大 ，结果 ，金矿股价一个一个地跳水 ，我又变成原来熟悉地味道 ，四处找钱 ，拆墙 ，卖心头肉 ，哈哈哈哈 ，还好 ，这一切 ，我熟悉 ，选择了高弹性 ，也自然选择了风风雨雨 。熬到出财报再做判断 ，哈哈哈哈
361330764,,468,533,4,2/6,https://xueqiu.com/9236758887/361330764,"老韭菜的进化 最近换了新车 ，旧的Volvo S80代理商帮我处理了 ，车子作价零元 ，政府还退了我1.6万新币 。新加坡的体系还挺有意思的 。在整理旧车的手套箱的时候 ，居然发现了我最原始的股票交易记录 。我的第一只股票居然是工商银行 ，后面是中国石化 ，中国中铁 ，第四只是紫金矿业 ，中联重科 ，第六只是中国神华 。哈哈哈哈 ，时间是2010年12/24. 和现在的风格截然不同 。我2017年买房子把股票全清了 。七年大概涨了5倍 ，主要的收益来只中国南车和北车 ，以及这几天的红股农业银行 。现在我迷信了 ，绝对不会选天青色的笔记本了 ，股票都是红本 ，工作都是黑本 。哈哈哈 今天找个由头写长文 ，主要是更新一下我的持仓 。我股票卖出是不会分享的 ，有很多原因 ，首先我经常卖错 ，我几乎所有卖出的重仓股都会一直涨 ，除了协鑫 ，协鑫也主要是行业的问题 ，其次 ，我卖出的主要原因是缺钱 ，这一点我很理解大道前几天说的为什么没有在50PE的时候卖茅台 ，因为我也总是有了下家才会从现有的股票里选标的来卖 ，一般慢的 ，快成熟的就会被卖掉 ，很多人可能觉得刚好相反 ，慢的成熟了 ，才安全 ，可以进了 ，还有我的股票一般没有必需卖的理由 ，我会慢慢过度到新股票 ，作为一个正常人是不会喊我要卖了来影响要卖的股票的股价的 ，何况 ，我的标的都不大 ，哈哈哈哈 。但是我会一直回答我最新的持仓 ，自然可以猜到我是怎么操作的 。 最近心情不错 ，虽然我的第一第二重仓都在跌 ，开心大概是因为黄金矿 ，我加到位了 ，没有了踏空的风险 ，虽然金矿也在跌 ，但是股权我加到位了 ，我对自己的短期考核目标从来都是股权和方向判断对错 。我现在的仓位是47.5%的西水 ，25.5%康方 ，25%黄金矿 ，其它只有2%了 。VOR成了我有史以来损失比例和绝对值都是最多的一只股票 ，哈哈哈哈 ，本来以为自己进化了 ，现在看来底色还是韭菜没改 ，其实从VOR复杂的扩股方案和迟迟没有实施就可以看出 ，而且股价一路下跌也没有警觉 ，哈哈哈哈 。 我的金矿按仓位如下 ，再次申明 ，黄金我是新人 ，我最终会缩到3只左右 ，金矿风险很大 ，这里写出来 ，是不想让别人猜 。STGO ，GDXU ， HRZ, ERD, AIS, CEL ，NVA. 除了澳洲的三只 ，美股都可以买到 。我目前还是对金矿未来几年的业绩很乐观 ，原因很简单 ，金价掉不下去了 ，过去最贵的金矿成本也就2000美元左右 ，4000美元的黄金都是利润 ，风险反而是利润太高和没有法制的地方治理 ，哈哈哈哈"
361763451,,856,1238,16,2/6,https://xueqiu.com/9236758887/361763451,"一个人的沙场 最近变故比较多 ，一向比较清闲的我也忙东忙西 。很多事情都要做人生的决断 。也差不多快忙完了 。下个星期陪女儿去槟城参加比赛 ，其实就是一群孩子和家长找由头出去玩 。出门之前聊聊手头的几只股票 。 $西部水泥(02233)$ ，虽然是朋友去年二月介绍的才认识的股票 ，几乎是我一眼就喜欢上的一只 ，认识我的人都知道 ，我买股票都是先放进小名单 ，买入观察仓 ，不停的在雪球聊天 ，观察 ，加仓 ，再加仓 ，西水是 ，看来第一眼就加了5% ，第一个星期就加到了10% ，到今天大概占了我47.5%的仓位 ，成了我第六只超级重仓股 ，西部水泥有什么特别呢 ，西部水泥的最大特色是深耕非洲水泥市场 ，而水泥是短腿的重资产行业 ，西部水泥在新冠之前就做了很多功课 ，而新冠打断了竞争对手的步伐 。这给西部水泥带来了许多独到竞争优势 。而水泥又是中国的强势行业 ，技术水平和工程上是国际领先的优势行业 。西部水泥的民企的决断效率和利益捆绑决定了国企是没办法在非洲和西部水泥竞争的 。非洲的水泥是非常贵的 ，很多地方超过200美元一吨 ，所以中国企业在建材行业的投入是非常契合非洲人民的利益的 ，任何政府甚至反政府都不会和水泥过不去 ，哈哈哈哈 。这一点和采矿也很不同 ，采矿天然有道德风险 ，特别是高附加值 ，独特的矿物 ，很可能是上层拿利益 ，居民留污染 。而非洲人口的激增 ，意味着城市化水平必须要提升 ，而这些都需要建材 。西部水泥是我寻找了很久的非洲人口红利的标的 ，所以才会第一天就加了5%的 ，哈哈哈哈 ，我的风格通常是慢慢买 ，通常都要买一百多笔 。2025的水泥可能比我年初写的目标还要好些 ，很多人拿六亿美元债打压西部水泥 ，看看老张的步伐就知道 ，这都不算个事 ，随着 ，美元降息 ，莱米满产 ，大湖的稳定 ，莫桑已经是个印钞机了 ，CILU年底并表 ， 乌干达的投产 ，西部水泥自己会是超级印钞机 ，而且是站着把钱挣了 。 $康方生物(09926)$ ，是我的第五只超级重仓股 ，我从2020年就开始追踪 ，我对康方管理层非常看好 。现在是遥遥LX 的免疫治疗的生物科技公司 。虽然双抗多多少少还有点运气 ，正确的时间点亮了正确的科技树 ，但是运气也是实力的一部分 。如果AK117成功了 ，康方真的可研扬眉吐气了 ，那么就有了成为国际大玩家的资本 ，我送上25.5%的仓位 。至于那些AK112追随者听听就好 ，生物制药验证需要时间 ，特别是那也以前没有出色抗体作品的公司 ，这个世界只有一步步的进步 ，没有平地起高楼神话 ，强如马斯克 ，造火箭 ，也是不停的爆炸 ，而生物制药验证需要时间和三期失败是大概率事件 ，造就了许多想短期走捷径的人 ，哈哈哈哈 。想想要是我也不一定能禁得住诱惑 。康方已经在医院和患者中形成了口碑 ，医保局也拿真金背书 ，美国的HARMONiA的数据其实很好 ，只是实验设计不符合现在FDA的要求 ，所以尽管这一轮股价下跌 ，我也拼命加仓 ，保持仓位稳定 。康方国内的业绩在2026就会开始释放 ，AK104还无追兵 ，AK112 遥遥领先 ，这两个都将是未来免疫疗法的基石 ，是未来联合治疗的基础 ，估计会有无数ADC药物要求合作 ，哈哈哈哈 ，至于有人恶意拿夏博那点减持说事 ，那是对财富还没有理解 ，到了一定阶段 ，财富的第一要数是安全而不是数量 ，而分散是安全的基石 。就像我 ，虽然我过往五只超级重仓股都是十倍股 ，可我绝不会独股持仓 ，至于老六西水也会是十倍股的 ，哈哈哈哈 。 虽然我基本每一只股票都在第一瞬间就分享在该股的帖子里 ，但是大部分人的成本都比我高 ，我的大部分股票降到80%持仓目标股权就可能是负成本来 。 我现在的水泥的成本是0.8 ，康方有所回升是36.9. 估计现在的玩家很难降到我这个成本了 。如果黄金真的是我的第七只超级重仓 ，那么现在都有机会和我同样的成本 ，哈哈哈哈 ，我相信黄金矿的潜力 。我八月开始投金矿 ，三个月仓位加到了25% ，金矿的波动远超我以往的股票 ，所以投了七个标的组合 ，我从一个黄金厌恶者 ，变成金矿爱好者 ，其实就是那么个一瞬间 ，有人提醒我 ，2023 ，$蒙古焦煤(00975)$ 那么困难的情况下 ，蒙焦还拿出一亿美元投了金矿 ，而蒙焦的管理层非常优秀 ，这个有过往五年的许多事实可以验证 ，黄金矿也的确有很大风险 ，我看到的几乎所有金矿投产都延期 。就没有一个正常的 ，连蒙古焦煤和ERD那么优秀的合作也晚了4个月 ，哈哈哈哈 。叠加金价的波动 ，造成黄金矿的机会很多 。黄金有许多优点 ，储量有限 ，稳定 ，统一 ，匿名 ，高附加值 。现在黄金价格的上涨有一个非常简单的因素 ，黄金数量的增长远远跟不上人类最近二十年财富的增长 ，所以价格修复是必然的 ，而我没有选择黄金 ，而是选择了更安全的金矿 ，因为黄金没有现金流 ，只有交换价值 ，而金矿创造价值和现金流 ，由于以往的低价格 ，所以绝大多数高金矿成本也都在2000美元每盎司以内 ，高成本的金矿过往估值都不高 ，而4000美元的黄金可以带来十倍的价值重估 ，这也是为什么我这个黄金素人 ，如今一头扎进金矿 ，只是金矿幺蛾子太多 ，注意分散 。有好的标的 ，私信我 ，一起研究和发财 ，哈哈哈哈 本来想蹭一下阿段的热度 ，聊一下电动车和他最近看特斯拉的观点转变 ，没想到文章已经写得够长 ，就择日再写吧. 特斯拉是我的第一只超级重仓股 ，还是有些认知的 。 今天用这个标题是因为 ，最近偶然刷到老去的齐秦的演唱会视频 ，翻回去听了一下他的歌 ，满满的都是我逝去的青春 。有一首歌的名字叫自己的沙场的 ，很契合股市 ，为了突出孤独 ，改成一个人的沙场 ，哈哈哈哈 ，祝大家开心每一天 。最近很多热心的朋友让我给自己拉拉票 ，老端着好像不好 ，感谢大家一向的厚爱 ，我一个快退休的人 ，2025要角逐十大新锐, 哈哈哈哈哈 ， 多谢捧场 十大投票入口 ：网页链接"
362867147,,558,413,1,1/6,https://xueqiu.com/9236758887/362867147,天下大势和懒人的投资 这个世界走总是乱哄哄的 ，最近先是爱泼斯坦的档案 ，热度还没起来 ，又弄了一个显失公允的28条 ，在小泽一脸憔悴的时候 ，又说只是大鹅的愿望清单 ，原来这么大的事都只是给别人挡灾的 。无耻 。 最近股市大跌 ，一向满仓操作的我损失惨重 ，还好车款前一段时间交了 ，不然现在筹钱 ，这个车也太贵了 。今年年初错过科技股 ，四月初老川的关税又搞得股票一天跌掉六七年的薪水 ，创新药我倒是重仓 ，可惜涨得多的反而是搞临摹的 ，SMMT的harmoni A明明数据很好 ，又不符合OS阳性的新规 ，小芳也从179调到107 ，好肉疼 ，$西部水泥(02233)$ 也从3.68跌倒了2.72 ，都是好价格可惜手头又没钱了 。新进的黄金矿也从高位跌了20-30% 。看上去很惨 ，刚刚看了一下账户2025还有80%的收益 ，虽然比高点跌了不少 ，还是不错的 ，我每年的组合一般一年开一个 ，中间一般不调仓 ，比较适合不爱动的人 ，看了一下 ，2025的组合收益还有75% ，也还是不错的一年 。 天下乱哄哄 ，组合还一般不动 ，那么如何保证收益呢 ，我这些年的当年组合收益都还可以 。其实也很简单 ，看清天下大势 ，不去管那些扰动 。而我自己的实际持仓虽然天天动 ，也只是想用自己的利益捆绑来逼自己仔细看看天下大势 。 新加坡肯定不是世界变焕的中心 ，我也不是爱热闹的人 ，所以用雪球的股票论坛来寻找和交流对世界的看法 。什么是世界大势 ，肯定不是世界的一切 ，有时候一个特定的方向的一些趋势就已经很有意思了 。今天聊聊新能源汽车 ，这几年在特斯拉和铜上赚了一些钱 。 前一段时间大道说要看一下特斯拉 ，好像他很快就入手了 。他自己也说他不喜欢汽车行业 ，我估计是是受了巴菲特的影响 ，认为带轮子的行业都不是好行业 。汽车行业竞争的确很残酷 ，在新能源汽车出来之前 ，几十年都没有新的上市公司 。汽车应该是可以充分竞争的最大的行业 。所以的确不是一个好的行业 。大道也还不喜欢新能源汽车 ，他认为新能源汽车并不环保 ，最近观点有些变动 ，认为新能源汽车可以晚上充电从而提高能源效率 ，所以他决定买入特斯拉观察 ，哈哈哈哈 。 我在 《2023的能源发展 》的贴文里 已经讲过能源的展望 ，刚刚看了一下 ，还基本是对的 ，最近换了Macan EV ， 每个星期的能耗大概在100 KWH ， 600公里 。以前Volvo大概60升汽油 ，600公里 。 Macan 大概车重2.2吨 ，Volvo大概1.7吨 。绝对能耗比大概是100 ：570. 可以看出电车最大的环保是效率的提高 ，更重的车 ，更宽的轮胎 ，能耗几乎只有燃油车的六分之一 。用新加坡的价格 ，实际花费大概是28 ：165左右 。而更关键的是电是技术能源 ，而不像油是资源能源 。更公平 。 我很早就看好新能源车是未来的方向 ，看清了这个大势 。所以特斯拉成了我的第一只超级重仓股 ，2018买入的 。2020年买入洛阳钼业 ，源于电动车对铜钴的需求 ，包括后来的中国有色 ，金川和五矿都是同一个逻辑 ，电动车对铜的需求大概是每辆车增加50公斤的铜 ，全世界大概一年有8000万辆新车 ，增量还是很确定的 ，外加风电和光伏的对铜的新增需求 ，这也是我不担心铜价 。有了这些大势 ，股票就比较好选了 。 去年年初我再次买入$特斯拉(TSLA)$ ，虽然特斯拉已经很贵了 ，但是这次逻辑不一样了 ，2023年底Chat GPT震撼问世 ，导致FSD从绝境找出了新思路 ，去年2024年四月老马给美国用户推免费试用FSD ，基本可以看出FSD大势已成 ，我当时买入价150-160美元 ，后来股价受大选的纷纷扰扰 ，不论多少资金 ，翻倍应该是没有问题的 ，哈哈哈哈 。 我现在手头三只大势也都很明确 ，非洲人口爆发 ，创新药特别是双抗上$康方生物(09926)$ 的优势 ，比特币的弱化和美债的无解造成一部分资金转向黄金 ，而金矿由于过往的低利润造成的价值重估 。所以虽然变故很多 ，我只可惜手头没钱了 ，我不当心短期的股价 。也不用很忙 ，我只是喜欢分享和被挑战中证实或证伪我的逻辑 ，所以常常分享一些看法 ，哈哈哈哈哈 十大投票入口 ：2025雪球奖
364549523,,340,367,4,1/6,https://xueqiu.com/9236758887/364549523,"大国BY和技术突破 最近手头没钱了 ，都不想研究股票 ，怕研究好了 ，看上了 ，没钱难受 ，更怕用手头的股票切换错了更难受 ，哈哈哈哈哈 ，好在新闻比较多 ，聊点别的 ，哈哈哈哈 ，怕死不是GCDY 。 买股票天下事尽知 ，最近东边换了位大姐 ，刚上台 ，没经验 ，张口就随心所欲 ，要知道 ，这世上除了川没人可以这么做 ，川也不得不弄个自己的真实社交平台才可以信口开河 ，哈哈哈 2017年换了新房子 ，当时想换个好点的电视 ，有一天和太太一起逛家电城 ，突然太太指着LG的OLED说这台比别人好多了 ，价格比其它LED要贵一倍左右 ，但是效果的确惊艳 。当时公司项目做完了 ，上班挺空的 ，就研究了一下OLED的前世今生 ，以及色彩到底是什么 ，人类为什么对不同的色彩敏感度不一样 ，有Google真好 。连蓝天 ，碧海 ，山洞 ，火焰和森林都对人类的色彩进化起过作用 。再研究的深入了一点 ，发现三星在OLED上的YYLX源自一家日本小公司Canon Tokki提供的蒸镀机 ，要知道 ，韩日可是世仇 ，比我们更刻骨铭心 ，当时还有慰安妇的事件 。而日本的屏幕工业正在大奔溃的开始 ，而日本人为什么不利用这独特的垄断再创辉煌 ，至少可以挣扎一下 ，而当时一年只生产八台的蒸镀机也没挣多少钱 ，就业也就几百人 。真的挺烧脑的 ，据说是因为三星在他们最困难的时候救了他们Canon Tokki ，所以三星有优先权 ，当年的产能七台去了三星 ，哈哈哈哈 。到底什么才是优先的 ，有点费脑子 。后来京东方也订到了一台 。再后来 ，我没看上显示屏工业就没有追踪了 。 上大学的时候看过一部小说 ，大概叫 《二十一个半 》 ，讲钢铁工业的点点滴滴 ，里面讲了一些创新的本质 ，还挺有意思 ，里面很多困扰行业几十年的大难题 ，被内行人交杯之间就解决了 。因为有些东西的解决方案就是那么巧妙 ，哈哈哈哈 。聊点化工行业有趣的事 ，上大学的时候 ，老师讲了个故事 ，大概是讲有个化学家参观一个染料厂 ，和工人聊天 ，突然有个老师傅要离开一下 ，要去搅拌一下 ，还把罐子敲得很响 ，老师傅回来以后 ，还神秘跟化学家讲 ，有个控制质量的秘诀 ，就是大声敲罐子 ，声音越大质量越好 ，后来化学家思考了一下 ，更老师傅讲 ，他可以不敲罐子生产的质量更好 ，其实解决方案就是在罐子里撒点铁屑 ，可能是很久以前的故事 ，当时人们还没有弄懂铁的络合物在染料中的作用 ，知识有时候是可以对经验进行降维打击的 ，我的化工生涯也有几次类似的得意之作 ，还太敏感 ，就不分享了 。倒是可以分享一个真实的妙手偶得的解决方案 。2009年我的前前公司被巴斯夫收购了 ，大概是我职业生涯最难受的一件事了 ，后来巴斯夫亚太几乎所有的搞生产都来我们厂参观 ，因为他们听说我们的化工自动化几乎可以做到无人值守 ， （这里得意一下 ，那套系统就是本人操刀的 ，连转置第一次开工也是全自动的 ，应该从来没有人在大化工装置上做到了这一点 ，开工那天中间有一次我都想出手干预一下 ，被我的小老板阻止了 ，叫我们忍住 ，再等等 ，哈哈哈哈 ，今天的重点不是这个 ） 。后来中午吃饭的时候 ，有个BASF的技术人员坐到我和厂长这一桌 ，对我们的厂长自我介绍 ，然后问我们的意大利厂长 ，当年你多年前在意大利生产的有个产品到底是怎么生产 ，他们研究了很久 ，什么都应该对 ，可是最后的产品总是不合格 ，现在我们是一家人 ，你可以透露一下 ，到底是怎么干的吗 ？我们的大胡子厂长说 ，not yet 一家人. 就没有告诉他 ，其实告诉他也是违规的 。后来估计老板也憋不住 ，就像今天的我 ，偷偷告诉我 ，那个产品一定要在晚上生产 。有时候解决方案就是这么简单 ，哈哈哈哈 。我自己在前前公司的地位有点像今天乌克兰的叶尔马克 ，那时候我们经常聊到一个新催化剂在一个产品中应用 ，我们因为生产同家族的产品的缘故 ，就经常聊起 ，但是所有人都有默切 ，从来不提催化剂是什么 ，我也就没问 ，其实大概也就我一个人不知道 ，因为他们几个都是瑞士来的 ，实验是在瑞士工厂做得 。一年多以后 ，我在做另外一个不相关的产品的时候 ，突有所得 ，吃饭的时候和厂长聊天 ，说 ，那个新催化剂应该是XXXX. 他愣住了 ，半晌说了句 ，是的 。事后就再也没提这件事 。哈哈哈哈哈 。这是我这辈子最得意的事之一 。更得意的是 ，即使是叶尔马克 ，也不能知道所有的事的系统 。 碎碎叨叨聊了一大堆 ，都没个重点 ，上面讲的背景 ，大概能看出我为什么总是强调知识产权 ，对抄袭深恶痛绝 ，我有个好朋友 ，十六七年前 ，有一天 ，悄悄的告诉我 ，有家国内的公司想挖他 ，除了薪水 ，还愿意出一千万美元买它前公司 （一家日本公司 ）的技术 。 （他设计了那套装置 ，后来日本人挖他去开工 ，后来他做了那家日本公司的叶尔马克 ，但是日本公司中 ，无论你多重要都还是生活在决策阴影中 ，他就跳槽来了这家瑞士公司 ，和我做了同事 ） 。他拒绝了 ，理由是他没有技术了 ，哈哈哈哈 ，其实他有成套的设计细节和生产经验 。要知道当时他的薪水大概也就10万美元一年 。1000万美元 ，不知道有多少人经受得了这样的诱惑 。我上次在 《我的贵金属缘分 》的帖子里讲的书 ，我就送了他一本 。还是没有讲到标题的重点 ，这么迂回 ，就是希望小编刀下留情 ，别删了我的帖子 。技术突破有时候不是看你有多努力 ，多大的决心 ，很多时候就是机缘巧合和刚好需要 。知识产权是很有价值的 ，无论如何都应该尊重 ，老美经常用专利来保护 ，日本最懂XX, 很多时候就不申请专利 ，他们默默积累很多这种偶得 ，虽然不难 ，但也不一定大力就能出奇迹的发现 ，我们不应该把他们推到对手家里 ， 今天$康方生物(09926)$ 和$西部水泥(02233)$ 都不错 ，希望这个月好好表现 ，年内都突破新高 ，哈哈哈哈哈,"
365148380,,238,104,2,1/6,https://xueqiu.com/9236758887/365148380,2025 川P的儿童帐户 前几天在滨海花园闲逛 ，偶然间听到川普在白宫高调感谢戴尔夫妇向美国儿童的个人理财账户捐献62.5亿美元 ，可能是有史以来最大的个人捐款 。即2500万儿童每人250美元 。这个账户是最近川P号召下成立的 ，美股政府有意给每个账户加入1000美元的启动资金 ，账户在孩童未成年前受父母监管 ，但是不能动用 ，账户基本追踪美国股市主流指数来增值 。 一时间很受感动 ，这可是真正意义上的缩小阶层差距的努力 。如果有更多的企业家或富人加入 ，这可以让更多的儿童摆脱出生的困扰 ，特别是单身黑人家庭 ，如果这笔钱能增值到10-20万美元 ，是可以改变很多人的人生 。听新闻的意思 ，外人都可以向特定账户打钱 ，企业向员工子女 ，特定组织向会员的子女 。儿童成年后可以决定如何使用这笔复利增长后的资金 。这将是改变很多人命运的利器 。这比左派的烂发福利好太多了 。建议简单按人头来开设账户 ，不加任何定语 。接管时间按个人成长来定 ，上大学孩子的按入学日 ，服兵役的按服役报到时间算 ，入狱和管教所的 ，按出狱后外加加服刑时间算 ，逻辑很简单 ，服刑不算成长 ，哈哈哈哈 。 用钱来给底层人民一定的选择和自由 ，让底层看到努力和向善的希望 。孩童靠个人努力决定支配资金的时间 。很多国家可以学起来 。新加坡也可以学起来来鼓励生育 ，还有日韩 。
367508382,,483,465,13,1/6,https://xueqiu.com/9236758887/367508382,"2026 我的黄金矿组合今天更新了我的2026的组合 ，有点偷跑的意思 ，刚好这几天我的重仓股阴跌 ，目标股的股价也都还在健康的低位 ，赶紧把2026的组合开出来 。这样也比较容易聊聊我的2026的预期 。这个帖子就不聊我的2026的组合 。聊聊我的黄金矿的一点体会 ，刚好雪球的组合也不能跨市场选股 ，而且澳洲和加拿大的许多黄金标的甚至不能放在组合里 。 我以前不是一个黄金的爱好者 ，简单的原因是黄金不能创造现金流 ，只是赌场的筹码 。今年八月底 ，朋友介绍ERD ，我刚好有空看它两个高管的视频介绍ERD在蒙古国的金矿 ，开始了我的金矿投资 ，两个月以后 ，基本明确金矿的组合会是我的第七只超级重仓股 ，到现在大概仓位30% ，加仓了几百次 ，前后选了十几只标的 ，今天聊聊我的逻辑 ，作为黄金新人欢迎砸砖 ，哈哈哈哈 。 黄金有许多独特的优点 ，天然是货币 ，稳定 ，匿名 ，方便转移 ，总量受限 ，跨越历史和民族 ，哈哈哈 ，我八月开始少量投加拿大ERD ，STGO ， KNT到澳洲HRZ, FML ，AIS ，CEL ，到确立小七的地位 ，开始投GDXU ， HYMC ，VGZ ，到最新的金锑组合 ，NVA ，LRV 。运气不算太好 。涨得最多的FML和HYMC都只是观察仓 ，运气也不算差 ，违背我一贯原则的不买ETF ，不加杠杆而买得的GDXU ，近期涨的很好 ，一个半月翻倍 ，我还加了最重的仓位 ，哈哈哈哈 。这两个月所有投入的资金大概也有50%的收益了 ，我没有仔细算 。 1. GDXU ，我选股一般弹性优先 ，金矿弹性好的就是过去垃圾金矿 ，VGZ ， HYMC ， HRZ ， NVA都有点这个意思 ，开采成本高 ，有难度 ，开发遥遥无期 ，没有黄金出品 ，没法出价 。 这些金矿对金价极其敏感 ，对增发也极其敏感 ，股价波动大 ，不过我喜欢 ，哈哈哈哈 ，我这里选了GDXU来对冲这些近期没有黄金产出的标的 ，GDXU的组合 75%来自大金矿的组合 ，可以实时体现金矿黄金产品的收益 ，又有三倍杠杆 ，这个杠杆只是增大波动 ，不会清零 ，我喜欢 ，所以投了40%的黄金仓位 。收益好且安全 。只是没有具体的矿来分析 ，不像以往的投资 。 2. NVA/LRV ， 9 ：3金锑矿 ，锑作为武器弹药的必需金属 ，武器上的需求会持续增长 ，美国明年应该在300%以上 ，而且由于地缘政治的原因 ，西方给自己的锑矿出保底价50000美元一吨左右 ，是以往市场价4-5倍 ，这个挺合理 ，而且武器生产商喜欢合理的高成本 ，有动力把成本做高 ，这个很容易想明白 。NVA是理想标的 ，而且黄金储量巨大 ，有了锑的由头 ，所有动作都会快进 。这几天加了15%的黄金矿仓位 ，哈哈哈哈 ，LRV是NVA的短期预演 。我按一吨锑等于10盎司黄金来估值 。 3. HRZ/HYMC ，11 ：1 ，金银矿 ，HRZ实现的时间会快得多 ，今天又宣布扩大生产设施的产能 ，上个月暴跌 ，我都忘了为什么 ，没有理由 ，现在从低点翻倍了 ，哈哈哈哈 ，HYMC从买入观察仓就一直涨 ，让人没办法加仓 ，哈哈哈哈 。HRZ不到两亿美元市值 ，都买不了他的220万吨年处理能力的精炼厂 ，何况一堆金银矿生产在即 ，一直在加仓 ，就没有大声喊出来 ，哈哈哈哈 。15%的黄金矿仓位 ，银我按60 ：1来换算黄金 。 4. AIS/CEL ，6 ：6 ，金铜矿 ，如果你还看好铜 ，选个金铜矿是不错的选择 ，AIS受增股影响 ，股价一直在低位 ，CEL ，2026开始产金 ，建自己的精炼厂还需要时间 ，它的金矿超级好 ，看看洛阳近期买的金矿的出价 ，哪天CEL卖个中美洲的金铜矿全 ，可能股价瞬间翻几倍 ，哈哈哈哈 ，15%黄金矿的仓位 ， 铜我按1吨等于1盎司黄金来估值 ， 5. ERD/STGO ，4 ：8 ，低成本金矿 ，ERD的储量远好于报表上的 ，STGO因为ATO矿二期融资造成最近股价低迷 ，我也又一次赌业绩失败 ，不过生产设备都订了 ，又能拖到什么时候 ，从七月开始 ，STGO的黄金从2200美元左右的协议价变成了市场价 ，会是一个质的飞跃 ，我估计它的H2利润会增加很多 ，没准自己钱都够ATO二期的了 ，所以才有融资定不下来 ，我估计STGO的利率高过蒙焦去年的12.5% ，哈哈哈哈 ，15%黄金矿的仓位 。 我的黄金矿经过三个月的加仓 ，目前到了30%仓位 ，从黄金 ，到白银 ，到锑和铜都有覆盖 ，本来想做个组合分享一下 ，雪球柔合不了不同国家的组合 ，有点可惜 ，我估计他们2026收益会高过我的主组合 。港股我也看了一下 ，我选了亚太资源 ，作为GDXU的平替 ，昨天也加了点观察仓 ，确保自己会学习和跟踪 。如果你买不了这些 ，国内的标的 ，我没加仓 ，应该是大众喜欢的那几只最合适了 。写这个帖子的时候 ，金价也达标我几个月前的预期2025 ，4500美元 ，哈哈哈哈 。估计2026金价也不会和预期的差多少 。不过这不重要 ，金矿靠目前的金价2026就能翻天覆地."
367969578,,632,293,12,1/6,https://xueqiu.com/9236758887/367969578,我的组合 ： 好雨2026前几天更新了我的2026年的组合 ，由于雪球不能跨国家选股票做组合 ，所以2026的组合实际只是我的投资的港股部分 。2026年有30%左右的股权在海外的黄金矿 。港股大概占70%左右吧 。今天聊聊我的港股标的 ，我的投资一贯有延续性 。虽然2026标的和我的2025的组合有了不小的差距 ，所有的标的基本都在我的日常发言中聊过 。 组合中主要是$西部水泥(02233)$ 和$康方生物(09926)$ ，这俩只在我的实际持仓中占44%和24% ，仓位下降主要是近期股价下跌引起的 。由于他们的预期都远未兑现 ，所以2026自然还是我的重仓股的前两名 。西部水泥的利润释放才刚刚开始 ，随着一个个非洲新水泥厂的投产 ，未来几年大概都能维持50%左右的利润增速 ，我估计2026埃塞莱米才进入利润释放期 ，和中国不一样 ，非洲运输和国家利益不同 ，每一个水泥厂都会极大的改变当地的生态 ，甚至一下子增加100%的产能 ，建设周期和难度也远高于国内 ，其它本地或跨国公司的水泥厂肯定卷不过咱们 ，加上我们在大基建材料上本来就有技术优势 ，非洲以前的公司要么卖身 ，要么合作 ，要么活在政府的保护伞下 。西水有私人企业效率和利益激励 ，又有二股东海螺的监督和资金兜底 ，会是最好的非洲人口激增的标的 。我现在还看不到西水的天花板 ，虽然利润释放会有这样那样的偶然因素 。像今年2025的M23叛军活动 ，2024年的埃塞货币改革 ，但是都不影响大方向 。希望2026 ，西水能登基成为我的第六只超级重仓股 ，哈哈哈哈 康方生物是我创新药唯一的标的 ，我从2021开始投它 ，康方的从来没有在药品数据和进程上让我失望过 ，这也是为什么我前几年从来没有感受过创新药的低潮 ，哈哈哈哈 ，它的AK104 ，AK112 和AK105的大适应症终于都走完了医药的里程 ，2026都进了医保和指引 ，2026会是全新释放销售和利润的一年 ，SMMT也会有许多里程碑 ，对康方唯一要做的事 ，就是准备好钱 ，有人造谣砸盘的时候就补仓 ，哈哈哈哈 。我相信康方2026会好于2025 ，哈哈哈哈 。 除了这两只 ，我还要一些观察仓 ，用来发掘未来的标的 ，虽然只有2%的仓位 ，但是花的时间倒不少 ，这里选了5只 ，中芯 ，青鸟 ，亚太 ，蒙焦 ，和华大 ，放大仓位到25% ，来弥补海外金矿进不了组合的空缺 ，我对2026的预期是50%收益 ，应该可以通过西水 ，康方和金矿来实现 ， 2026 ，我不着急寻老八了 ，会优化目前的金矿和多金属组合 ，GDXU ，NVA ， HRZ 。同时希望小六西部水泥登基 ，并且有在未来维持分红的指引 ，同时可能需要寻找备份的分红股来确保我2027年以后的生活的现金流 ，哈哈哈哈 ，苦命的人 。
368682829,,933,511,11,1/6,https://xueqiu.com/9236758887/368682829,"你好, 20262025我的人生有了很多变化 ，投资还算顺利 。年初做的组合深渊2025收益99.5% 。实际持仓年终总104.9%的收益 ，折腾一年 ，几乎每天都有操作 ，多收了5.4%, 哈哈哈哈 ，还好过程也是收获的一部分, 特别是小七上有了思路 。最近虽然重仓股乏力 ，好在新锐未来小七黄金矿不错 ，哈哈哈哈哈 。 现在我的股票港股70%和美加澳市场30% 。主要的收益来自$西部水泥(02233)$ ，$康方生物(09926)$ 和GDXU 。目前80%的仓位集中在这三只股票 。2025最成功的操作是在八月换了一些金矿 ，和十一月又换了一些金矿 。这样年末看着别人的金矿上涨心里就不慌了 。2026我的三只重仓方向都还有不错的潜力 ，所以2026的组合 ，好雨2026 ，破例早早就分享了 。 康方的股价最近受压 。不过康方的潜在亮点很多 ，随时都有好消息 ，康方是消息驱动 ，只要盯着消息即可 ，还要多准备点钱 ，防止有人别有用心 ，康方大概率会成为ZG创新药的旗手和国际医药入门级玩家 ，这个和其他炒股型的医药公司价值不一样 。这只股票不能缺席 ，只需陪伴 。 西部水泥是2024年的意外收获 ， 2026 ，西水非洲进入全面开花的时代 ，从三架马车 ，进化到百舸争流 ，股价随时会爆发 。希望西部水泥2027以后加大分红至50% ，这样我就不用找分红股了 ，退休现金流也就有了保障 。 2025 ，金矿股的逻辑也逐渐清晰 ，黄金当世存量跟不上最近20年移动互联网所带来的财富增长 。今年人工智能可能又带来一波新的财富创造潮 ，而黄金恰好是人类鲜有的有共识的财富标的物 。近年金矿的开采成本的增加 ，也要求金价摆脱过去被人为打压 ，特别是美元的打压的状态 ，我过去虽然不喜欢黄金这种没有现金流的标的 ，但是金矿却是有实实在在的现金流的行业 。 2025的收益率还行 ，但好在本金的扩大了 ，所以2025又是超越以往所有股市收益总和的一年 。而且康方生物 ，22% ，西部水泥 46%和金矿  （30% ）都有了足够的仓位 。 分享一下这几年投资收益 ， （小资金量 ，没有代表意义 ） 2018 18.7% 2019 59.8% 2020 139.1% 2021 42.0% 2022 14.2% 2023 95.8% 2024 45.8% 2025 104.9% 2025终于从不用看老板脸色了进化到了2026没有老板了 ，过程有些意外 ，所以心情有些复杂 。虽然比计划中要早一些 ，但是也给我未来的改变赛道留下了足够的时间跑道 。2026我最重要的任务是寻找一只美股应对未来变化的世界 ，这个是2025 没有完成的任务 ，现在暂时用特斯拉和谷歌在观察世界 ，生活不仅仅是赚钱 。 深渊2025是我过去几年系列组合的最后一个 ，好雨2026是未来系列组合的第一个 。2026我的目标收益是60%, 这个大概可以靠目前的三只重仓股来实现 。我因为投的比较分散 ，所以个股可以承受较大的风险 ，以往我选的票股波动都很大 。也只有足够的成长空间的股票 ，才有可能会成长为超级重仓股 。由于资金量的变化 ，这几年下一只超级重仓股一般都能有上一只收益的两倍左右 。 这里得意一下 ，我以往的每一只重仓股好像行业都不同 ，除了协鑫那个行业被卷坏了 ，他们在2025 都还在创新高 。1 ）科技 ，特斯拉 ，2 ）芯片 ，中芯国际 ，3 ）光伏 ，协鑫科技 ，4 ）资源 ，蒙古焦煤 ， 5 ）创新药 ，$康方生物(09926)$ 。 西水大概率会是我的第六只超级重仓股 。希望2026西水能达成它成为超级重仓的所有指标 。当然黄金矿GDXU要是抢跑我也没意见 ，哈哈哈哈 。 2026 ，你好 ！ 这里致谢朋友们在雪球给我的投票 ，我也因此有幸收获2025人生新赛道的奖项"
369167827,,684,367,0,1/6,https://xueqiu.com/9236758887/369167827,感谢关心我的人们$西部水泥(02233)$ 昨天是新年后的第一个完整的交易日 ，感谢市场 ，我拿到的收益大概是我自己2025税后工资收入三倍 。我知道很多线下的朋友当心我2026 “失业 ”以后的生活 ，这里真心谢过 。生活在八年前已经为我打开了另一扇窗 。 虽然我一直很自豪是一个过于自信的化工技术大拿 ，但是人性和这个变化的世界我也还算懂点 ，哈哈哈哈哈 ，现在也可以用它来换钱养家 。等时机成熟 ，我会介绍一下一个化工人的化工24年 。再次感谢关心我的人们 。祝大家健康快乐充实每一天 。$康方生物(09926)$$金矿指数3倍做多ETN(GDXU)$
369594120,,689,581,19,1/6,https://xueqiu.com/9236758887/369594120,科技与未来的思考 （1 ）我手头关于人口老龄化 ，非洲人口增长 ，人类财富增长的标的物 的股票都已经落槌了 。是时候思考这世界的新变化了 ，不然要被嘲笑是老登了 。 这些年我们最大的贡献是什么 ，应该是快速工业化和承包了全世界的工业品生产 。创新应该还在路上 ，主要是目前机制还不能保护创新者的巨大投入 ，即使成功了也还要和后来者一起卷 。这些主要是因为以生产过程的增值税和GDP为导向 ，导致地方ZF还没有动力保护创新 。都只是想吸引投资和本地生产 。这大概也是我们卷的根源所在 。至于那个伪创新的5 generation ，也就是骗骗老板 ，反正我是没有感受到进步 ，哈哈哈哈哈 。还和神棍搞在一起 ，不知道是可怜还是可恨 。还把世界都带偏了 。还好有星链纠偏 。只有客观的看世界 ，才能积小步而成千里 。 那么最近十几年最大的创新是什么 。 第一应该是所谓的移动互联网 ，其实移动互联网那只是平台 ，所以三大运营商股票没怎么涨 ，第一是移动互联网带来的新世界 。这个新世界起源是苹果的APP store 。 微信 ，美团 ，抖音 ，Instagram ，雪球都源于此 。乔布斯开创了一个新世界 。苹果也长期全球市值第一 。以才配位 ，哈哈哈哈 第二应该是世界从机械的转向电子的 ，标志就是特斯拉汽车成功和波士顿液压机器人失败落幕 。特斯拉的专利分享也造就无数新能源汽车 ，电池 ，锂矿 ，钴矿 ，铜矿 ，对应的股票是特斯拉超过汽车世界的一半 ，宁德时代和矿业巨头紫金破万亿 ，而我最看好的洛阳是自己作死 ，把钴扩产太多 ，十年之间从0% 到全世界40%的钴产能 ，不然也许能并驾齐驱 ，哈哈哈哈 ，于泳快醒醒 。 第三应该是mRNA和各种免疫抗体在医药上的应用 ，人类开始从基因层面研究药物的时代 ，而不是病症本身 ，MSD ，辉瑞 ，BioNTech ，还有小芳 ，哈哈哈哈哈 ，带点私货 ，小芳AK117如果成功 ，真有这个地位 。医药进步对应得股票是MSD的K药的药王地位 ，辉瑞新冠时期的天量利润 ，BioNTech的横空出世和崛起 ，和未来的小芳的绽放世界 。 正在发生的 第四 ，Chat GPT和大语言模型 ，让机器从此可以理解人类的语言 ，让碳基和硅基交流变得容易 。贡献最大的是伊利亚的伯乐和金主Google和马斯克 。Google现在拿到属于自己应得的市值 ，马斯克也在自己的FSDV11遇到发展的绝境后 ，有了新辟的蹊径从而造就FSDV14.2 ，算是善有善报 ，NVDA的CUDA和GPU计算也就是捡了个皮夹子 ，当然功劳苦劳都还是有了 ，尽管都不是决定命运的创造但也造就现在的市值霸主NVDA 。AI的牛刀小试还会将未来霸主GOOGL推上高台 。至于产业链后面的造个板子 ，液冷 ，通讯连接 ，甚至搭个机箱也都能涨十几倍 ，哈哈哈哈 ，这些还是AI大脑的硬件部分 ，最多算是的前菜 。 未来将要发生的 第五 ，FSD ，这是马斯克对汽车行业的又一个贡献 ，整个运输行业会被彻底改写 。汽车设计也会彻底改变 ，办公环境也会改变 ，人们的生活也会开启新思路 。我去年年末赶紧买辆新车开开 ，怕以后也许就不让人开车了 。哈哈哈哈哈 。特斯拉的汽车硬件现在值2000亿美元 ，FSD大概值10000亿美元 ，这还是考虑到将来有人要抄袭 ，不然FSD直接5万亿美元 ，因为驾驶汽车是人类花最多时间的单一行为 。希望这个世界给马斯克一个公平 ，抄袭是应该要付费的 ，不然不可以进市场 ，哈哈哈哈哈 ，典型的特斯拉股民的想法 。这里注意 ，抄袭FSD的人的产品是没有估值的 ，因为有了第一个抄袭自然就有了第二个 。就像去年春节很火的DS现在都没有国内的其它大模型好用 ，也就没法估值 。维持高消耗的科技的竞争力是需要天量的资金 ，小玩家也根本不可能搞出来 。无缘无故一下子出来的好东西都有猫腻 。就像一堆PD-1/VEGF双抗从农民工手里就搓出来的那样 。我是不信 。哈哈哈哈 写了一大堆 ，希望能对过去的世界变化有点理解有点帮助 。未来的世界就暂时不写了 ，股票还在寻找中 ，将是我2026的任务 ，还有时间 ，希望会有小八产生 。哈哈哈哈哈 ，$特斯拉(TSLA)$$苹果(AAPL)$$康方生物(09926)$
370898124,,1183,465,1,1/6,https://xueqiu.com/9236758887/370898124,问汝平生功业 ，黄州惠州儋州今天拿到平生最后(如无意外的话)一笔劳动所得 。算是和公司和平分手的补偿 。这一天来得有点不由分说 ，心里总是怪怪的 。 太太问我2026新年的第一个星期在家感觉如何 ，我说其实和过去没有太大的区别 。工作做久了 ，又是自己擅长的东西 ，别人都觉得我那个工作应该挺忙的 ，其实每天真正工作时间不到20% 。我又不喜欢内耗 ，也就不给别人找麻烦 。加上我也对自己的专业能力很自负 ，不需要装着很忙 ，所以也就不用掩饰的轻松 。最近几年大部分时间都何现在差不多 ，上班就在琢磨这个世界 ，直白一点就是思考哪个行业的股票有未来 。这和上个星期每天做的事也差不多 。不同的是 ，我现在有20%时间用来逗女儿开心 。原来通勤的时间还可以遛遛猫和锻炼身体 。至于收入 ，上个星期挣了过去八年的工资收入 ，看来过去我用20%的时间工作也对得起公司的工资了 。在新加坡 ，还没有资本利得税 。至于本可以做更多的贡献 ，谁让公司也没付钱 。没准人家还不高兴别人指指点点 ，所以就一直和周围的人一起的开心的休闲地工作着 。哈哈哈哈哈 ，大概知道我为什么这么讨厌内卷了吗 。其实绝大部分人的工作本可以和我一样 。今天不谈具体的东西 ，我大概在接下来几个月写一下我的化工生涯的墓志铭 ，这个在去年年中的帖子里就预报过 ，看来真的不能乱说 ，一语成谶呀 。到时候还请大家捧场 ，只是应该对投资没什么用 ，也许对化工的理解有点意思 。 很多人问我读过哪些投资的书 。还真没有读过 。股票的基本操作也只会买入和卖出 ，什么工具都不会 ，开市竞价还是蒙古焦煤2024/3/8暴跌以后才明白的 。美股盘前交易也是买了GDXU才知道有这么个东西 。看着别人丰富的工具箱 ，上个星期赶紧弄了一个IBKR的账户 ，想看看美国人的券商到底有什么工具 ，不然在雪球上有时别人操作的文章都看不懂 ，哈哈哈哈 。花了一个周末仔细的思考了一下 ，2026接下来应该做一个科技组合 ，不过钱还没有着落 ，有了黄金矿的例子 ，我对组合操作比对单股更有信心 ，何况科技本来就复杂和多变 。希望可以找到小八 。这样也对得起我曾经用了八年的雪球标签 ，关注科技进步的化工工程师 ，哈哈哈哈 。 作为一个从知识非常缺乏的年代出来的人 ，我在12-13岁左右 ，在一个卖旧书的摊子上买到一本趣味数学 ，极大的提高了当年我对数字世界的理解 。后来在13-14岁左右 ，有一次帮我的数学老师看家 ，在他的书架上看到一本简明哲学 ，让我对世界的理解超越那个时代的同龄人 。哲学影响了我一辈子 。还有就是思想成熟以后 ，40多岁时读了哈耶克的通往奴役之路 ，算是印证了自己几十年对社会的理解 ，哈哈哈哈 ，人也就愈发显得怪了 。写这些 ，回答了一些人的过往提问 ，其实主要是写给自己的记忆 ，没有其它意思 。一笑了之 。 今天这个标题是一个 ，一辈子非常乐观洒脱又不得志的人生前写的最后一首诗 ，前两句是 “心似已灰之木 ，身如不系之舟 ” 。 不知道他为什么用这么一首诗结束他一生伟大的创作 。看上去极其悲观 ，最后一句又是最简洁和坦荡的墓志铭 。和我的化工生涯有着无限的共鸣 。这首诗是在镇江的金山寺写的 。
371075331,,456,275,9,1/6,https://xueqiu.com/9236758887/371075331,科技与未来的思考 （2 ）能源篇本来想晚一点写 ，等全局想通了再写 ，可是牛市的节奏太让人煎熬了 ，不像熊市可以细嚼慢咽 。还是决定想到一点写一些 ，不然最后想通了 ，股价也是物是人非了 。首先科技与未来的思考 （1 ）是对过去的总结和反思 ，没什么压力 ，也不像2025年初写的那篇2025科技股的思考 时候的市场 ，很多科技公司还在低位 。今年要写科技的主要不是为了挣钱 ，不然即使现价 ，2026金矿股应该收益更好 。但是尽管很难 ，伟大的公司肯定只能是科技公司 ，因为科技可以让生活更美好 ，所以无论对错 ，不为赚钱 ，来一点科技股 。不然真的只是每天看财报比较百事和可口谁该多投一点钱的老登了 ，哈哈哈哈哈 。 准备了3%的仓位 ，高于去年的1% ，资金量是2025科技股的六倍 ，目标还是八家公司 ，四中四美 。如果发现有小八的可能 ，再加4倍到12%的仓位 。哈哈哈哈 既然不等全局 ，那么就从基础开始写起 。最近马斯克和老黄认为科技最后的竞争是能源竞争 ，其实不是 。能源在科技面前不值一提 ，因为太容易获得了 ，用煤烧开水发电是没有人不会的 ，我们也不可靠用煤发电赢得能源竞争的 ，其实大家都不缺煤 ，这玩意全世界每个大的地区都有除了北非和中东 ，那地方人家有油和气 ，哈哈哈哈 。撕破脸大家成本差不多 ，也就没什么竞争 。第三代核能 ，中 ，美 ，欧 ，日基本都在同一水平线上 ，也没什么本质区别 ，多强调一点被动安全 。多花很多钱是真的 ，最后其实是资本竞争 ，那么底线是谁能承受高一点电价 ，日欧占优 。相信他们会更有动力 ，欧洲被白左打乱了节奏 ，会回过味的 ，不然就是该死 ，也不可惜 。 日本被311吓到了 ，也会回过味的 ，日常生活的痛会矫正判断的 。风电看自然条件 ，欧洲不错 ，日本风电能量密度不够 。最惨的是台湾 ，耗电大户 ，什么能源都没有 ，明明可以用核四 ，钱都花了 ，还不用 ，神经病 ，老老实实烧煤吧 ，看看绿党是怎么污染环境的 ，满口仁义道德的基本都没有好东西 ，哪里都一样 。 我都不知道最近那些炒核能股票的准本好付高电价了没有 。还有就是更玄幻的炒核聚变 ，我上大学的时候 ，就说欧洲要搞个实验装置 ，预算130亿欧元 ，那玩意搞成了 ，图啥 ，全民高现价吗? 的确是高科技 ，真的高 ，难 ，弄成了原料基本无穷无尽 ，基本免费 。问题是现在的核电里的原料占成本多少 ，有一毛钱 吗 ？大头是资本和日常管理和维护 。再搞一个更贵几倍的装置 ，激光瞄氘球 ，超导托卡马克 ，哈哈哈哈 ，电价能便宜才怪 。这玩意是人类征服宇宙的必须的技术 ，那是马斯克的事 ，钱和墓志铭 。资本市场热闹个啥 ，哈哈哈哈 ，也对 ，就是个赌场的筹码 ，越难懂越显得高大上 。 太阳能 ，都烂大街了 ，欧美日韩中都会 ，但是国内产业链完整 。全世界协鑫成本最低 ，最绿色 。一个大行业总的有个代表 ，能源科技就它了 ，股票赚不赚钱 ，不知道 ，从2018年以前就开始关注的老公司了 ，还熟悉 ，股价估计也跌不下去了 。老朱 ，要有底线 ，高薪我忍了 ，别玩小把戏 ，谁也不傻 ，哈哈哈哈哈 。 还有大规模储能的最好方式是抽水电站 ，主要由地理环境决定 ，也没什么技术含量 。没有区分度的能源行业不投 ，不能带来低成本的能源的行业不投 。$协鑫科技(03800)$
371310872,,340,264,7,1/6,https://xueqiu.com/9236758887/371310872,"科技与未来的思考 （3 ）芯片篇昨天随口论写的能源篇争议很大 ，哈哈哈哈 。这里再次说明一下这个系列的目的 。不是为了挣钱 ，主要是为了观察世界 ，如果为了回报 ，2026的金矿应该远好于我了解的科技 。但是科技是人类进步的灵魂 ，总要有点参与感 ，何况我的历史上第一第二只超级重仓股都来自科技 。为什么要写能源 ，是我线上和线下的朋友都问我对能源怎么看 ，包括黄仁勋和马斯克最近对AI缺电的评论 。我的结论是能源虽然是本质 ，但是能源不难 ，能源普遍的存在 ，煤电不是独门科技 。核电 ，我曾经花了非常多的时间研究中广核电 ，包括核电站的技术演变 ，我曾经想把中广核电当作我退休的稳定入息股作为生活开销的基石 。所以就随口聊了聊 ，哈哈哈哈哈 ，结果评论区可乱了 ，很少见 。观察能源还有一个非常好的方法 ，就是看工业电价 ，我以前做项目的时候 ，仔细和正式的比价过中美的工业电价 ，没有什么差别 ，也可以问问曹德旺 。现在估计也差不太多 。 如果能源是我的专业 ，今天聊的芯片就是我的爱好 ，都不专业 ，随口瞎聊 ，也不想去用AI检查对错了 。芯片肯定是未来社会的基石 ，虽然可能没有软件赚钱 。今天只讲芯片生产制造商 ，不讲设计公司 ，像苹果 ，英伟达 ，高通之流就不在今天讨论之列 ，以后会单独讲设计 ，软件 ，应用和通讯 。芯片主要有逻辑 ，存储和功率半导体三大类 ，我自己乱分的 。 逻辑 ，是重中之重 ，逻辑生产应该可以跨界到存储 ， （有长江存储和SMIC历史关系为证 ） ，哈哈哈哈 。逻辑大概十来家 ，三家比较特殊$台积电(TSM)$ ， SMIC和$英特尔(INTC)$ 。分别代表 ，世界 ，中国和美国 。为什么不选TSMC ， 主要是太贵 ，而且也受到后面两位的国家打压 ，还都很野蛮 ，幸亏TSMC技术实在是牛 ，所以市值YYLX 。 为TW人不屈不挠点赞 。 想起当年王雪红硬刚INTC ， 好像DDR内存架构就是那位姑娘搞出来的 ，还影响的世界几十年 。总结所有因素我选INTC 。空间不错 ，当然没有800亿美元时候好 ，好在18A出来了 ，也用了全新的架构 ，INTC的FinFET架构的噩梦时代终于过去了 ，希望INTC能从回它的Tick Tock节奏 。我觉得可能14A也会顺 。制造曾经是它的强项 。只是FinFET是梁孟松的天下 ，从1985年的博士论文就开始了 。TSMC ， SMIC和Samsung的FinFET都有梁的影子 ，哈哈哈哈 ，是梁神 。 题外话 ，从中国人的角度讲 ，Tick Tock是一个非常用单词 ，我第一次见到这个词就是用来描述INTC的芯片节奏的 ，不知道为何最后和抖音扯上关系 ，哈哈哈哈 。这里就不多讲 ，免得审查过不了 。我看到INTC进万亿俱乐部的空间 ，算上风险 ，空间还是不够大 ，成不了小八 ，如果是去年这个时候的价格应该可以 ，谁让去年年中有了小芳的机会 ，年底又有了黄金矿的机会 。 太啰嗦了 ，存储 ，典型的周期行业 ，只是这一轮加上了NVDA的需求HBM 和eSSD 的外挂 ，所以会更持久和猛烈 ，外加看不到边的AI和谁都输不起的时间差 ，公司简单就三家 ，SK ， Samsumg ，MU ，还有一家是我提过的国内唯一没有知识产权问题的高科技企业 ，兆易创新 ，哈哈哈哈 。半岛体重镇 ，韩国 ，我要选一家 。就SK吧 ，而且他和INTC还勾勾搭搭 ，我喜欢 。估计今年利润超过TSMC ，哈哈哈哈 ，就问牛不牛 。即使是一次性的钱也是钱 ，何况好像能维持几年 。谁让AI 太快了 ，谁也等不起 ，甚至没时间试错 。只能是它了 。 功率半导体是我最不确定的是 ，大国水平到底如何 ，会不会卷到毁掉整个行业 ，像光伏 ，哈哈哈哈 。不过看到大鹅战场上用坦克运洗衣机 ，就知道这玩意重要 ，强电和弱电的桥梁 。欧洲刚刚弄出恩智浦的事情 ，那么这家ST就显得更是独苗了 ，为了观察的多样性 ，就选它了 。我估计最后特斯拉也会下场造这东西 。但是我还是选$意法半导体(STM)$ ,哈哈哈哈哈 。给欧洲留点希望 ，也许这个世界真会Tuo钩 。何况它便宜 ，才200多亿美元 。 不想写得太多 ，本文也只讲了有实际生产芯片的公司 。全是业余爱好者的观察 。我也投的不多 ，不在乎赚不赚钱 ，重在参与时代最伟大的行业和公司 。如有荒谬之处 ，一笑了之 。写完这篇就暂时不写了 ，我要找股票赚钱了 。哈哈哈哈"
373230876,,495,489,12,1/6,https://xueqiu.com/9236758887/373230876,金融是一个可怕的行业$金矿指数3倍做多ETN(GDXU)$ 一个简易的财务自由需要多久 ，也许只要三个月 。昨晚GDXU股价超过500了 ，我减掉20%的仓位 ，成本很低了 。我修改自己对GDXU的2026 的目标价从600美元改到1000美元 ，哈哈哈哈 。 翻了一下记录 ，第一次投入是2025年10/20 ，买入价是201. 5美元 。结果一个星期股价掉到125美元 。随后疯狂的找钱加仓 ，50次左右 ，到今天 ，我看了一下账户 ，GDXU 应该可以支持一个人每月*万美元收入终身了 ，如果月入*万美元算是有了不工作自由 ，那么 ，GDXU三个月解决了一个普通人的财务自由 ，哈哈哈哈 。投入其实不大 ，今天也基本拿回所有的投入了 。风险其实也不大 ，因为从去年年中开始 ，黄金的升值的确定性已经挺高的了 ，而且我的买入点也不好 ，买入观察仓后一个星期就掉了36% 。 一个月*万美元 ，应该是大部分新加坡化工工程师终极收入 。那是要读十几年书 ，进一家还不错的公司 ，工作十几年以后的收入 。 而在金融行业 ，三个月就解决了 ，所需本金不大 ，也基本收回了 。 怪不得美国人不想干实业 ，沉醉于华尔街 ，哈哈哈哈 ，毒死他们 。
373904627,,371,597,4,1/6,https://xueqiu.com/9236758887/373904627,聊聊股市的疯险: 昨晚的黄金波动昨晚黄金大波动 ，作为一个金矿佬 ，早早的守在屏幕前 ，本来只是想吃瓜看戏 ，GDXU开市还是涨的 ，我又没借钱炒股 ，抢险基金前一天也准备好了 ，可是昨天港股挪用了一点 ，澳洲股市又挪用了一点 ，作为一个基本永远100%持仓的人 ，真的看不得账面有闲钱 ，哈哈哈哈 。 有了一大堆预判 ，本以为只是看客 ，结果 ，黄金如期跳水 ，金矿如期波动 ，我享受了GDXU三上涨 ，当然也要承受三倍下跌 ，哈哈哈哈 ，一切都如预期 ，本应很完美 ，可是突然发现抢险基金被我花的差不多了 ，而跳水才刚开始 。而且有了一个更致命的问题 ，我的新加坡证券账户 ，买入额度用尽了 。作为一个不喜欢麻烦别人的人 ，我也不喜欢半夜吵醒我的经纪人 ，哈哈哈哈 。只有先卖再买了 ，试了一下可以 ，也就没那么心慌了 ，还可以一边买卖 ，一边和朋友们聊天 ，哈哈哈哈 早上醒来 ，账户损失了几年薪水 ，也还好 ，没有进入历史损失前列 ，也没有前天赚的多 。如果用盘后交易的价格算 ，损失就更有限 ，哈哈哈哈 。前几天赚钱的时候写了一篇金融是一个可怕的行业大概率是为昨天晚上写的 ，不知道 ，黄金期货的玩家昨晚如何 ，任何时候都要敬畏市场 ，特别是市场后面有那么多虎狼之眼 ，不要借钱玩金融 ，越简单的工具越安全 ， 刚刚看了一下 ，澳洲金矿是涨的 ，一切仿佛没有发生过 ，只是又一个平淡的一天 ，致岁月静好 。
374428670,,410,736,6,1/6,https://xueqiu.com/9236758887/374428670,暴跌的一天20260202没有想到今天居然是有史以来亏损最多的一天 ，特别是浓眉大眼的西水 ，明明发展良好 ，跌的比谁都凶 ，熊市赚股 ，让我一直对涨跌无惧 ，可是这一次有点不一样 ，几乎所有的股票都跌 ，失去了以往腾挪 的空间 ，又刚刚失业 ，现金流成了刚需 。 持仓从二十多只 ，清减到了九只 ，没有了以往的纠结 ，持仓干净多了 ，几乎所有的持仓都是历史股权的高位 ，哈哈哈哈 ，股票还是多了 。 今天一大早 ，我家的那只肥猫居然抓了一只成年鸟儿送给我 ，还是努力把鸟救下来 ，猫也要表示感谢 ，哈哈哈哈 ，做人真难 ，哈哈哈哈g$西部水泥(02233)$$康方生物(09926)$
375968318,,680,444,5,1/6,https://xueqiu.com/9236758887/375968318,我们为什么要投资这好像是废话 ，其实挺重要的 。我的答案是 ，我是来寻找快乐的 ，如果因为投资而成天忧心忡忡 ，那么一定什么地方出问题了 ，要么是投资的方式不对 ，要么是个人特质不适合那样的投资 。 前几天有朋友来新加坡 ，顺便来看我 ，加上又要准备过年 ，所以我最近有点忙 。朋友在化工的MDI界大概相当于年轻时的张汝京的地位吧 ，哈哈哈哈 。去年也退休了 ，大家还是不由自主的聊了聊化工 。长期都挺悲观的 。 2026的世界有什么不同 ，这个世界变化太快了 。前几天我说 ，我在思考这个世界是软件的还是硬件的 ，这东西肯定不是非黑即白 。前几年 ，这个世界强调轻资产 ，世界市值靠前的公司基本都是软件的 。包括英伟达 ，最值钱其实是CUDA生态 。有了AI ，软件的复刻变得 挺简单 ，包扩去年春节得DS时刻 ，就是一个u 盘的事 ，哈哈哈哈 。谁也不能保证自己得软件明天不被人革命了 ，包括公认护城河最深的WX 。所有的软件价值的公司 ，除了Google都可以暂时跳过 。包括那些设计硬件的伪高科技软件公司 ，基本最后都同质化 。 而硬件还真不一样 ，谁也暂时取代不了大的芯片厂 ，像TSMC ，一个新的厂子都是百亿美元起步 ，没有政府的扶持 ，基本不可能有新玩家敢下场子了 。这个世界有效硬件资产的公司蛮容易找到的 。2026 ，我钱主要在西水 ，小芳和金矿了 ，那就暂时观察着吧 。因为临床费用的事 ，有大量三期临床的创新医药公司其实是重资产公司 。 我现在手头各个股票相对于我的目标仓位 ，$西部水泥(02233)$ 101% ，$康方生物(09926)$ ，99% ，$金矿指数3倍做多ETN(GDXU)$ 100% ， NVA 100% ，澳洲金矿100% ，科技观察仓75% 。 基本都到位了 ，所以内心平静 。这个月的第一个星期 ，由于金价的波动 ，第一重仓的西水也没事玩跳水 ，我损失2026的几乎所有盈利 ，就剩5% ，我和同事开玩笑 ，损失远超我以前公司亚太部门同期的利润 。但是我也买到237的GDXU ，2.83的西水 ，所有主要目标股 ，仓位同时都达标了 ，这在以前几乎从来没有过 。这一轮 ，我的GDXU的成本也降了78 USD 。甚至还有闲钱去补了观察仓的科技股 。这个月损失巨大 ，也掩饰不了快乐 ，哈哈哈哈哈 。投资是为了寻找快乐 ，而不是相反 。
376816327,,477,320,1,1/6,https://xueqiu.com/9236758887/376816327,科技平权的悲歌正月初五赢财神 ，初七过人日 ，今天是福建人拜天公的日子 ，过了初九 ，新加坡的春节算是过完了 ，我的雪球工作开始 ，打卡上班 ，写篇小作文 ，哈哈哈哈哈 。 今年有了美股 ，澳股 ，我的账户过年其实也没闲着 。昨天A股也开门了 ，算是波澜不惊 。过年期间也见了几个线下的朋友和以前的同事 。聊聊人生和股票 ，哈哈哈哈 ，挺开心的 。 我的账户有到了最好的状态 ，没有年初涨得让人心慌 ，也没有二月初那几天 ，跌得让人手慢脚乱的找钱加仓 。 水泥 ，双抗 ，黄金矿的组合都到了我最喜欢的状态 ，估值不高 ，公司状态不错 ，涨了我有仓位 ，跌了加仓更安心 。更开心的是科技我也挤出5%的仓位 。仓位不高 ，虽然不会因为它发财 ，但至少也不会被时代抛弃了 。为什么取这个标题 ，我印象中去年写过类似的话题 ，查了一下2025年初的帖子 ，科技平权下的普通人的悲歌 。前天IBM 大跌算是撕碎所有过去行业领先的看似安全的帷帐 。去年年初的预言 ，今天基本一个字不用改 ，来得比想象的还要快 ，希望 ，投资还能给我几年时间发挥 ，多挣点钱 。如果有一天投资也是算力的天下 ，那个天下就没有普通人什么事了 ，世界就会变成资本的热寂了 。我讨厌这种平权 。这会让普通人的努力变得那么苍白 ，让社会生活没有了色彩 。 不平等才是社会发展的动力 ，正因为不平等 ，才有人努力赚钱 ，有人拼命想升官 ，也有人拼命维护所有人的发展权 ，社会才一直在公平和效率之间拉扯 。节前随口聊了一下这个世界是软件的还是硬件的 ，现在基本有结论了 ，软件容易平权 ，硬件不容易平权 。虽然软件才是有无限发展的有趣的灵魂 ，而硬件只是线性发展的躯干 。可悲 。 科技与未来的思考 （4 ）本来是准备写软件公司的 ，怕误导大家 ，暂时不写了 。硬件我的观察仓就是我常提到的那几只 ，有两只2026已经翻倍 ，还安不安全我也不知道 ，还有两只我估计2026 也会翻倍 ，我会仔细观察 ，如果决定把谁变成小八 ，我会写专门的帖子的 ，哈哈哈哈 。 昨天女儿学校300米径赛比赛拿了第一名 ，看她开心的样子我真开心 ，要知道女儿是练艺术体操的 ，赢得是学校田径队的同学 ，看着有点不公平 。哈哈哈 ，这才是生活的美 。 年前体检 ，我的胆固醇和甘油三酯20年来第一次达标 ，终于低于200了 。原因是有一天发现老川也在用Atorvastatin 。那我也不比别人金贵 ，20年来第一次用药降胆固醇 。哈哈哈哈哈 。说这个分子是人类救命第二多的药 。这个药的价格在新加坡的体系下 ，基本感觉不到药价的存在 。平权真是让人又爱又恨的东西 $西部水泥(02233)$$康方生物(09926)$$金矿指数3倍做多ETN(GDXU)$
377015557,,267,282,3,1/6,https://xueqiu.com/9236758887/377015557,"商业航天的思考我一般不讨论我不持有的公司和行业 。怕自己随口乱说影响了别人的爱股 。一个餐馆不好吃以后不去就行了 ，利用自己的优势地位 ，讲一些普通人爱起哄的东东是不道德的 ，哈哈哈哈哈 。 商业航天 ，就不要扯明珠大义 ，不然股票就不讲收益讲情怀了 。商业航天其实早就有了 ，起点就是那个不知是哪个天才想出来的GPS系统 ，无论后人怎么超越 ，都要心怀感激 ，当年真是刚想敢干 ，当然还要感谢爱因斯坦 ，不然永远算不准 ，70年代 ，几十亿美元 ，无数的打水漂的可能 。我们永远要感激为我们探索的人 。第二个尝试 ，应该算是摩托罗拉的铱星系统的尝试 ，90年代100亿美元 ，失败了 ，公司近乎破产 。第三个 ，2010 年代 ，SPACE X 的重复使用火箭和更疯狂的starlink 。 哈哈哈哈 ，从内心深处我希望 ，努力奋斗和做出贡献的人能摘得好果子 。这是我的价值观和愿望 ，当然我也不和钱为敌 ，餐厅的饭菜不合胃口 ，不要死磕 ，换一家就是 。哈哈哈哈 因为没有利益 ，也没有动力仔细研究 ，有朋友问了好几遍 ，不能再敷衍了 ，就随口乱说几句 ，错了请一笑了之 ，哈哈哈哈 。如今商业航天的起点是火箭成本 ，燃料用甲烷 ，便宜安全又好用 ，效率肯等是要差一些 ，不然无数先辈用那些奇奇怪怪的火箭燃料都是猪脑袋了 。舰体用30XSS ，便宜 ，肯等重 ，效率肯定差一些 。同理 。哈哈哈哈 。现在为什么能用 ，过去为什么不用 ，肯定不仅仅是行业传统和保饭碗 。应该是发动机的推力比的进步让一切皆有可能 。老马 ，牛 。 发动机的推力如果不足就会让重复使用变得没有意义 。因为可能重复5次发射的入轨质量也就是不重复一次的入轨质量 。而重复制造是我们的强项 。没有发动机的突破的重复使用就只是股市得故事 ，如果发动机有突破 ，我应该能看得到 。而且利益应该在发动机公司 ，而不是火箭公司 。更不是甲烷供应商 ，哈哈哈哈 还有就是starlink进不来 ，也就意味着我们出不去 ，不然这个世界就太不公平了 。我们是还有些穷哥们 ，不过连借款都不还 ，就不要幻想着付费用卫星通讯了 ，不然也是学雷锋 。这样也就意味着即使做出同样的产品 ，客户只有五分之一 ，哈哈哈哈 ，没有经济性可言 。x$特斯拉(TSLA)$ ,"
378729184,,261,247,1,1/6,https://xueqiu.com/9236758887/378729184,我是流氓我怕谁昨晚美股居然把昨天白天的港股损失补回了 。其实我到不在意这些 ，也有可能是最近跌麻了 ，感觉不到痛了 ，哈哈哈哈哈 。但是昨天把GDXU补足了 ，还是很开心 ，最近股票波动大 ，但是也是再平衡的好机会 ，目前手头$西部水泥(02233)$ ，GDXU ，NVA ，特别是科技都超过100%目标仓位 ，GDXU来到122% ，哈哈哈 ，这一轮 ，西水也补了212W股 ，下一阶段目标 ，把小芳$康方生物(09926)$ 补足 。有时候我都不知道我是希望股票涨还是跌 。像昨天补的存储 ，也许到今天就有50%的收获 。波动并不完全是坏事 。 闲得无聊 ，聊点热点 。希望能发出来 ，简单一点 ，免得发不出来浪费时间 。 记得2000年左右 ，网络小说刚流行的时候 ，瞟过一篇爽文 ，名字都不记得了 ，不是天涯就是在起点中文上的帖子 。大概是讲一个流氓因为机缘 ，如何管理一个中型城市的主要产业 ，虽然一看就是爽文 ， 但是当时觉得流氓那一套的确还蛮适合管理简单层级的机构 ，效率贼高 ，只要利益分配稍微合理 ，也许是最优秀的管理流程 。
379570858,,709,409,9,1/6,https://xueqiu.com/9236758887/379570858,"2026乱局中的机遇这个世界越来越乱 ，前几天偶尔听高晓松访谈里说AI把他们的活都干了 ，然后就是满大街完美的大头针复刻过往的男声 。接着就是林西复刻所有完美的女声 。缺点就是像河南的钻石 ，太完美和太廉价了 。哈哈哈哈哈 。那天访谈最震撼的还是高晓松随口说的另外一句 ，他人生过了三十就几乎不听新歌了 ，怪不得 ，我总爱听我大学里听过的歌 。多谢当年送我Walkman的朋友 。 人是很容易呆在自己的过往的 ，但是在投资这是大忌 ，尤其在这个纷纷扰扰的乱局之中 。 2026开始太顺 ，让人都找不到北了 。一月底开始 ，金价被人为操纵的暴跌 ，其实金价就没跌 。然后又是$西部水泥(02233)$ 借了高利贷 ，其实这是高速发展经济体的标准利率 ，何况是无抵押的非洲业务 。再来又是创新药$康方生物(09926)$ 的群跌 ，哈哈哈哈 ，这一切都还好 。接着又是川的闪电战 ，我的股票又是一顿暴跌 ，一会儿 ，油没了 ，一会儿气没了 ，一会儿氦没了 ，就没安稳过 。只好不停的调整股权 ，哈哈哈哈 ，还好 ，还可以腾挪 。由于买卖频繁 ，所以最近发言少 ，不方便分享了 ，免得利益冲突 。 我熟悉的化工原料最近因为战争和事故有很多变故 ，可能有不少受益公司 ，但是都还不是长逻辑 ，也就不分享了 。 将军赶路不追白兔 。 最近 ：$金矿指数3倍做多ETN(GDXU)$ 表现疲弱 ，主要还是受海峡封锁造成能源价格上涨 ，导致降息成了不可能 ，但是这也是短逻辑 ，川要降息是不惜一切代价 ，降息是美国利益所在 ，不过不降息是美国利益集团利益所在 ，难呀 ，哈哈哈哈 ，不降息 ，基本上就是美国给特定的利益集团打工 。如果战争扩大化 ，估计每个人都能最终找到自己的能源途径 ，包括台湾 ，哈哈哈哈 ，只要对世界有贡献 ，总会有人买单的 。战争真扩大了 ，黄金又变成硬资产了 。我不担心金矿 。 能源 ，川先解决委内现在看就很有条理了 ，年初Exxonmobil老板还看不上委内的高成本石油 ，哈哈哈哈 。不过咱的油转电肯定会进行到底 ，电咱管饱 ，煤不缺 。欧洲活该 ，希望他们右派上台 ，为了活命 ，人要现实一点 。最好英国的金毛再次上台 。德国目前的这位问题不大 ，意大利也没问题 ，法国那位真的太弱了 ，别老丢人现眼了 ，图个啥 ，炫自己的老妈吗 ？哈哈哈哈 。 最近又提到台面上的是氦气 ，上一次提到的时候是马里乌波尔的钢铁厂大战的时候 ，这个对咱的威胁最大 ，这玩意应该不太好保存 ，所以供应链的可靠性太重要了 ，美国估计问题不大 ，一大堆气田 ，也不难分离 。日韩台有人会付钱 ，咱们还真是个问题 ，估计要想办法永久解决了 ，没了它 ，也就没了半导体和芯片工业 。来源应该是天然气的副产品 。十年前 ，太太过生日 ，我在Jurong point 的商场还买到了氦气球 ，估计现在市面上不会再有了 ，当时我和太太讲这气体一旦放出来 ，就从地球上消失了 ，永远不会再有了,因为地球引力束缚不了它 。害得她不高兴了一晚上 ，哈哈哈哈 。 除了以往的标的 ，最近还思考了一下科技 ，科技不是投资的好行业 ，几千亿美元的生意 ，随时都可能被颠覆 ，看看meta的AI和xAI的AI干将全部换血 ，估计最近困难都不小 ，钱不是万能的 。 短逻辑燃气轮机倒是不错的生意 ，美国的天然气便宜管饱 ，所以电的问题不大 。可惜了小乌 ，当年东大的大驱的燃气轮机技术好像还是来自小乌支援的 。 现在的长逻辑是什么 ，新冠 ，贸易战 ，霍尔木兹都是对全球供应链一次次挑战 ，特别是供应链随时可以武器化 ，这么看 ，小乌可能是这个世界唯一守规矩的人 ，切断毒害自己的管线都等了这么多年 ，哈哈哈哈哈 。重构世界供应链 。美国高端制造业回流 ，中低端AI减少人工和来源多样化 ，能源的多样化 ，化石能源转向电能 ，台积电变美积电 ，三星美国建厂 ，陆资进台设厂 ，欧洲要转右要流氓 ，不然这个世界就没欧洲什么事了 。川以这次要是真搞定亚伯拉罕宣言 ，中东崛起有望 ，不然像现在抱个定时炸弹 ，谁敢建设 ，哈哈哈哈 ，迪拜的人过往心也太大了 。目前东大最舒服 ，咱自成一体 ，效率贼高 ，就是P东来为什么这么怕别人惦记着 ，这个问题要解决 。匆忙分掉40亿 ，不多也不少呀 ，哈哈哈哈 。 春节的时候回顾了一下为什么这一轮错过光模块 ，其实逻辑挺简单的 ，通讯密度提高 ，电子已经不适合做载体了 ，数据中心光模块通讯是必然 ，这个几年前就可以判断 ，可惜那个时候 ，我沉迷在最近很热的HALO资产中 ，哈哈哈哈 。看来A股还是要挑一点股票 ，不然总是错过世界的变化 。接下来随着更精密的光通讯 ，应该是CPO ，台积电有很大的话语权 ，供应链安全最重要 ，封装一体化会取代光模块 ，硅光芯片和先进封装可能更重要 。随口胡说 ，一笑了之 。因为未来CPO的缘故 ，先进封装就很重要 ，所以供应链安全就很重要 ， HALO也许是一直是对的 ，是长逻辑 。 我最近开始投了一些科技 ，6%仓位 ，准备加到15%吧 。现在我的股票都在低位 ，找钱真困难 。作为一个普通人 ，我的思想很朴素 。1 ）这个世界从来没有公平 ，所以现状都有历史原因 ，要理解现实 2 ）付出努力和做出贡献的 ，值得回报 ，这是长期公平所谓天道的前提 3 ）这个世界没有伟光正 ，没有神也没有旗手 ，只有号称代表他们的人和利益阶层 ，谁都不可信 ，所以万事独立思考 ， 4 ）世界是效率的 ，这是人道所在 ，但是有时追求公平也是效率的重要一部分. 哈哈哈哈 。最近没钱了 ，闲得无聊 ，重刷大明1566 ，都不容易 。哈哈哈哈哈 。啰里啰唆 ，不讲了 。"
