ID,发布时间,点赞数,评论数,转发数,页码,链接,摘要,正文
284504583,2024-04-02 09:57:01,9,12,0,10/127,https://xueqiu.com/1830611415/284504583,阿里最近出售和减持一些非核心资产后，引起资本市场讨论比较多。其实相对卖了什么，阿里要把资金投入在哪更值得关注哪里。按照公开信息，淘宝4月会进行一系列惠商活动，包括大批商家工具全面免费，增加对中小商户扶持力度，特别是降低商户运营成本，这个是阿里重点投入方向，目标是强化电商的竞争...,"阿里4月惠商活动纪要
：对比处置非核心资产
，惠商政策变化更加本质
来源
：雪球App
，作者
： Conan的投资笔记
，
（https://xueqiu.com/1830611415/284504583
）
阿里最近出售和减持一些非核心资产后
，引起资本市场讨论比较多
。其实相对卖了什么
，阿里要把资金投入在哪更值得关注哪里
。按照公开信息
，淘宝4月会进行一系列惠商活动
，包括大批商家工具全面免费
，增加对中小商户扶持力度
，特别是降低商户运营成本
，这个是阿里重点投入方向
，目标是强化电商的竞争力
。其中主要目标是

（1
）降低商家运营成本
，包括使用免费辅助产品
，使用自助回复系统等

（2
）对于不同类型商家提升对他们吸引力
，生意参谋市场洞察免费就是针对很吃关键词和潮流趋势商品
，大图片免费是针对多SKU产品更多一些
。
这个对增加总商户数量是很有帮助的
，这个数据虽然在阿里财报上是显示不出来
，但其实在电商实际运营中是很重要
，越多商户
，才能吸引更多买家
，以及创造更高的GMV和更多净利润
。这个数据短视频平台非常看重
，比如UP主的数量和UP每月发布视频数量一样
，这个会直接和DAU和MAU挂钩
。增加卖家数量
，卖家活跃度是电商平台运营的重要目标
，虽然在财报里很少看到这个数据
。

（3
）电商进入相对存量竞争时期
，根据用户提升品质
，根据不同店家提供更好的开店服务
，提升用户购买频次
，是现在淘宝天猫的重点
1 原生意参谋里需要付费的市场洞察
，现在免费开放给商户
：就类似于股票交易软件里Wind开放比如研报系统给个人投资者
，各家券商研报纪要可以免费搜
。生意参谋里市场洞察功能对一些对于趋势和关键词相关性强的商品就比较重要
，这个比较有用就比如给商品怎么起名字和介绍
，提关键词
，这个直接决定曝光率和搜索量
生意参谋里的不同功能模块
之前生意参谋里市场洞察标准版价格是1188起每年
，按500万中小商家算
，仅这一项
，阿里每年投入就是50多亿
。
2 店小蜜机器人日均接单量低于2000次商家免费使用
：对很多那种小型商家
，比如自己平常上班
，或者自己和老公都是上班状态
，兼职开店
，或者总共就2个人全职
，但2个人都要去忙库房
，只能间隙时间看看平台和买家潜在买家沟通
，如果雇一个人去专门做这个
，哪怕兼职
，对于小店铺可能又比较贵而且不好找人
，没那么大沟通量
。这个对于那种小型店铺
，比较有助于降低他们的运营成本
。在6月
，基于AI大模型升级的小蜜产品升级版也会上线
。
3 图片空间商家免费从1G升到30G
。
这个最合适的是对很多SKU非常多商家
，有些商品非常吃SKU
，比如书店铺就是这类情况特别是垂直类图书
，比如专业书籍店铺
，二手书
，考试或考研资料等等
，需要品类非常多
，但每个其实购买量也不是很多
，但如果都挂上去做好上架
，其实稳定销售现金流又不错
。玩具手办也是这类
，七龙珠那么多角色
，但总有人喜欢比如弗利萨那美克星手下三人组这种冷门题材
，那这3个就需要占3个图
。拼多多比较看重信息流推荐
，在产品模式在展示多SKU产品时给商家机会相对会少一些
，这更给了淘宝这类店铺更多产品被买家发现的机会
。
4 1月淘宝天猫在商家服务大会上对店铺综合体验评分标准
，增加了退款拒绝率
，平台求助率
，物流上的轨迹异常率
，承诺时效等
，以从评分和激励体系上优化店铺质量
。
5 在2-4月进行阿里巴巴活动
，阿里也将这次活动参与门槛调到阿里历史上最低
，全部商家均可参与
，目标也是让更多中小商户可以参加活动
，提高商家的数量和活跃频率
。
@今日话题$阿里巴巴(BABA)$$阿里巴巴-SW(09988)$$恒生指数(HKHSI)$"
284428677,2024-04-01 17:35:08,14,2,0,10/127,https://xueqiu.com/1830611415/284428677,一个关于巴菲特的讨论里比较少涉及的话题，巴菲特讨论现金管理和抄底之间的关系，这也直接关系到了2008年之后，和2020年之后两次比较大抄底机会（2022年对于中概和港股还有一次抄底机会）。2008年伯克希尔以2.25以亿美元投资比亚迪，是比亚迪最大的机构股东，到今天盈利已经达到30-35倍，也...,"巴菲特论现金管理和抄底之间的关系
来源
：雪球App
，作者
： Conan的投资笔记
，
（https://xueqiu.com/1830611415/284428677
）
一个关于巴菲特的讨论里比较少涉及的话题
，巴菲特讨论现金管理和抄底之间的关系
，这也直接关系到了2008年之后
，和2020年之后两次比较大抄底机会
（2022年对于中概和港股还有一次抄底机会
）
。2008年伯克希尔以2.25以亿美元投资比亚迪
，是比亚迪最大的机构股东
，到今天盈利已经达到30-35倍
，也是在上述年份完成的
。
他的一个核心看法
，就是为了保证足够流动性和抄底能力
，所以现金会一直保持在一个非常充足水平
。这也和伯克希尔的运营结构有关系
，因为有大量保险的浮存金和并购企业可提供的运营资金
，所以相对个人投资者和基金式的机构投资者
，伯克希尔的资金调动能力会宽裕很多
。但我觉得这对于巴菲特对于现金管理的核心理念其实是没有变化的
巴菲特
：任何事情都可以改变伯克希尔
，但有一件事不会改变
，那就是我们手头上总是有很多现金
。当我说现金时
，我指的不是商业票据
。当2008年和2009年金融恐慌来临时
，我们没有任何公司的商业票据
。我们没有货币市场基金
，但我们有国库券
。稍后我可能会讲到
，我会解释原因
。我们相信现金
。历史上有过几次这样的金融危机
，以后还会有更多次
。如果你没有现金
，第二天就不能玩儿了
。我的意思是
，现金就像氧气一样
，它一直都在那里不会被你注意到
，但如果它消失几分钟
，一切就都结束了
。我们的现金在3月1日减少了
，在那短短的一段时间里
，我们投资了400亿美元
。虽然我们以超过110亿美元的价格收购阿勒格尼公司
，但我们依然会一直存留很多现金
。我们购买的一些公司买了银行的产品
，我不知道为什么他们会这么做
。我们比银行强
，如果这些公司需要
，我们会给他们钱
。但是当地银行家一直在强调几乎所有人都持有银行的产品
，因为产品风险较小
。我们的任何子公司
（UNINTEL
）没有理由去购买
，因为伯克希尔比银行更强大
。我没听清楚
，我不知道那是银行家在夸大其词还是在做什么
。我是说
，我真的不喜欢折磨任何人
。但是
，我完全支持银行
，我们稍后再谈
。事实上
，我们可以讨论下钱是个有趣的东西这类话题
，大家也都喜欢和我谈论这件事
，至少他们不会问我怎么跳舞之类的问题
，但一定会问钱的问题
。
现在播放幻灯片20-dash-1
，这是一张20美元钞票的图像
。最上面写着
“美联储钞票
”
。我们在这个国家用金钱做了各种各样的事情
。这是一个神奇的国家
，虽然只有几百年的历史
，但银行的兴起和发展都有着不同寻常的轨迹
。但最终决定让美联储发行货币
。
顺便说一句
，在钞票左下角是罗西
·里奥斯
（前美国财政部长
）的签名
。我认为她签署的美国货币比历史上其他任何人都多
。所以
，如果你看到罗西你一定会赞扬
、感激她
。因为她发行了很多货币
。她说
，
“这张纸币是所有公共和私人债务的法定货币
。
”这让它成为钱
。你可以去糖果店
，带着足够蒲式耳的小麦换回一盒糖果
。但钱是国税局唯一会从你身上拿走的东西
。你可以向他们提供各种各样你能提供的东西
，这是解决美国债务的方法
。你会听到很多各种各样的货币形式
，这是你会看到的唯一一种货币
。在我看来
，在你的一生中
，甚至在查理的一生中
，这是件很有趣的经历
。因为它的存在是解决债务
，无论是公共债务还是私人债务
。
我想你可能会有兴趣再看一张20美元的钞票
，这张是我自己的收藏
，上面是安德鲁
·杰克逊的照片
。这是张20美元的钞票
，在我有生之年发行的
。这是由伯克希尔最后持有的一家银行完成印刷的
。所以
，你会看到伊利诺伊州国家银行和洛克福德信托基金
，我们在1969年买下了那家银行
。往下看这张图像的底部
，由一个叫尤金
·阿贝格的人签名
。我们从尤金
·阿贝格那里买的
，我们还有一些其他类型的20美元印钞
。我们可以像纸娃娃一样把它们剪下来
，它们就是我的钱
，虽然是伊利诺国家银行发行的
。实际上
，美国政府表示这些印钞可以兑换成合法货币
，这就是钱的定义
。但在购买力方面
，这些印钞的价值会大大降低
。它可以变得像纸币
，但也仅此而已
，当人们告诉你他们正在发行新形式的货币时
，在某些情况下
，指的是唯一可以支付账单的东西
。
2020年3月份的经济情况几乎接近于2008年的那几天
。2020年3月20日
，我们存留很多现金
，但我们几乎要重演2008年的情况
。我在附近的一家书店里读到一本书
《Trillion Dollar Triage
》
，这本书的内容是关于美联储和财政部每天发生的事情的精彩描述
。对于那些真正喜欢阅读此类内容的人来说极具价值
。相信我
，如果美联储没有在非常
、非常
、非常短的时间内采取行动
，至少在我看来
，经济可能会停止
。几年后
，我向杰伊
·鲍威尔
（美联储主席
）致敬
，感谢他这么迅速地行动
。我的意思是
，在19世纪银行挤兑的时候
，银行一个接一个地倒下
、破产
。这些家伙们还一直在观望等待
，希望发生什么事
，比如富国银行的一辆卡车或一辆驿站马车会带着一堆金子或什么东西停下来
，然后甜言蜜语地让排队的人散开
，自己成堆成堆搬运
。1931年8月
，奥马哈的四家州立银行关闭破产了
，但国家银行没有
，没有一家银行能在一天内还清所有债务
，但美联储是当时唯一的例外
。我会告诉你们
，伯克希尔
·哈撒韦届时也将以这种方式存在
，运行的基础是如果汉克
·保尔森
，乔治
·w
·布什
，本
·伯南克和利益相关人没有采取行动
，我们就在这条线形成统一战线
，除非它是电子资金
，他们按下按钮
。如果银行发生挤兑
，一切都会很快结束
。如果你买了一家银行
，而镇上有两家银行
，那就雇几个临时员工
，让他们去另一家银行排队
。客户来来往往
，银行关关停停
，但美联储并没有消失一直存在
。美联储可以做任何有必要的事情
，他们有各种各样的规则可以让他们这样做或那样做
。
保罗
·沃尔克是一个非常诚实的人
，在20世纪80年代的某天
，我问他
，
“你能做的极限是什么
？
”
。他是一个非常不寻常的人
，体型巨大
，低头看着我
，说
：
“我们可以做任何我们需要做的事
。
这是真的
。这是2008年和2009年发生的事情
，也是2020年发生的事
，你会希望下次再次发生
。我们希望伯克希尔
·哈撒韦公司能够在经济停止的情况下继续运营
，这种情况不可避免地会发生的
，但我希望能那些令人愉快地总会发生
。
@今日话题$比亚迪(SZ002594)$$比亚迪股份(01211)$$伯克希尔-哈撒韦A(BRK.A)$"
284289224,2024-03-31 13:42:42,9,1,0,10/127,https://xueqiu.com/1830611415/284289224,从伯克希尔的实际情况出发，我们现在采取的业务策略应该是很合理的。我们为每家子公司量体裁衣，选择最适合它的发展策略。我们的管理方式是充分放权。我们尊重每家子公司的实际情况，让子公司自主经营，而不是坐在总部对每家子公司发号施令。多年以来，这种组织形式给伯克希尔带来了巨大的竞...,"来源
：雪球App
，作者
： Conan的投资笔记
，
（https://xueqiu.com/1830611415/284289224
）
从伯克希尔的实际情况出发
，我们现在采取的业务策略应该是很合理的
。
我们为每家子公司量体裁衣
，选择最适合它的发展策略
。我们的管理方式是充分放权
。我们尊重每家子公司的实际情况
，让子公司自主经营
，而不是坐在总部对每家子公司发号施令
。多年以来
，这种组织形式给伯克希尔带来了巨大的竞争优势
。$伯克希尔-哈撒韦A(BRK.A)$$伯克希尔-哈撒韦B(BRK.B)$"
284142337,2024-03-29 16:59:05,19,0,1,10/127,https://xueqiu.com/1830611415/284142337,物理学的方法要求我们永远追求事物的本质。在现实世界中，学会看透本质，我们能生活得更从容。探究本质并非朝夕之功，必须有板凳要坐十年冷的精神。我喜欢这种精神，这是一种持之以恒、不达目的不罢休的精神。by查理 芒格$伯克希尔-哈撒韦A(BRK.A)$ $伯克希尔-哈撒韦B(BRK.B)$,"来源
：雪球App
，作者
： Conan的投资笔记
，
（https://xueqiu.com/1830611415/284142337
）
物理学的方法要求我们永远追求事物的本质
。在现实世界中
，学会看透本质
，我们能生活得更从容
。
探究本质并非朝夕之功
，必须有板凳要坐十年冷的精神
。我喜欢这种精神
，这是一种持之以恒
、不达目的不罢休的精神
。by查理 芒格$伯克希尔-哈撒韦A(BRK.A)$$伯克希尔-哈撒韦B(BRK.B)$"
283966627,2024-03-28 19:03:12,13,0,0,10/127,https://xueqiu.com/1830611415/283966627,任何一家高杠杆的金融机构，无论管理者多么尽职尽责，都可能遭遇意外的损失。关键是遭遇意外之后，能否第一时间解决问题。在问题暴露出来以后， 很多公司首先想到的是如何隐瞒，如何用会计手段蒙混过去。我们认为，应该不遮不掩、立即解决。by 查理 芒格$伯克希尔-哈撒韦A(BRK.A)$ $伯...,"来源
：雪球App
，作者
： Conan的投资笔记
，
（https://xueqiu.com/1830611415/283966627
）
任何一家高杠杆的金融机构
，无论管理者多么尽职尽责
，都可能遭遇意外的损失
。
关键是遭遇意外之后
，能否第一时间解决问题
。在问题暴露出来以后
， 很多公司首先想到的是如何隐瞒
，如何用会计手段蒙混过去
。我们认为
，应该不遮不掩
、立即解决
。by 查理 芒格$伯克希尔-哈撒韦A(BRK.A)$$伯克希尔-哈撒韦B(BRK.B)$"
283797923,2024-03-27 20:47:56,28,24,2,10/127,https://xueqiu.com/1830611415/283797923,最近，我结识了强生公司（Johnson & Johnson）的首席执行官。他给我留下了很好的印象，他告诉我，他们定期反思和总结自己的收购策略。这样的制度非常好。如果人人能养成自我反省的习惯，可以推动整个社会文明的进步。很多人总是逃避，不敢面对自己的错误。强生公司做得好，不怕接受...,"来源
：雪球App
，作者
： Conan的投资笔记
，
（https://xueqiu.com/1830611415/283797923
）
最近
，我结识了强生公司
（Johnson & Johnson
）的首席执行官
。他给我留下了很好的印象
，他告诉我
，他们定期反思和总结自己的收购策略
。
这样的制度非常好
。如果人人能养成自我反省的习惯
，可以推动整个社会文明的进步
。很多人总是逃避
，不敢面对自己的错误
。
强生公司做得好
，不怕接受批评
、不怕丢面子
。从失败和错误中吸取经验教训
，这是一种美德
。by 查理 芒格$伯克希尔-哈撒韦A(BRK.A)$$伯克希尔-哈撒韦B(BRK.B)$$强生(JNJ)$"
283599464,2024-03-26 17:56:47,32,27,5,10/127,https://xueqiu.com/1830611415/283599464,芒格在最后的采访里一个问题。就是对马斯克和特斯拉的看法。我理解这是一个比较经典的问题，从结果来看。早期特斯拉的投资者会获得非常高倍数增长，但芒格对于马斯克更加类似于是把对马斯克和特斯拉的评价和投资分开了。这超过了他的投资原则，但最少确实马斯克成功了，但芒格从始至终没有修改投资...,"芒格最后访谈:马斯克用了太多的杠杆, 我想他会成功
，但我不会投资他
来源
：雪球App
，作者
： Conan的投资笔记
，
（https://xueqiu.com/1830611415/283599464
）
芒格在最后的采访里一个问题
。就是对马斯克和特斯拉的看法
。我理解这是一个比较经典的问题
，从结果来看
。早期特斯拉的投资者会获得非常高倍数增长
，但芒格对于马斯克更加类似于是把对马斯克和特斯拉的评价和投资分开了
。这超过了他的投资原则
，但最少确实马斯克成功了
，但芒格从始至终没有修改投资原则
。对投资原则的坚持和是否修正是投资者始终要长期面临且伴随终生的两个关键问题
另外
，都是新能源车
，比亚迪相对来说比较符合他的路数
，但芒格投资比亚迪又是另一个事情了
，而且过程还比较曲折
，开始最首要目标也不是新能汽车
。
（伯克希尔投资比亚迪收益在30-40倍
，也是比亚迪最大外部机构投资者股东
）
芒格
：我不认为埃隆
·马斯克是这样的人
。我不认为埃隆
·马斯克真的那么富有
，因为我不认为他所做的一切都是可行的
。我相信他所做的一切都能成功
，我想他会成功的
。但我不会独自投资埃隆
·马斯克
。
提问
：但是你被什么打动了
？
芒格
：我自己
。
提问
：让你印象深刻的是什么
？
芒格
：这是一个教训埃隆
·马斯克的教训
。马斯克给我们的教训是一个人能够拥有一大笔钱
，运气的占比非常大
。在这方面
，他很幸运
，他不断叠加杠杆
，双倍下注
，直到崩盘边缘
。他的赌注已经大于总资产的两三倍
。可能会面临两三次的崩盘
，多少人走到这一步就已经全线溃败
。但是马斯克已经面临了三次
，或许还会面临六次
，我也不清楚
。我把埃隆
·马斯克排在第二名
，我从来没有读过反对他的文章
，也没来没有见过他
。据我所知他根本不存在
，我不担心他不存在
。如果我善待这个世界
，我的生活会更好
。如果我像他那样对待世界
，生活会更好
。
$特斯拉(TSLA)$$比亚迪股份(01211)$$比亚迪(SZ002594)$
@今日话题"
283297984,2024-03-24 17:14:24,32,8,2,10/127,https://xueqiu.com/1830611415/283297984,纵观商业史，很多公司辉煌过，赚过大钱，但是当它们被新的科技浪潮淘汰后，它们的家底很快就会耗光，最终走向消亡。伯克希尔的成功是一个奇迹，但绝大多数被淘汰的公司只能像柯达一样消亡。比尔·盖茨专门研究过这个问题，他的结论是，当主业衰退时，绝大多数公司会走向破产。强大如通用汽车...,"来源
：雪球App
，作者
： Conan的投资笔记
，
（https://xueqiu.com/1830611415/283297984
）
纵观商业史
，很多公司辉煌过
，赚过大钱
，但是当它们被新的科技浪潮淘汰后
，它们的家底很快就会耗光
，最终走向消亡
。
伯克希尔的成功是一个奇迹
，但绝大多数被淘汰的公司只能像柯达一样消亡
。比尔
·盖茨专门研究过这个问题
，他的结论是
，当主业衰退时
，绝大多数公司会走向破产
。强大如通用汽车
，照样躲不过这条规律
。by 查理 芒格$伯克希尔-哈撒韦A(BRK.A)$$伯克希尔-哈撒韦B(BRK.B)$$通用汽车(GM)$"
283249774,2024-03-23 19:24:45,5,2,0,10/127,https://xueqiu.com/1830611415/283249774,前4场总共进球6丢球2个，今天两场比赛进球6丢球11个，之前都是踢的能多猥琐就多猥琐，各种打别人防守反击，死守后找机会偷别人家。今天整个调成攻击阵容后，被打防守反击有点略多 $曼联(MANU)$,"来源
：雪球App
，作者
： Conan的投资笔记
，
（https://xueqiu.com/1830611415/283249774
）
前4场总共进球6丢球2个
，今天两场比赛进球6丢球11个
，之前都是踢的能多猥琐就多猥琐
，各种打别人防守反击
，死守后找机会偷别人家
。今天整个调成攻击阵容后
，被打防守反击有点略多$曼联(MANU)$"
282582370,2024-03-19 10:00:17,86,81,29,10/127,https://xueqiu.com/1830611415/282582370,这篇是写于1月底，名创优品最新刚发布2023年4Q财报，看有时间会把名创优品第一季度报告分析也写了开场白 ：2015年决定跟随两个团队：克洛普的利物浦 + 叶国富团队的名创优品2015年，有两个团队让我决定花很长时间去一直研究和了解他们，其中一个重要原因是我觉得他们会在各自领域...,"名创优品2024投资者大会笔记
：这就是我5-6美元重仓名创优品的原因
来自Conan的投资笔记的雪球专栏
来源
：雪球App
，作者
： Conan的投资笔记
，
（https://xueqiu.com/1830611415/282582370
）
这篇是写于1月底
，名创优品最新刚发布2023年4Q财报
，看有时间会把名创优品第一季度报告分析也写了
开场白 
：2015年决定跟随两个团队
：克洛普的利物浦 + 叶国富团队的名创优品
2015年
，有两个团队让我决定花很长时间去一直研究和了解他们
，其中一个重要原因是我觉得他们会在各自领域大幅改变这个领域的结构
。他们就是利物浦教练克洛普旗下的利物浦和叶国富团队的名创优品
。
当时克洛普从他上一份教练工作中吸取了很重要的经验
，他决定加入一家可以打得起军备竞赛的俱乐部
，并且可以完整让他发挥他的引援和培养球员这个最强优势
，并对最高荣誉
（欧冠冠军+英超冠军
）发起冲击
，而1年后莱斯特城的夺冠
，也让那种隐蔽的低价抄底买人战术优势几乎消失殆尽
，轮到克洛普的时代了
，克洛普也在随后真的拿到了英超冠军和欧冠冠军
。而叶国富的团队当时也正从之前创业中重新出发
，他们吸取了之前产品模型的问题
，重新设计了一个更加长久和更有广阔市场空间
，且更可以升级产品模型
，就是名创优品
。
当时名创优品正在国内各个购物中心中高速扩张
，虽然刚成立2年名不见经传
，但店铺在快速占领市场
，比起那种高调的进击
，这种悄无声息的高速扩张往往更有更大优势
。一种对优秀团队的那种喜爱让我决定要跟随和持续研究他们
。
被低估的全球化
2024年克洛普功成名就之后决定辞任利物浦教练
（部分原因我认为是利物浦也无法继续提供继续冲击更高成绩需要的资金和后勤
，虽然利物浦2021-22年做了一次增发专门解决资金问题
）
，因为对利物浦的喜爱
，他说以后不会再执教任何英格兰球队
。但名创优品的创业故事不但没有终结
，还越做越大
，收入
，利润
，门店数
，每年新增开店数
，都创下了新高了
，不断对更大的商业目标发起冲击
。而名创优品的产品是中国最适合全球化的产品
，这让他们更加具有规模
。跟随一家公司体验有时是好于跟随一个球队
，当一个球队从底部到顶峰开始滑落的时候
，一家优秀的公司故事有时才刚刚开始
。
名创优品广州旗舰店
，排队结账的客户
，旁边4台自助收银机人数和收银台人一样多
最令人沮丧的谷底
，恰恰是聪明投资者的幸运之地
我记得我上一次来名创优品这种比较大型活动
，还是名创优品香港上市的时候
，22年7月
，1年半以前
，那时我们对名创优品建仓完成了大约70%
。那时上市的股价是7美元上下
，比2022年5月的5美元左右反弹了2美元
。跟这次盛况比
，那时基本就算凌晨5点训练中心了
，最早都看不到几个券商分析师写这家公司报告
，更别说深度报告了
，市场当时非常低迷
，投资者和分析师已经没心情去写一些深度的报告来报道一些真正拥有新消费模式的消费品公司
，也正是因为低传播量造成和业绩完全不相符的非常低的股价
。最令人沮丧的谷底
，恰恰是聪明投资者的幸运之地
。
名创优品解决的就是很多小孩子喜欢一些IP衍生品
，但买不起的问题
在我上小学时
，我妈妈从400多元工资里拿30-80元给我买魔神英雄传模型的时候
，我就知道很多好的IP玩具和IP衍生品
，不是我喜欢和不识货
，主要就是买不起
。当时动画片一边播一边买
，我买玩具的进度远低于动画片播的速度
，我大概用了2年多才积攒差不多模型
（因为一个月只能买一个
）
，但实际动画片已经早播完了
。名创优品通过在供应链端实现规模效应所以带来的成本优势
，以高性价比开启了IP普惠时代
，实现了开心普惠
。
他在IP联名市场的份额越来越大
。随着80后90后00后
，这三代从小就看动漫长大用户逐步成为消费者后
，IP衍生品和动漫衍生品的市场规模有巨大幅度增长
，这并不是光在国内
，全球都是这个趋势
，中国经济在上世纪80年代高速增长
，中国可能这个趋势更明显
。
《七龙珠
》是鸟山明在1984-95年在集英社连载的漫画
，是伴随80后90后长大的这一代超经典动漫
，在连载完结的29年后
，
《七龙珠
》仍然可以在2023年全球IP销售榜第36名
（23年七龙珠IP销售额94.5亿美元
，其中衍生品60亿美元
，游戏31.4亿美元
）
。很多80后虽然已经不再年轻
，但是他们的支付能力却充满活力
，很多80后各种收集七龙珠的手办
，模型
，衍生品
。打开一个400-500人微信群
，很容易就能看到有七龙珠头像的微信ID
。而名创优品就是在这个逐步增大市场中解决我童年遇到这个问题
，碰到好的IP和IP衍生品买不起怎么办
？名创优品依靠自己产品设计能力
，和供应链能力
，最近几年每年都在提升自己IP衍生品市场份额的比例和产品能力
。
降低IP衍生品的成本
，名创优品是如何做到的
？
名创优品可以将IP衍生品做到一个非常低的价格
，主要取决于几个原因

（1
）依托中国供应链在轻工业产品上优秀的产品设计能力
，和大型工厂高产量低价生产的能力

（2
）快速扩张的门店策略
，以树立起规模经济优势
，以及可以支撑这种快速扩张战略自身的营运能力

（3
）良好的企业文化

（4
）大的规模非常有利于他们签重磅IP
，这里边也有优良的品控和推广规模的影响

（5
）名创优品高质量设计能力脱胎于他们高质量的日用好物设计能力
，只不过应用于IP衍生品行业
。这也是很多衍生品产品公司的弊端
，他们缺失不是仅仅衍生品设计能力
，而且整套日用好物设计能力
。这是一个设计能力基本功的差距
。

（6
）名创优品产品非常适合全球化
，这会放大他们规模经济的优势 
我在2018年时
，参加过一个在国内算最有名的动漫展之一
，当时是跟着一些卖玩具的参展商去的
。后来大家出去吃饭的时候
，那一桌除了我以外
，都是卖玩具和IP衍生品的
，而且基本都是卖盗版玩具的
。那时已经能明显感觉到他们说国内版权意识增强以后
，盗版玩具业务越来越不好做了
，而且那时他们都开始自己拿一些小正版授权IP衍生品
。那时他们都提到一个公司名字
，就是说他们做IP衍生品非常正规
，而且因为在IP方那边口碑非常好
，拿了重磅IP
，包括漫威的IP
，这家公司就是名创优品
。
供应链这词最早是一个专业术语
，但最近几年
，这个词越来越被消费者熟悉
。如果一个产品它销量是100万个
，它设计产能也是100个
，那它成本端一定拼不过一个产能是5000万的产品
，而且可能是远远拼不过
，就一个企业供应链能力上差距的重要体现
。名创优品靠的就是快速开店和大量店铺
，集中起来的规模经济的需求
，再结合自身高质量设计能力
，和高质量工厂对接
，完成大量IP衍生品的生产
，大幅降低了IP衍生品的成本
。
好的公司仍然需要好的时间买入
从我来说
，我是要非常感谢名创优品的
。我们基金去年11月底在净值3.94时以扣费前年化21%的回报率
，拿到智通财经的10年期基金卓越奖时其中贡献收益率最大就是名创优品
。但实现这个回报率有一个关键就是你需要一个好价格
。即便是是历史上伟大公司
，最好价格往往诞生在最令人失望的时候
。去年的名创优品就是给了一个用机器猫的时光机回到20年前可以随便买互联网公司
，或者在北上广深随便买房的机会
。
22年给予投资者的一个买入名创优品的绝好机会

（1
）疫情导致线下公司处于低迷期

（2
）资本市场并未重视消费品公司出海

（3
）中概当时不确定带来低估值和流动性紧张
三重因素形成合力造成了当时名创优品股价非常低 
也是靠着2022年市场大幅波动
，才有机会可以在一个非常满意的价格建仓
（那时有一部分时间正好是在市场熔断的时间
）
。当时名创优品并不像现在这样被很多消费者熟知
，这反而给了一些投资者很不错机会
。
这次2024年名创优品投资大会也公布了未来5年名创优品发展主要规划
，包括年复合收入增速不低于20%
。每年净开店900-1100家
，在2028年IP设计产品占总收入比重超过50%
，和50%分红比率
。到2028年利润会达到60-70亿左右这个量级
。按照22年买入的5-6美元买入价算
，分红率差不多可以在30-40%左右水平了
。希望之后还可以遇到这样投资机会
2024年名创优品投资大会主要内容纪要
关于业务
（所有数据2023年都是更新到3季度
，除非特别注明
）
1
，公司2023年活跃会员为4000万+
2
，年销售5千万SKU数从2019年3Q的2个上升到2023年Q3的11个
关于门店
1
，名创优品全球门店数过6400家
，累计进入107个国家
，其中国内392,6家
，海外2487家
（注
：此数据更新至2023年4季度
）
2
，亚洲开店空间
：每20万人拥有一家门店为24000家左右
北美开店空间
：每10万人拥有一家门店
，开店空间4600家左右
拉丁美洲开店空间
：每20万人拥有一家门店
，开店空间为2800家左右
3
，公司加盟商从2019年3Q的732家上升到2023年6月30日的1012家
4
，公司同店恢复率以2023年Q1-Q3去对比2019年Q1-Q3为93.2%
5
，公司目前已进入城镇为1027个
，国内目前城镇为2032个
6
，加盟商盈利占比90%
，加盟商享受的单店平均利润率11%
（均以2023年Q3存量门店为基准
）
7
，2023年新加盟门店加盟商投资回报期小于12月
关于产品设计
1
，711法则-公司每7天会在1万个方案里会选出大约100个产品上线
2
，打造全球TOP1的毛绒品牌
关于出海
1
，公司定义过去2013-23年公司性价比+出海1.0时期
，2023-2033年是公司兴趣消费+出海2.0时期
，也就是说公司意识到有些产品消费品愿意多稍微花一些钱来买
。比如一个印着七龙珠全家族的杯子
，就可以比普通杯子卖的稍微贵一点点
。
2
，公司TOP20的代理商于海外代理市场的销售占比从72%提升到81%
，于海外代理市场的销售额从2019年的56亿提升到2023年的75亿
3
，截至2023年9月30日
，海外代理市场共有1585家门店
，亚洲
（非中国地区
）为706家
，拉美514家
，中东及北非53家
，欧洲201家
，其他为111家
4
，名创优品海外直营市场
，门店从2022年567家增长到2023年9月30日的723家
，前9个月的销售额从11亿美元增长到19亿美元
5
，名创优品美国直营业务
，2023年9月30日门店数从一年前66家增加到94家
，销售额从2.5亿增长到6.2亿
6
，纽约时代广场店GMV开业首月
（2023年5月19日到2023年6月18日
）为906万
，利润率21%
，面积450平
，回本周期为4个月
7
，北美5年规划为1000店
8
，直营店铺数量781家
，印度248家
，新加坡22家
，越南64家
，中国香港16家
，印尼259家
，加拿大51家
，北美121家 
关于IP产品市场和公司IP业务
1
，2022年全球IP商品零售人均销售额
：全球为人均227元
，中国51元人均
，美国为3077元人均
，英国1363元人均
，日本581元人均
。
2
，名创优品公司自己IP用户VS非IP用户
，人均消费为263%
，消费频次为176%
3
，名创优品自身有80+全球IP版权合作方
，扩展到100+全球IP版权合作方
（其中包括多元化IP联名
，艺术家联名
）
关于战略
1
，成为全球第一的IP设计零售集团
2
，2024-2028年集团收入复合年增速不低于20%
3
，2028年公司IP产品销售占比超过50%
4
，2024-2028年集团净增门店900-1100家
，2028年全球门店较2023年末数量接近翻倍
5
，坚持性价比
，坚持全球化
6
，零售行业格局
：拼多多
（低价
）
，Costco和山姆
（性价比+会员
）
，名创优品
（性价比+IP
）
关于供应链
1
，公司现在有1400+供应商
，4大设计中心
2
，目标本地直采比例达到30%
关于TOPTOY
1
，预期23年全年GMV10亿
，自研产品毛利率60%左右
2
，公司发展策略70%自研
，30%外采
3
，中长期目标GMV年复合增速40%+
，自研产品毛利率70+%
关于财务
1
，维持不低于50%分红比率
最后
：很高兴可以在低价名创优品
。好的投资者
，你并不是记者
，也不是教授
，你的目标是通过投资实现高的回报率
，而不是在这个事情发生后
，分析这个事情
。
名创优品是经营生活好物
，并没有得到很多投资者一开始重视
，这反而在市场低迷时期给了投资者一个千载难逢建仓机会
，小物件也可以有大生意
。名创优品就像广州料理一样
，朴实的外表下
，蕴藏惊人的战斗力
。
@今日话题$名创优品(MNSO)$$名创优品(09896)$"
282454824,2024-03-18 13:13:35,29,4,4,10/127,https://xueqiu.com/1830611415/282454824,巴菲特对于阅读重要性在投资中的分析。其实这点我觉得一些投资者都也意识到了，但区别是阅读的量的积累。他在这里边用了对球员的评估作为对比是，其实讲的是一些常识，但很多投资者确实在做着没有看过球赛，也没看过球员统计数据，但却天天在深入分析03的打击率到底是不是好球员的问题...,"巴菲特论在投资中阅读的重要性
来源
：雪球App
，作者
： Conan的投资笔记
，
（https://xueqiu.com/1830611415/282454824
）
巴菲特对于阅读重要性在投资中的分析
。其实这点我觉得一些投资者都也意识到了
，但区别是阅读的量的积累
。他在这里边用了对球员的评估作为对比是
，其实讲的是一些常识
，但很多投资者确实在做着没有看过球赛
，也没看过球员统计数据
，但却天天在深入分析03的打击率到底是不是好球员的问题
巴菲特
：我认为我和查理在看一个生意的时候总是会把它与几十家企业做比较
，这已经成为我的一种习惯
。这就好比你是一个球探在比较球员
，决定要哪个球员进球队
，你会考虑哪个球员更快
？哪个球员技术更好诸如此类的事情
。这些东西总在你的脑海里以某种方式排序和选择
。在我看来
，学投资最好的方式就是尽你所能
，阅读一切
。假如你一年阅读几百份年报
，而且你读过格雷厄姆和费雪的东西
，那你很快就能识别出企业的好环了
。如果你脑子里有框架和雏形
，那么会对行业和企业有个衡量标准
。如果你没有
，比如说你从未看过球赛
，也从未看过球员统计数据
，那你就不知道
，0.3的打击率是不是一个好球员
。查理和我
，或许我程度更深
，我们都喜欢研究企业历史
。如果我买可口可乐股票
，我可能去找30年代
《财富
》杂志对可口可乐的报道
，或者其他资料
。我喜欢手头有大量历史资料
，这让我懂得随着时间的推移企业是怎么变化的
，什么东西没变
，什么东西变了等等
。我这样做可能更多是为了乐趣
，而不是为了真正的决策
。但是我认为
，如果你考虑我们试图买进我们愿意长期持有的企业
。你也可以用这种投资方法
，不妨想想拥有它的感觉
，然后回看他们的历史
@今日话题$伯克希尔-哈撒韦A(BRK.A)$$伯克希尔-哈撒韦B(BRK.B)$$曼联(MANU)$"
282377325,2024-03-17 20:33:00,30,5,0,10/127,https://xueqiu.com/1830611415/282377325,要找到优秀的伴侣，只有一个办法，就是自己得配得上。同样的道理，要找到优秀的人共事，你自己首先要是一个优秀的人。by 查理 芒格$伯克希尔-哈撒韦A(BRK.A)$ $伯克希尔-哈撒韦B(BRK.B)$,"来源
：雪球App
，作者
： Conan的投资笔记
，
（https://xueqiu.com/1830611415/282377325
）
要找到优秀的伴侣
，只有一个办法
，就是自己得配得上
。同样的道理
，要找到优秀的人共事
，你自己首先要是一个优秀的人
。by 查理 芒格$伯克希尔-哈撒韦A(BRK.A)$$伯克希尔-哈撒韦B(BRK.B)$"
282322741,2024-03-16 21:49:02,13,1,0,10/127,https://xueqiu.com/1830611415/282322741,在与别人合作的过程中，沃伦和我都是首先以高标准要求自己。因为有优秀的人与我们一道努力，我们才能取得今天的成绩。by 查理 芒格$伯克希尔-哈撒韦A(BRK.A)$ $伯克希尔-哈撒韦B(BRK.B)$,"来源
：雪球App
，作者
： Conan的投资笔记
，
（https://xueqiu.com/1830611415/282322741
）
在与别人合作的过程中
，沃伦和我都是首先以高标准要求自己
。因为有优秀的人与我们一道努力
，我们才能取得今天的成绩
。by 查理 芒格$伯克希尔-哈撒韦A(BRK.A)$$伯克希尔-哈撒韦B(BRK.B)$"
282236996,2024-03-15 19:53:22,13,6,0,10/127,https://xueqiu.com/1830611415/282236996,贝壳昨天白色情人节3月14日发布了2023年业绩，实现收入778以，同比增长28.2%，净利润58.9亿，扭亏为盈。实现经调整利润是98亿，同比增长244%。2023年新房的GTV为10030亿，同比增长6.7%，大盘的统计局全国新房小说金额同比是下降6%。存量房的GTV为20280亿，同比增长28.6%，在多个核心城市市场份额持...,"来源
：雪球App
，作者
： Conan的投资笔记
，
（https://xueqiu.com/1830611415/282236996
）
贝壳昨天白色情人节3月14日发布了2023年业绩
，实现收入778以
，同比增长28.2%
，净利润58.9亿
，扭亏为盈
。实现经调整利润是98亿
，同比增长244%
。2023年新房的GTV为10030亿
，同比增长6.7%
，大盘的统计局全国新房小说金额同比是下降6%
。存量房的GTV为20280亿
，同比增长28.6%
，在多个核心城市市场份额持续提升
。对应新房收入为306亿
，同比增长6.7%
，存量房业务净收入为280亿
，同比增长15.9%
。
公司战略里的两翼业务
，家装家居业务合同达到133亿
，同比增长146%
，定制家具
，软装及电器贡献比较多
。租房业务发展也非常快
，收入过50亿
，1年管理规模过20万间
，长租公寓单列1万多套
。排除传统的新房就存量房交易业务外
，家装家居业务和租房业务
，都是公司基于对行业理解比较深一些
，切的一些比较精准业务点
，能充分发挥公司传统规模和用户和客户存量优势
。公司在业绩会也表示在24年
，公司对传统的一体业务和两翼业务都有新的发展规划
，传统一体业务是提高效率和寻找新机会
，两翼业务是重点提升产品和服务质量
公司CEO在业绩会也强调2024年最重要的是稳中求进和长期主义
。地产行业是一个周期性比较强的行业
，所以行业的服务公司
，也会出现相应特点有一定周期性
。公司在前几年经营处于周期性低点
，这时期公司做了很不错对长期的业务建设和现金流及业务效率的建设和管理
，今年也是迎来反弹
，也就是公司去年自己提到的翻山宣言
，今年反弹看上去发生在2024年
，实际很多工作是在2020-2023年做的
@今日话题$贝壳(BEKE)$$贝壳-W(02423)$"
281818715,2024-03-13 09:32:49,12,5,2,10/127,https://xueqiu.com/1830611415/281818715,Boss直聘2023第四季度收入为15.8亿，同比增长46%，净利润3.31亿，去年同期为亏损1.84亿，月活用户为4120万，同比增加33.3%。2023年全年收入为59亿，同比增长31.9%，多增加15亿收入，是和Boss直聘在2023年重点强化蓝领，中小企业，和下沉市场起作用比较大。这些领域过去传统招聘公司覆盖比较少，主...,"Boss直聘2023年财报简评分析笔记
来源
：雪球App
，作者
： Conan的投资笔记
，
（https://xueqiu.com/1830611415/281818715
）
Boss直聘2023第四季度收入为15.8亿
，同比增长46%
，净利润3.31亿
，去年同期为亏损1.84亿
，月活用户为4120万
，同比增加33.3%
。2023年全年收入为59亿
，同比增长31.9%
，多增加15亿收入
，是和Boss直聘在2023年重点强化蓝领
，中小企业
，和下沉市场起作用比较大
。这些领域过去传统招聘公司覆盖比较少
，主要是传统模式覆盖成本比较高
，所以很多传统公司就不爱做了
，Boss直聘这个互联网产品性价比比较高
，覆盖后
，基本就算增量了
。这些领域
，传统招聘公司覆盖比较少
，但其实行业需求还是很可以的
，比较高效低成本的招聘模式更适合这些公司
。2024年第一季度公司预计收入增长为28.3-30.7%
。
研发费用为15.4亿同比增长30.5%
，销售营销成本在2023年和22年水平差不多
，全年MAU增长47.4%
。今年整个市场对就业需求都还可以
，所以行业增长都不错
，公司在销售费用和去年基本持平情况下
，MAU增长40+%
，也有这种产品更适合目前就业市场需求的因素
。销售费用持平
，需求带动收入增长
，所以公司净利润就起来了
，2023年全年净利润为10.99亿
，22年为1.07亿
。
公司长期的战略
，比如5年以上
，之前去调研了解情况是
，是在国内把不同招聘产品线做更深更广
，也就是从招聘发布做到一个人正式入职且稳定下来
。从猎头行业看
，入职服务费是目标的入职员工薪资的10-25%
，整体招聘市场都是这个模式
，就是从入职人员的薪酬里提一个服务费比例
，只不过猎头是以高端职位为需求的产品
，不同档位招聘产品集合起来
，国内整个大的招聘市场还是可以的
。之后Boss直聘还一个长期战略是把这种产品模式复制到海外
，东南亚
，欧美
，就是国内企业出海比较多地方
。这个一般情况下
，公司都是做出成绩之后
，再开始逐步分拆业务板块再在财报进行披露
，中早期都是合并进入其他财务板块
。
$BOSS直聘(BZ)$$BOSS直聘-W(02076)$
@今日话题"
281752282,2024-03-12 17:46:42,19,5,2,10/127,https://xueqiu.com/1830611415/281752282,伯克希尔股东会问答上，其实很少有人问这些比较细致一些问题，但我们认为是比较关键问题，比如一些财报数字是基于什么原则出来的，不过这也反映投资就像足球一样，大家都想上来就学如何马赛回转，如何牛尾巴过人，落叶射门，反而最基础的不同类型传球，长传球，基础过人技术感兴趣练习的人少...,"巴菲特和芒格论学习会计关键点是什么
来源
：雪球App
，作者
： Conan的投资笔记
，
（https://xueqiu.com/1830611415/281752282
）
伯克希尔股东会问答上
，其实很少有人问这些比较细致一些问题
，但我们认为是比较关键问题
，比如一些财报数字是基于什么原则出来的
，不过这也反映投资就像足球一样
，大家都想上来就学如何马赛回转
，如何牛尾巴过人
，落叶射门
，反而最基础的不同类型传球
，长传球
，基础过人技术感兴趣练习的人少
。另外就是芒格和巴菲特都非常强调了会计学习中实战对这个技术和学科的重要性
，但我理解这点经常是被忽视的
。
提问
：我叫约翰弗洛伊登伯格
，来自德国
。我想请你说说你最喜欢的会计书
，谢谢
。
巴菲特
：我很久没有读会计方面的书了
，我在大学时读过芬尼的书
，因为我一直都很喜欢会计
。对于投身于商界的人来说
，会计是永远学不完的
。我不太了解最新的会计书籍
，也许查理最近读过一些
。事实上
，我希望如果你不断阅读伯克希尔的财务报告
，你会从中学到一些会计方面的内容
。你也可以通过阅读涉及会计或会计丑闻等内容的商业文章学习会计
，你需要知道
，这些数字是如何得来的
？它的基本原则是什么以及可以用它们做些什么
？把会计数字作为理解业务原材料得开始
，但你必须带着问题去学习
，我想不出有好得书籍可以回答这个问题
。我在过去的岁月里读过很多优秀得杂志文章
，这些文章都对我的知识有所贡献
。我读了很多年报
，看到了人们如何操控运用会计数字
。我之前说过
，如果我不理解具体的会计数字
，我想这可能是因为管理层不希望我理解
，如果管理层不希望我理解
，那就有可能隐瞒着一些坑
。因为通常情况下人们不会在没有任何目的的情况下用数字来混淆视听
。当你遇到这种情况时最好的办法就是远离
。查理?
芒格
：问沃伦知道哪些好的会计书
，就好像问他如何呼吸一样
。这意味着首先要学习基本的记账规则
。然后花费大量的时间将会计数字与实际业务联系起来
，这是一个需要终生学习的过程
。
@今日话题$伯克希尔-哈撒韦A(BRK.A)$$伯克希尔-哈撒韦B(BRK.B)$"
281451438,2024-03-10 13:37:09,23,2,2,10/127,https://xueqiu.com/1830611415/281451438,在伯克希尔致股东信中，巴菲特引用了大卫·奥格威（David Ogilvy）的话，总是聘请比我们高大的人加入我们，我们都将成为巨人。巴菲特非常认同这个理念，我也非常认同。by 查理 芒格$伯克希尔-哈撒韦A(BRK.A)$ $伯克希尔-哈撒韦B(BRK.B)$,在伯克希尔致股东信中，巴菲特引用了大卫·奥格威（David Ogilvy）的话，总是聘请比我们高大的人加入我们，我们都将成为巨人。巴菲特非常认同这个理念，我也非常认同。by 查理 芒格$伯克希尔-哈撒韦A(BRK.A)$ $伯克希尔-哈撒韦B(BRK.B)$
281272837,2024-03-08 11:57:28,32,9,1,10/127,https://xueqiu.com/1830611415/281272837,鸟山明因病去世，享年68岁。卡卡罗特，再见龟仙人：徒弟们听好了，好好活动，好好学习，好好游戏，好好吃饭，好好休息，要过一个开心有趣、精神百倍的人生，龟仙流派与你们同在。,鸟山明因病去世，享年68岁。卡卡罗特，再见龟仙人：徒弟们听好了，好好活动，好好学习，好好游戏，好好吃饭，好好休息，要过一个开心有趣、精神百倍的人生，龟仙流派与你们同在。
281179195,2024-03-07 18:27:29,28,8,7,10/127,https://xueqiu.com/1830611415/281179195,一个比较经典的问答，这段话不同时期看了很多很多遍了。不同时期看关注地方有时不太一样巴菲特：我们选择股票的标准实际上就是审视一家企业的标准，我们寻找的是一家我们能够理解的企业，这意味我们要能够理解他们销售的产品，或者了解竞争的性质以及可能会随着时间推移出现的问题。当...,
281015208,2024-03-06 17:32:54,30,4,0,11/127,https://xueqiu.com/1830611415/281015208,在沃伦眼中，优秀的管理者是这样的：你把他从火车上扔下去，扔到一个偏僻的小镇，不给他钱，他在这个小镇上诚实本分地经营，用不了多长时间，又发家致富了。by 查理 芒格$伯克希尔-哈撒韦A(BRK.A)$ $伯克希尔-哈撒韦B(BRK.B)$,在沃伦眼中，优秀的管理者是这样的：你把他从火车上扔下去，扔到一个偏僻的小镇，不给他钱，他在这个小镇上诚实本分地经营，用不了多长时间，又发家致富了。by 查理 芒格$伯克希尔-哈撒韦A(BRK.A)$ $伯克希尔-哈撒韦B(BRK.B)$
280874815,2024-03-05 18:57:39,20,1,0,11/127,https://xueqiu.com/1830611415/280874815,沃伦对优秀的管理层青睐有加，但是在他的投资过程中，他从来没有因为管理层很优秀，而支付高于资产的价格。他买入资产的价格总是略低于资产的价值。优秀的管理层是资产中的一部分，沃伦并不因为管理层优秀，而支付高出价值的价格。by 查理 芒格$伯克希尔-哈撒韦A(BRK.A)$ $伯克希尔-哈...,沃伦对优秀的管理层青睐有加，但是在他的投资过程中，他从来没有因为管理层很优秀，而支付高于资产的价格。他买入资产的价格总是略低于资产的价值。优秀的管理层是资产中的一部分，沃伦并不因为管理层优秀，而支付高出价值的价格。by 查理 芒格$伯克希尔-哈撒韦A(BRK.A)$ $伯克希尔-哈撒韦B(BRK.B)$
280711503,2024-03-04 17:37:38,24,8,2,11/127,https://xueqiu.com/1830611415/280711503,我觉得我从还没有毕业，到现在做投资以来，买入成功率是40-50%，就是有40-50%最终非常想买入的公司股票成功买入了，有些就是因为各种原因错过了，比如没看出来，或者价格定低了，没到那个价格，没触发买入。很多没有成功买入的公司股票，现在看非常可惜，但回想的话，研究和一直在思考买入这...,
280533672,2024-03-02 18:25:20,18,5,0,11/127,https://xueqiu.com/1830611415/280533672,以前，有一位久经沙场的投资界老前辈，每当年轻人建议他冒险的时候，他总是说：“河里淹死的都是会水的。”遇到了旋涡，水流太强，任你游泳本领再高，也难以逃脱。由此可见，打得过就打，打不过就跑。by 查理 芒格$伯克希尔-哈撒韦A(BRK.A)$ $伯克希尔-哈撒韦B(BRK.B)$,以前，有一位久经沙场的投资界老前辈，每当年轻人建议他冒险的时候，他总是说：“河里淹死的都是会水的。”遇到了旋涡，水流太强，任你游泳本领再高，也难以逃脱。由此可见，打得过就打，打不过就跑。by 查理 芒格$伯克希尔-哈撒韦A(BRK.A)$ $伯克希尔-哈撒韦B(BRK.B)$
280464585,2024-03-01 19:29:14,23,27,5,11/127,https://xueqiu.com/1830611415/280464585,我曾经领导过一家经营印花票的公司，眼看着它的销售额从1.2亿美元跌落到200万美元。销售额下跌幅度高达99%。眼看着它的销售额节节走低，我却无能为力。我想过各种办法，希望能止住颓势，可惜都无功而返。这个经历让我懂得了一个道理。决定结果的主要有两个因素：一个是形式，另一个是人...,我曾经领导过一家经营印花票的公司，眼看着它的销售额从1.2亿美元跌落到200万美元。销售额下跌幅度高达99%。眼看着它的销售额节节走低，我却无能为力。我想过各种办法，希望能止住颓势，可惜都无功而返。这个经历让我懂得了一个道理。决定结果的主要有两个因素：一个是形式，另一个是人。形式太强，任凭你有多大能力，都无济于事。by 查理 $伯克希尔-哈撒韦A(BRK.A)$ $伯克希尔-哈撒韦B(BRK.B)$ 芒格
280310219,2024-02-29 19:38:06,17,4,0,11/127,https://xueqiu.com/1830611415/280310219,我不做自己能力做不到的事情，坚持小步快跑，小心谨慎地稳健发展。by 娃哈哈前董事长 宗庆后$上证指数(SH000001)$ $沪深300(SH000300)$ $恒生指数(HKHSI)$ 照片是娃哈哈早年创业的时候,我不做自己能力做不到的事情，坚持小步快跑，小心谨慎地稳健发展。by 娃哈哈前董事长 宗庆后$上证指数(SH000001)$ $沪深300(SH000300)$ $恒生指数(HKHSI)$ 照片是娃哈哈早年创业的时候
280149739,2024-02-28 19:12:00,29,7,2,11/127,https://xueqiu.com/1830611415/280149739,我们之所以选择成为企业家，并非来自我们本能，也并非我们真正的性格使然。我们只是在一个找不到出路的年代里，使劲儿地在为自己找一条出路。等到年纪大了，回头一看，自己竟然走出了一条路——一条水路，“弱水三千，我只取一瓢饮”的路。by 娃哈哈前董事长 宗庆后$上证指数(SH000001)$ $沪深300(...,我们之所以选择成为企业家，并非来自我们本能，也并非我们真正的性格使然。我们只是在一个找不到出路的年代里，使劲儿地在为自己找一条出路。等到年纪大了，回头一看，自己竟然走出了一条路——一条水路，“弱水三千，我只取一瓢饮”的路。by 娃哈哈前董事长 宗庆后$上证指数(SH000001)$ $沪深300(SH000300)$ $恒生指数(HKHSI)$
279980099,2024-02-27 19:03:07,24,0,1,11/127,https://xueqiu.com/1830611415/279980099,要想幸福，第一条，降低自己的预期。这一点是你自己能掌控的。总是抱有不切实际的预期，注定一生痛苦。我非常善于降低自己的预期，因此我活得很好。by 查理 芒格$伯克希尔-哈撒韦A(BRK.A)$ $伯克希尔-哈撒韦B(BRK.B)$,要想幸福，第一条，降低自己的预期。这一点是你自己能掌控的。总是抱有不切实际的预期，注定一生痛苦。我非常善于降低自己的预期，因此我活得很好。by 查理 芒格$伯克希尔-哈撒韦A(BRK.A)$ $伯克希尔-哈撒韦B(BRK.B)$
279822569,2024-02-26 17:30:51,23,16,7,11/127,https://xueqiu.com/1830611415/279822569,巴菲特在很早股东会上讨论大宗资产的投资价值，主要是讨论黄金。黄金最主要投资特点是他和货币发行量是高度相关的投资品种。但我觉得巴菲特讨论在黄金以外，也适用于很多pb非常低的公司，公司自身产生新价值能力比较弱，但pb会非常低，或者市值远低于净现金。提问：这个问题来自尼尔·...,
279661293,2024-02-24 20:04:54,33,8,5,11/127,https://xueqiu.com/1830611415/279661293,在我遇到的人中，那些最终取得成功的，是保持耐心、保持理智的人。他们量入为出，本分地生活。他们谨小慎微，把事情做对。当机会来临时， 他们猛扑上去，一把抓住。你们新一代的年轻人，像我说的这样生活，也能取得成功。 by 查理 芒格$伯克希尔-哈撒韦A(BRK.A)$ $伯克希尔-哈撒韦B(BRK.B)$,在我遇到的人中，那些最终取得成功的，是保持耐心、保持理智的人。他们量入为出，本分地生活。他们谨小慎微，把事情做对。当机会来临时， 他们猛扑上去，一把抓住。你们新一代的年轻人，像我说的这样生活，也能取得成功。 by 查理 芒格$伯克希尔-哈撒韦A(BRK.A)$ $伯克希尔-哈撒韦B(BRK.B)$
279420178,2024-02-22 17:46:25,10,13,2,11/127,https://xueqiu.com/1830611415/279420178,巴菲特和芒格在这个问答里解释，为什么银行股和金融股很难投资。芒格其实说很有道理，这些公司非常复杂，而复杂提供了很多被误解的机会，无论是无意的还是刻意的。国内股票市场和雪球上有很多喜欢投资银行股的基金和投资者和基金，他们投资这些很重要原因就是低pb，低pe，相对较高roe，但也...,
279283063,2024-02-21 18:33:41,11,1,0,11/127,https://xueqiu.com/1830611415/279283063,我有一种思考问题的分类方法，我教给你们。很多特别难的问题，我给它们专门建了一个类别，这个类别的名字叫“太难”。对我来说，太难的事有很多，我想都不想，直接把它们扔到“太难”的类别里。简单的事很少，但我只做简单的事。这就是我思考问题的分类方法。$伯克希尔-哈撒韦A(BRK.A)$...,我有一种思考问题的分类方法，我教给你们。很多特别难的问题，我给它们专门建了一个类别，这个类别的名字叫“太难”。对我来说，太难的事有很多，我想都不想，直接把它们扔到“太难”的类别里。简单的事很少，但我只做简单的事。这就是我思考问题的分类方法。$伯克希尔-哈撒韦A(BRK.A)$ $伯克希尔-哈撒韦B(BRK.B)$
279012854,2024-02-19 18:49:52,13,7,5,11/127,https://xueqiu.com/1830611415/279012854,问答后边金融衍生品部分我就不说了。我最感兴趣是前半部分，就是巴菲特和芒格讨论，如何在投资中发现自己错误了，已经建立这种系统可以让自己察觉到。所以这个投资者提问，我觉得是非常赞的，我觉得这是伯克希尔经典提问里可以进前5%的。建立好的反馈错误机制，无论是通过别人，还是一...,
278891758,2024-02-18 16:14:43,14,8,0,11/127,https://xueqiu.com/1830611415/278891758,凯恩不一定有冠军，从去年立志要夺冠的阿森纳离开加入勒沃库森的扎卡没准会有冠军了,凯恩不一定有冠军，从去年立志要夺冠的阿森纳离开加入勒沃库森的扎卡没准会有冠军了
278853148,2024-02-17 20:33:35,17,2,1,11/127,https://xueqiu.com/1830611415/278853148,把问题彻底想明白，问题就解决了一半。by查理 芒格$伯克希尔-哈撒韦A(BRK.A)$ $伯克希尔-哈撒韦B(BRK.B)$,把问题彻底想明白，问题就解决了一半。by查理 芒格$伯克希尔-哈撒韦A(BRK.A)$ $伯克希尔-哈撒韦B(BRK.B)$
278729704,2024-02-15 11:28:44,10,1,1,11/127,https://xueqiu.com/1830611415/278729704,一个比较经典问题。如果资金量比较小，且芒格和巴菲特可以回到过去，他们表现会更好。主要是规模缩小带来的可选投资范围大幅增加，一些过去伯克希尔无法选择的标的出现了。另外他们两个人水平比年轻有100万美元那时有比较大提升 ，投资的策略也会有变化提问：你曾经说过，如果你现在只...,
278695967,2024-02-14 19:18:19,12,1,1,11/127,https://xueqiu.com/1830611415/278695967,学习模型思维没有捷径可走。一方面，我们必须把大量的模型储存在头脑中；另一方面，我们要能够得心应手地使用各个模型。学习模型这种思维方式，没有捷径可走。也许有，但我是不知道。我的做法就是两个字“ 坚持”。by 查理 芒格$伯克希尔-哈撒韦A(BRK.A)$ $伯克希尔-哈撒韦B(BRK.B)$,学习模型思维没有捷径可走。一方面，我们必须把大量的模型储存在头脑中；另一方面，我们要能够得心应手地使用各个模型。学习模型这种思维方式，没有捷径可走。也许有，但我是不知道。我的做法就是两个字“ 坚持”。by 查理 芒格$伯克希尔-哈撒韦A(BRK.A)$ $伯克希尔-哈撒韦B(BRK.B)$
278649595,2024-02-13 22:04:48,34,8,1,11/127,https://xueqiu.com/1830611415/278649595,面对困难，我还有一个观点。人生的困难一个接一个，每个困难都是对我们的一次考验，都是我们表现自己的机会。我建议大家以这样的态度面对困难。特别是等你们上了年纪的时候，这个态度非常有用。by 查理 芒格$伯克希尔-哈撒韦A(BRK.A)$ $伯克希尔-哈撒韦B(BRK.B)$,面对困难，我还有一个观点。人生的困难一个接一个，每个困难都是对我们的一次考验，都是我们表现自己的机会。我建议大家以这样的态度面对困难。特别是等你们上了年纪的时候，这个态度非常有用。by 查理 芒格$伯克希尔-哈撒韦A(BRK.A)$ $伯克希尔-哈撒韦B(BRK.B)$
278602185,2024-02-12 18:17:43,16,20,0,11/127,https://xueqiu.com/1830611415/278602185,球员可以通过头盔的耳机和教练进行实时通信，美式橄榄球，对于比赛中的信息交流是革命性变化，这让优秀教练和优秀的四分卫作用放大了马霍姆斯要成为布雷迪第二代了？,球员可以通过头盔的耳机和教练进行实时通信，美式橄榄球，对于比赛中的信息交流是革命性变化，这让优秀教练和优秀的四分卫作用放大了马霍姆斯要成为布雷迪第二代了？
278577828,2024-02-11 21:21:52,27,5,5,11/127,https://xueqiu.com/1830611415/278577828,人应该不断地提升自己。我们应该多学习各学科的主要知识，而不是和细枝末节纠缠不清。我特别注重汲取各学科的主要知识，这样才不至于只见树木，不见森林。把各学科的主要知识融会贯通，能发挥出巨大的威力。 by 查理 芒格$伯克希尔-哈撒韦A(BRK.A)$ $伯克希尔-哈撒韦B(BRK.B)$,人应该不断地提升自己。我们应该多学习各学科的主要知识，而不是和细枝末节纠缠不清。我特别注重汲取各学科的主要知识，这样才不至于只见树木，不见森林。把各学科的主要知识融会贯通，能发挥出巨大的威力。 by 查理 芒格$伯克希尔-哈撒韦A(BRK.A)$ $伯克希尔-哈撒韦B(BRK.B)$
278547598,2024-02-10 19:10:59,30,0,0,12/127,https://xueqiu.com/1830611415/278547598,面对困难，很多人选择逃避。我们选择出兵，至少这种态度是积极的，愿意承受眼前的痛苦，换取长期的和平。很多人总是一味地逃避，不愿承受短期的痛苦。自找苦吃，主动吃眼前的苦，这才是正确的处世态度。投资是同样的道理，以短期的痛苦换取长期的收益。 by 查理 芒格$伯克希尔-哈撒韦A(BRK.A...,面对困难，很多人选择逃避。我们选择出兵，至少这种态度是积极的，愿意承受眼前的痛苦，换取长期的和平。很多人总是一味地逃避，不愿承受短期的痛苦。自找苦吃，主动吃眼前的苦，这才是正确的处世态度。投资是同样的道理，以短期的痛苦换取长期的收益。 by 查理 芒格$伯克希尔-哈撒韦A(BRK.A)$ $伯克希尔-哈撒韦B(BRK.B)$  球友过年好，最近准备多找一些比较少见，我自己比较喜欢的查理芒格和巴菲特语录是
278502619,2024-02-09 20:44:46,11,4,0,12/127,https://xueqiu.com/1830611415/278502619,小红书啥时上市，听说今年增长非常不错 $爱奇艺(IQ)$ $小红书(临时)(XIAOHS)$,小红书啥时上市，听说今年增长非常不错 $爱奇艺(IQ)$ $小红书(临时)(XIAOHS)$
278498831,2024-02-09 19:48:58,11,3,0,12/127,https://xueqiu.com/1830611415/278498831,大家龙年春节好，恭喜发财$上证指数(SH000001)$ $沪深300(SH000300)$ $恒生指数(HKHSI)$,大家龙年春节好，恭喜发财$上证指数(SH000001)$ $沪深300(SH000300)$ $恒生指数(HKHSI)$
278423069,2024-02-08 18:01:44,6,0,0,12/127,https://xueqiu.com/1830611415/278423069,一个关于伯克希尔如何投资医药行业的问答，巴菲特和伯克希尔在医药行业投资领域实际采取了一个自我判定投资能力相对低的做法，就是在一个医药行业范围内买指数，而并非是选出一个最后赢家，这也是对他们实际投资能力评估的一种反馈。提问：你好，我是来自加拿大多伦多的詹妮弗珀尔曼。...,
278271827,2024-02-07 16:37:46,17,2,1,12/127,https://xueqiu.com/1830611415/278271827,卓越的人很少，有机会追随他们，和他们走到一起，或许值得付出溢价，将来可能获得丰厚的回报。by 查理 芒格$伯克希尔-哈撒韦A(BRK.A)$ $伯克希尔-哈撒韦B(BRK.B)$,卓越的人很少，有机会追随他们，和他们走到一起，或许值得付出溢价，将来可能获得丰厚的回报。by 查理 芒格$伯克希尔-哈撒韦A(BRK.A)$ $伯克希尔-哈撒韦B(BRK.B)$
278140291,2024-02-06 18:56:03,17,9,1,12/127,https://xueqiu.com/1830611415/278140291,我和沃伦很清楚自己的不足，很清楚有很多事我们做不到，所以我们谨小慎微地留在我们的“能力圈”之中。我们都认为，我们的“ 能力圈”是一个非常小的圆圈。我年轻时，有个朋友说：“ 芒格只研究自己生意里的那点事，和他的生意无关的事，他一概不知。”在自己的已知与未知之间，我们画出明确...,我和沃伦很清楚自己的不足，很清楚有很多事我们做不到，所以我们谨小慎微地留在我们的“能力圈”之中。我们都认为，我们的“ 能力圈”是一个非常小的圆圈。我年轻时，有个朋友说：“ 芒格只研究自己生意里的那点事，和他的生意无关的事，他一概不知。”在自己的已知与未知之间，我们画出明确的界线，我们只在已知的圆圈内活动。by 查理 芒格$伯克希尔-哈撒韦A(BRK.A)$ $伯克希尔-哈撒韦B(BRK.B)$
277972666,2024-02-05 19:21:19,11,4,2,12/127,https://xueqiu.com/1830611415/277972666,《冰河世纪：从寒冰得来的理论》和《苏格兰人如何帮助创造现代世界》是芒格推荐书里，相对两本比较冷门的了。比较火的我理解应该是戴蒙德的《枪炮，病菌与钢铁》这样的《冰河世纪：从寒冰得来的理论》这本书都没有中文版是，英文版是《Ice Age: The Theory That Came In From The Cold!...,
277792972,2024-02-04 22:39:29,22,6,2,12/127,https://xueqiu.com/1830611415/277792972,充分认清客观条件的限制，充分认识自身能力的限制，谨小慎微地在限制范围内活动，这是赚钱的诀窍。这个诀窍，与其说是“ 谦卑”，不如说是“有克制的贪婪”。by 查理 芒格$伯克希尔-哈撒韦A(BRK.A)$ $伯克希尔-哈撒韦B(BRK.B)$,充分认清客观条件的限制，充分认识自身能力的限制，谨小慎微地在限制范围内活动，这是赚钱的诀窍。这个诀窍，与其说是“ 谦卑”，不如说是“有克制的贪婪”。by 查理 芒格$伯克希尔-哈撒韦A(BRK.A)$ $伯克希尔-哈撒韦B(BRK.B)$
277709755,2024-02-03 22:02:25,6,5,1,12/127,https://xueqiu.com/1830611415/277709755,日本平常那么喜欢练级，那就为练级付出代价吧，亚洲杯八强战1比2输伊朗,日本平常那么喜欢练级，那就为练级付出代价吧，亚洲杯八强战1比2输伊朗
277599666,2024-02-02 19:20:19,14,5,1,12/127,https://xueqiu.com/1830611415/277599666,在我回答问题的时候，并不是你们问什么，我就答什么，我总是挑自己想回答的回答。这是我的一种思维方式。我琢磨什么是自己不想要的，琢磨如何才能避免那样的结果，这种思维方式让我受益良多。by 查理 芒格$伯克希尔-哈撒韦A(BRK.A)$ $伯克希尔-哈撒韦B(BRK.B)$,在我回答问题的时候，并不是你们问什么，我就答什么，我总是挑自己想回答的回答。这是我的一种思维方式。我琢磨什么是自己不想要的，琢磨如何才能避免那样的结果，这种思维方式让我受益良多。by 查理 芒格$伯克希尔-哈撒韦A(BRK.A)$ $伯克希尔-哈撒韦B(BRK.B)$
276987045,2024-01-30 18:11:25,9,3,2,12/127,https://xueqiu.com/1830611415/276987045,巴菲特和芒格早期评估互联网对零售行业冲击的分析。其实两个人已经预感到这种对人类社会非常有冲击型的技术和在这上边诞生的新商业组织架构对旧零售行业的冲击量级是非常巨大的，只是他们说自己很难判断未来会怎么变，伯克希尔在一个时间之后，投资方向是有微调的，转向了一些远离这些新旧商业势力...,
276665987,2024-01-28 17:46:23,20,1,2,12/127,https://xueqiu.com/1830611415/276665987,心理学中有个强化效应的概念。无论做什么，不断得到强化，所有人都能做得更好。如果每次做得好都能得到奖励，人们会越做越好，沃伦·巴菲特也不例外。by 查理 芒格$伯克希尔-哈撒韦A(BRK.A)$ $伯克希尔-哈撒韦B(BRK.B)$,心理学中有个强化效应的概念。无论做什么，不断得到强化，所有人都能做得更好。如果每次做得好都能得到奖励，人们会越做越好，沃伦·巴菲特也不例外。by 查理 芒格$伯克希尔-哈撒韦A(BRK.A)$ $伯克希尔-哈撒韦B(BRK.B)$
276549674,2024-01-26 19:19:59,7,0,0,12/127,https://xueqiu.com/1830611415/276549674,沃伦是个非常聪明的人，他没聪明到能蒙眼下国际象棋车轮战的程度，但他确实天生聪明。沃伦是个聪明的人，但他取得的成就超越了他的聪明程度。by 查理 芒格$伯克希尔-哈撒韦A(BRK.A)$ $伯克希尔-哈撒韦B(BRK.B)$,沃伦是个非常聪明的人，他没聪明到能蒙眼下国际象棋车轮战的程度，但他确实天生聪明。沃伦是个聪明的人，但他取得的成就超越了他的聪明程度。by 查理 芒格$伯克希尔-哈撒韦A(BRK.A)$ $伯克希尔-哈撒韦B(BRK.B)$
276385897,2024-01-25 18:18:00,11,2,0,12/127,https://xueqiu.com/1830611415/276385897,巴菲特推荐就是定投指数基金。我觉得巴菲特对指数基金投资很多看法，其实变化是非常少，指数基金可以击败70-80%的专业投资者。定投指数基金是投资指数基金最好的方式，原因也是基于指数基金本质是一种防御性投资。提问：早上好我叫泰德弗里德曼来自俄亥俄州辛辛那提。您在1996年的年度...,
276200440,2024-01-24 15:41:05,9,1,0,12/127,https://xueqiu.com/1830611415/276200440,来看看投资漫画发布会《进阶吧，投资者》，能确定肯定不是热血番，我还写了一段，的关于消费品投资的 @江涛 @Takun,来看看投资漫画发布会《进阶吧，投资者》，能确定肯定不是热血番，我还写了一段，的关于消费品投资的 @江涛 @Takun
276048325,2024-01-23 17:55:37,32,9,3,12/127,https://xueqiu.com/1830611415/276048325,其实是关于房子收益率和不同资产投资回报率比对的问题，房子回报率始终在早期巴菲特投资中顺位是偏低的。区别就是提问时间是比较晚了，所以巴菲特能把这事讲成一个段子，看很早期巴菲特采访，感觉可能是很严肃说的。提问：我叫Nelson Arata，我来自加州南部，我有一个和股票无关，与买...,
275882167,2024-01-22 19:18:31,14,1,1,12/127,https://xueqiu.com/1830611415/275882167,人类社会错综复杂，巨大的成败背后总是存在合奏效应，沃伦的成功也不例外。by 查理 芒格$伯克希尔-哈撒韦A(BRK.A)$ $伯克希尔-哈撒韦B(BRK.B)$,人类社会错综复杂，巨大的成败背后总是存在合奏效应，沃伦的成功也不例外。by 查理 芒格$伯克希尔-哈撒韦A(BRK.A)$ $伯克希尔-哈撒韦B(BRK.B)$
275681219,2024-01-21 17:57:46,10,0,0,12/127,https://xueqiu.com/1830611415/275681219,风险、是来⾃于你不知道你在做什么。by 沃伦 巴菲特$伯克希尔-哈撒韦A(BRK.A)$ $伯克希尔-哈撒韦B(BRK.B)$,风险、是来⾃于你不知道你在做什么。by 沃伦 巴菲特$伯克希尔-哈撒韦A(BRK.A)$ $伯克希尔-哈撒韦B(BRK.B)$
275567520,2024-01-19 21:11:01,37,9,0,12/127,https://xueqiu.com/1830611415/275567520,很高兴能来参加名创优品投资者日活动，公司也发布了未来5年战略规划。我其实非常感谢名创优品，我们23年11月以净值3.94，扣费前年化收益率20.6+%拿智通财经的卓越基金奖时，名创优品是贡献收入最大。回望过去，上次来名创优品参加大型活动是22年7月名创香港上市，人比今天少太多了，但那时恰...,很高兴能来参加名创优品投资者日活动，公司也发布了未来5年战略规划。我其实非常感谢名创优品，我们23年11月以净值3.94，扣费前年化收益率20.6+%拿智通财经的卓越基金奖时，名创优品是贡献收入最大。回望过去，上次来名创优品参加大型活动是22年7月名创香港上市，人比今天少太多了，但那时恰恰是买入名创优品最好时间了。当幸福来敲门的时候，他的脚步其实是非常非常安静的$名创优品(MNSO)$ $名创优品(09896)$ $CINDERELLA FUND(P000377)$
274978577,2024-01-16 16:00:21,33,25,7,12/127,https://xueqiu.com/1830611415/274978577,巴菲特说了一个比较重要问题，就是在不同时期，他的投资策略是不一样的。而且考虑当时的技术环境，比如电子报价屏幕发明等等，就是投资者对获取信息能力提升水平。即便相同的资金在不同的时期，其实投资测量也会有非常大变化，在现在投资信息非常发达的今天，比如有雪球这样平台，其实巴菲特50年代...,
