ID,发布时间,点赞数,评论数,转发数,链接,摘要,正文
379044342,2026-03-12 04:12:02,12,1,0,https://xueqiu.com/2287364713/379044342,最近这个财报季小仓位买了几个新的公司，记录一下，后续回头验证一下这些判断对不对。$Molina Healthcare(MOH)$ 财报暴跌那天盘前买了一些仓位，成交均价在118，目前看像是抄了个底。买的逻辑很简单，看过一篇分析报告后，认可做为医疗保险整个行业，其实它的利润占美国gov医疗支出总额很低，...,"来源
：雪球App
，作者
： KeepSlowly
，
（https://xueqiu.com/2287364713/379044342
）
最近这个财报季小仓位买了几个新的公司
，记录一下
，后续回头验证一下这些判断对不对
。
$Molina Healthcare(MOH)$ 财报暴跌那天盘前买了一些仓位
，成交均价在118
，目前看像是抄了个底
。买的逻辑很简单
，看过一篇分析报告后
，认可做为医疗保险整个行业
，其实它的利润占美国gov医疗支出总额很低
，而且它们是目前整个医疗行业不可或缺的一部分
，所以 Gov 不可能会把这个行业整死
。之前的估值已经包括了极其悲观的预期
。
$UiPath(PATH)$ 10.x 买了一点这家公司
。买入的核心逻辑是目前 AI Agent 将会杀死SaaS的叙事低估了企业内部运营的复杂性
。在部署Ai Agent时
，需要一套工具来完成对这个 agent 行为的监控
、审计
、数据/系统访问权限以及与其他员工
、传统的流程机器人之间的协同工作
。简单点讲就是 AI Agent在一个成熟的企业中
，必须是在一个有各种规则控制下的
“sandbox
”里面工作
， 而不是直接让它自由地搞所有事情
。而 UiPath 目前在做的这个
“sandbox
”领域有非常深入的经验
，并且已经广泛部署在世界500强企业中
，目前正在推广将 Ai Agent 也纳入整套的
“sandbox
”运行框架的平台
。 在财务上看
，目前的估值已经不贵了
，接下来看看 AI agent的部署能不能加速他们业务的增长
。
$多邻国(DUOL)$ 100左右的均价买了一些
。 买入逻辑是认为市场高估了 ChatGPT 们对它的影响
。其实真正能够自己使用 ChatGPT DIY 一套学习第二语言的用户占比极低
，对它的业务没有太大的影响
。 Q4营收增速下降的原因
，更大的可能是管理层放缓了货币化的节奏
。在看了管理层的新计划后
，我比较认可这个新的策略
，这件事也让我对管理层更有信心了
。 估值上目前也算不是很便宜
，所以目前只是买入一点观察仓
。"
375901308,2026-02-12 04:51:50,20,3,0,https://xueqiu.com/2287364713/375901308,$Carvana Co.(CVNA)$ 今天法官拒绝了加西亚父子的请求，要求他们把原告律师指定的 关于drive time和 carvana 之间的通信记录，文件给到被告的律师查看。看看这次能不能实锤利益输送。,$Carvana Co.(CVNA)$ 今天法官拒绝了加西亚父子的请求，要求他们把原告律师指定的 关于drive time和 carvana 之间的通信记录，文件给到被告的律师查看。看看这次能不能实锤利益输送。
368731847,2026-01-02 00:31:49,31,11,3,https://xueqiu.com/2287364713/368731847,2024年的年终总结写了一半，然后拖了太久，后来干脆就没写下去。当时经历了最后一个月重仓股的暴跌，当年的收益是-19.1%。但是当时并不悲观，因为对持仓的股票还是很有信心，只是刚好重仓股当时大跌，导致处于帐户波动的低点。果然，2025年年初帐户总额就迎来迅速反弹，2月中帐户就实现了新高，最...,"2025 年终总结 -- 基于价值的市场情绪博弈仍然有效
来自KeepSlowly的雪球专栏
来源
：雪球App
，作者
： KeepSlowly
，
（https://xueqiu.com/2287364713/368731847
）
2024年的年终总结写了一半
，然后拖了太久
，后来干脆就没写下去
。当时经历了最后一个月重仓股的暴跌
，当年的收益是-19.1%
。但是当时并不悲观
，因为对持仓的股票还是很有信心
，只是刚好重仓股当时大跌
，导致处于帐户波动的低点
。果然
，2025年年初帐户总额就迎来迅速反弹
，2月中帐户就实现了新高
，最终迎来一个大丰收的年份
，美国IB帐户的全年收益率来到197%
。今年的核心投资策略仍然是在市场情绪极度悲观时
，买入那些已经经历过股价大跌而变得低估的公司
，这一策略在今年继续获得极大的成功
。
今年的主要交易操作
：
- 1,3,4月
，抄底AWE.L
，最终在高通提出收购报价后
，大赚一笔
，贡献了将近一半的利润
。在下半年陆陆续续卖出持仓
，买入其它股价处于低估的公司
；
- 1
，2月份卖出大量 TMDX 的 价外PUT
，同时买入Call
，最终过早卖出Call
，影响了利润
，但是仍然贡献了将近5%的收益
；
- 4月-5月抄底 VST
，NBIS
，PBF
，ROKU
，MU
，QXO
， 后续陆陆续续获利卖出
，其中 NBIS 过早卖出了和对冲错失之后的巨大涨幅
，最终这些交易大概贡献了30%的利润
；
- 7月份在CNC财报后盘前大跌时
，23块抄底
，最终36左右全部卖出
，贡献了3%的利润
；
- 7-9月
，因为美国对瑞士维持38%的关税
，导致 WOSG 大跌
，开始抄底
，11月份
，财务数据很不错
，加上美国降低关税至15%
，股价涨回来不少
，至今已经实现40%+的收益率
，贡献了大约6%的利润
；
- 7月开始抄底NVO
，目前稍有盈利
，期待它在2026年的表现
；
- 9月抄底LULU
，最终在12月财报后卖出
，贡献了大约2%的利润
；
- 10月开始买入LODE
，这个算是一个有巨大爆发潜力的彩票股
，目前的稍有盈利
；
- 11月开始抄底买入FISV 和 CELH
，目前稍有盈利
；
- 在不同月份买入SEG
，有段时间有过不错的赢利
，但是Q3财报后
，一直下跌
，目前已经处于亏损状态
；
目前美国IB帐户持有的仓位
：WOSG.L
，NVO
，CELH
，FISV
，INMD
，SEG
，NBIS
（各种期权
）
，VST
，LODE
，GENL.L
。
亏钱的交易的一些总结
今年一片大好的形势下
，仍然有几个处于亏钱的持仓
： INMD 和 SEG
。
INMD 是在2023年年底开始买入
，后续还有加仓
，持有到今天仍然亏钱
。 当初投资的核心原因是觉得估值便宜
，利润率很优秀
，管理层也在回购
。过去这两年估值变得更便宜了
，公司回购了将近20%的股份
，目前现金占了将近60%的市值
，没有任何负债
，公司仍然在盈利
。 但是过去两年公司的营收下降了20%+
，利润下滑将近50%
，导致股价一直起不来
。这个投资最大的遗憾是占用了资金
，错过了其它的更好的机会
。未来还是少参与这种看上去低估
，但是没有明确的短期改变预期的催化剂的公司
。
SEG 的情况也是类似
，从静态资产来看
，确实低估
，但是从公司经营现金流来看
，就完全是另外一回事
。未来的收益完全依赖于管理层能够改善运营
，目前来看这件事情并不容易
，而且需要比较长的时间来兑现
。今年因为在4月份抄底过
，阶段性还有不错的赢利
，当时没有卖出
，在Q3业绩之后
，发现公司之前预期的一些短期的运营改善动作无法推进下去
，股价又跌了回来
。或许这类公司只适合放一点观察仓
，等待有明确转折点再加大仓位
。
最赚钱的交易
：AWE.L 被并购
去年底AWE的 Chairman 离职
，并开始低价甩卖持有的股票
，导致股价大跌
，跌到90p左右
，那段时间加仓了不少
。 新年后
，有个机构批露买入了将近5%的股价
，于是股价大幅反弹到 130p 附近
，后续2个月又慢慢跌了回100p附近
。4月1号
，上午传出 ARM 谈过并购AWE的新闻
，股票跳涨一波
，马上就下来了
。中午时
，高通发布新闻表示有意向收购AWE
，股价暴涨45%
，来到140p左右
。后续在等待高通出价的2个月时间里
，股价下滑到110-120p左右
，这段时间利用Margin大幅加仓
。6月份高通给出了报价 183p 现金和换股方案
，这时候投资迎来了终章
，最终随着后续高通股价的上涨
，年底前换股价来到将近210p
，但是这时候我的持仓已经下降到了只剩10%了
。
这次 AWE 结局很不错
，但是仍然低于当初做出投资决策时的预期
。最终被收购的事实说明当时看懂了这家所拥有的芯片IP技术的价值
，但是低估了一家小公司在将这些先进IP技术设计的芯片实现大规模的制造
，最终完成商业化变现的难度
。 在高通收购意向公布后
，股价跌回110p左右时
，做了大幅的加仓
，事后看这是一个非常明智的决策
，当时的持仓已经能够排到所有股东的前50名
。当时做出加仓决策前认真分析了高通的现状
，认定它有非常强烈的意愿进入DC芯片设计领域
，而AWE刚好有它非常想要拥有的IP技术和一些设计合同
，所以它一定会出价
，于是利用margin 大幅加仓
，持仓一度占了当时 70%的仓位
。最终这个交易成了投资以来收益最好的公司
，甚至超过了当年GME挤空赚得的利润
。
收益率最高的交易
：NBIS
4月下旬
，国内的一个朋友忽然咨询我对于NBIS的看法
，于是花时间认真读了 crossroad 写的一篇关于 NBIS 的报告
，立马决定买入
。 当时买了不少期权 + 正股
，其实还想要买更多
，但是因为要使用更多的margin
，于是作罢
。当时股价22左右
，市值只比公司的固定资产
（数据中心+GPU
）+现金高15%左右
，而且公司还有 clickhouse 28%的股权
，无人驾驶系统 Avride
，Toloka 等资产
。后续随着 clickhouse 和 Toloka 的新一轮融资的估值大幅增长
，股价开始大涨
，Q2 财报后
，股价已经涨到 70 块了
。后续公布和MS的13B的大合同
，直接让公司涨到90以上
。但是我在股价50左右已经将所有的Call 对冲了出去
， 不到70时
，已经卖出所有的正股了
。后续继续跟踪公司的发展情况
，证实这个团队能力非常靠谱
，于是在11月财报之后大跌的这段时间
，加了很多call 同时卖出了实际买入价在80以内的put
。当初3
，4月份因为 deepseek 的影响
，市场对于未来算力的需求出现怀疑
，而通过观察行业内人事的观点
，发现市场流行的观点存在严重的错误
，于是决定下注
，最终市场认识到未来对算力的需求远远没有得到满足时
，股价迎来大涨
。这几乎是今年所有交易的一个Pattern
。
关于市场情绪博弈策略
今年所有的成功交易都可以归结为感知到市场极度悲观情绪时果断下注
，有一些股票赚到了后续市场情绪改善的钱
，更幸运的是有些公司业绩爆增
，赚到了戴维斯双击的钱
。
过去一年市场上经常出现整个市场情绪远远偏离公司基本面的情况
，而这时下注往往能获得极好的收益
。
WOSG 在9月初因为川普维持对瑞士的38%关税
，导致大跌
。这时候认真读了一份深度分析报告后
，果断入场
，在不断下跌的过程中
，买到了将近15%的仓位
。最终随着Q3 update显示关税对于公司美国市场业绩并没有带来负面影响
，以及美国和瑞士达成关税协议
，税率降低至15%
，股价也上涨了40%+
。即便在当前这个价格下
，公司仍然显得挺便宜
，于是继续持有
。
LULU
，NVO
，FISV 也都是在股价跌了非常多
，市场情绪很悲观的场景下开始买入
，到目前为止LULU已经在12月份退出
，其它两家继续持有等待2026年业绩稳定后
，市场情绪能够出现反转
。
目前持有的一些小公司
LODE 主要是看好它的太阳能电池板回收业务
，这是一个接下来市场需求以40%增长很多年的市场
，而这个公司是这个领域内目前唯一拿到零填埋回收牌照的公司
。今年H1将实现第一个大规模处理能力工厂上线
，将会是一个大的催化剂
。
BKS.L
， 这是一家在英国做证券交易所私有云的小公司
，co-location as a service
。从给小的hedge fund 提供在co-location公有云服务
，到给大型金融机构提供私有云服务
，到和交易所联合运营co-locaion IaaS云服务
。在2025年新增5家证券交易所客户
，目前估值上看从PS角度看并不贵
，但是从PE 角度来看就不便宜
。 过去7年营收增长一直在25%以上
，目前也已经赢利
，期待2026年有更多的交易所订单
，继续增长
。
一些遗憾
MU 是2025年最遗憾的一家公司
。在年初时
，因为研究 AWE 顺带了解到 AI 对 HBM 的供不应求已经是板上订订的事情
。 在4月份的大跌的时候买入了一些MU正股和12 月份 120 行权价的call
，在后续的反弹过程中
，MU 反弹得非常弱
，于是在8月份左右全部卖出
，错失后面的巨大涨幅
。
2024年底到2025年初时 TMDX 一直在下跌
，但是实际跟踪的飞行数据显示公司的增长非常不错
，当时选择卖出大量的PUT
，买入了少量的call
，最终在 Q1 财报后增速回升
，股价开始上涨
。而比较遗憾的是在 4 月份关税冲击下
，害怕 手上的call 归零
，在亏损状态下卖出了这些call
，错失之后的巨大涨幅
。
CELH 也是类似的情况
，在大涨前将正股和call给卖了
，挺过了深度浮亏的状态
，最终在刚刚赚了一点钱的时候卖出了
。11月份因为财报中包括了一项1.2亿美元的渠道退出费用
，导致股价大跌
，这时候重新建立起了规模不小的仓位
，等待切换到百事渠道后
，业绩增速重新回来
。
2026年的期待
一直以来都不会给自己设定一个目标收益率
，只是坚持去执行过去验证过的
，能够成功的投资策略
。2026年
，我的做法目前仍然是紧盯市场
，寻找那种被市场抛弃
，而出现显著低估的公司
。通过深入研究这些公司被市场抛弃的原因
，公司的业务实际情况是否和市场预期存在偏差
，是否有足够的安全边际
，最终决定是否下注
。很多时候
，只是通过一些商业常识
，以及一些网上获得的蛛丝马迹信息
，就能拼凑出一个相对精确的判断
。因此此时此刻
，我不会去研究和预测未来行业的大势
，关注宏观经济的变化
，只会偶尔抽时间看看那些跳到我视线范围内
，引起我的兴趣的公司
。当发现它赔率足够好的时候
，就去下注
，至于最终收益率如何
，完全随缘
。 我相信只要坚守住价值投资的原则
，最终的结果不会太差
。
#2025投资总结#"
367384534,2025-12-24 06:08:51,8,1,0,https://xueqiu.com/2287364713/367384534,或许是因为这个公司的一些财务操作采用了灰色方式处理（比如对商家罚款直接转成优惠券发给了用户，在公司财务报表上没有任何体现），所以一直没办法找到合适的人来做这个CFO。 一般美国上市公司的CFO们特别看重合规性，因为这群人的职业路径就是在各个pre-IPO 公司和 以上市公司做CFO，他们不希望...,"来源
：雪球App
，作者
： KeepSlowly
，
（https://xueqiu.com/2287364713/367384534
）
或许是因为这个公司的一些财务操作采用了灰色方式处理
（比如对商家罚款直接转成优惠券发给了用户
，在公司财务报表上没有任何体现
）
，所以一直没办法找到合适的人来做这个CFO
。 一般美国上市公司的CFO们特别看重合规性
，因为这群人的职业路径就是在各个pre-IPO 公司和 以上市公司做CFO
，他们不希望在自己任内因为财务操作的不合规在职业履历上出现污点
，影响后续的跳槽
。
@时光投资-Edward：
专栏拼多多为什么没有 CFO
最近
，$拼多多(PDD)$ 股东大会上一项人事任命引起了我的关注
。
拼多多董事会任命李炯
，为拼多多的财务总监
。
拼多多当前财务方面的最高负责人是刘珺
（VP/高级副总裁
）
，下来才是新任命的李炯
（财务总监
）
，拼多多 CFO 已经空缺 6 年
。
奇怪之处在于
，财务总监是中层管理者
，根据 SEC
（...
2025-12-23 15:10· 讨论 16· 赞 15"
363422857,2025-11-27 04:31:06,5,1,0,https://xueqiu.com/2287364713/363422857,最近这段时间大跌时，慢慢加成了第一重仓股了。期待明年的表现，看看会不会有惊喜吧。,最近这段时间大跌时，慢慢加成了第一重仓股了。期待明年的表现，看看会不会有惊喜吧。
363422840,2025-11-27 04:30:01,5,3,0,https://xueqiu.com/2287364713/363422840,这次对冲交易相当糟糕，手续NBIS大涨后，对冲的call出现大量亏损，早早就达到整个交易的收益上限。 最终在100-120之间卖出了50手的call，最近趁着这波下跌终于找到机会把裸空的那些call给cover了，同时卖出了大量26年1月，3月，27年1月到期80-110的之间的PUT，接目前的情况应该能够卖入一部分股票...,"来源
：雪球App
，作者
： KeepSlowly
，
（https://xueqiu.com/2287364713/363422840
）
这次对冲交易相当糟糕
，手续NBIS大涨后
，对冲的call出现大量亏损
，早早就达到整个交易的收益上限
。 最终在100-120之间卖出了50手的call
，最近趁着这波下跌终于找到机会把裸空的那些call给cover了
，同时卖出了大量26年1月
，3月
，27年1月到期80-110的之间的PUT
，接目前的情况应该能够卖入一部分股票
，这次的买入的这些股票打算长期持有了
。//@KeepSlowly:卖出了3K的正股
，之前还卖了10手call
，结果昨天下跌
，没被call走
。现在还持有大量27年到期的 Leaps
， 这周趁着上涨
，卖出了一些27年初到期的 70
，75 的 Leaps 做对冲
。再下跌到35以下的话
，把这些对冲的 leaps 买回
，进一步加仓
。 目前这个股票取得了今年最高的收益率
查看对话
@KeepSlowly：
$Nebius Group(NBIS)$ 昨天21.9买了4k
，看起来还抄了个底
2025-05-01 21:34· 转发 2· 讨论 5· 赞 3"
362161483,2025-11-19 05:10:26,9,1,0,https://xueqiu.com/2287364713/362161483,最近这段时间一直在卖 AWE.L （还有最后一部分没卖完），将资金重新配置到新出现的机会上。适逢 $费哲金融服务(FISV)$，$Celsius Holdings(CELH)$ 财报后都大跌，市场情绪又一次非常悲观，于是抄了不少。等6个月后，看看会是什么情况。,最近这段时间一直在卖 AWE.L （还有最后一部分没卖完），将资金重新配置到新出现的机会上。适逢 $费哲金融服务(FISV)$，$Celsius Holdings(CELH)$  财报后都大跌，市场情绪又一次非常悲观，于是抄了不少。等6个月后，看看会是什么情况。
360330957,2025-11-07 05:54:09,8,1,0,https://xueqiu.com/2287364713/360330957,$Celsius Holdings(CELH)$ 今天终于找到机会买回来之前丢掉的仓位。,$Celsius Holdings(CELH)$ 今天终于找到机会买回来之前丢掉的仓位。
348089416,2025-08-20 22:19:35,33,366,0,https://xueqiu.com/2287364713/348089416,回复@PaulWu: 几个大佬也可能根本不清楚PDD内部管理到底是什么状态。能够组织上百人的团队做所有参与者都心知肚明的违法事情，为此还把反对这个违法手段的项目的安全总监开除了，这在任何其他美股上市公司都难于想象。//@PaulWu:回复@奇点那瞬间:不管承认不承认，值得保持关注的很大原因是几个大佬...,"来源
：雪球App
，作者
： KeepSlowly
，
（https://xueqiu.com/2287364713/348089416
）
回复@PaulWu: 几个大佬也可能根本不清楚PDD内部管理到底是什么状态
。能够组织上百人的团队做所有参与者都心知肚明的违法事情
，为此还把反对这个违法手段的项目的安全总监开除了
，这在任何其他美股上市公司都难于想象
。//@PaulWu:回复@奇点那瞬间:不管承认不承认
，值得保持关注的很大原因是几个大佬背书了
，如果没有背书
，只看历史记录
，我没有信心把钱给他保管
。
查看对话
@PaulWu：
公司最大的买家可以是它自己
，估值极大折让并现金充裕时回购相比买巨额理财
，对中小股东有利
，对持有期权的员工有利
，对创始人有利
；不止对短期股东有利
，也对长期股东有利
，怎么辩解都改变不了这个事实
。论坛这种辩护伤害的是小股东自己的利益
。
2025-04-11 20:49· 转发 65· 讨论 740· 赞 528"
347676060,2025-08-19 05:59:28,3,1,0,https://xueqiu.com/2287364713/347676060,250 Water St 那块地卖了 $150 M，超过预期，看看接下来这些钱会如何处理。目前公司市值 330M，现在的那些商场，Food Hall，棒球队，体育场等等加起来只值180M ...,250 Water St 那块地卖了 $150 M，超过预期，看看接下来这些钱会如何处理。目前公司市值 330M，现在的那些商场，Food Hall，棒球队，体育场等等加起来只值180M ...
345249395,2025-08-01 22:01:01,11,1,0,https://xueqiu.com/2287364713/345249395,回复@文景当学于东来: 最近和朋友一起简单研究了一下LULU，个人认为它现在面临的经营困境的核心原因并不是管理层的问题，主要是美国经济环境的原因。美国几乎所有的可选消费行业其实都很惨，高通胀带来的问题还没有消逝。通过股价来判断一个公司的实际经营情况其实不是很靠谱，不过这恰恰给了...,"来源
：雪球App
，作者
： KeepSlowly
，
（https://xueqiu.com/2287364713/345249395
）
回复@文景当学于东来: 最近和朋友一起简单研究了一下LULU
，个人认为它现在面临的经营困境的核心原因并不是管理层的问题
，主要是美国经济环境的原因
。美国几乎所有的可选消费行业其实都很惨
，高通胀带来的问题还没有消逝
。
通过股价来判断一个公司的实际经营情况其实不是很靠谱
，不过这恰恰给了愿意认真研究公司的人获得超额回报的机会
。//@文景当学于东来:回复@时光投资-Edward:希望创始人回归
查看对话
@时光投资-Edward：
$露露柠檬(LULU)$ 也跌回5年前了
，关注一下
。
2025-08-01 17:17· 转发 3· 讨论 19· 赞 10"
344868014,2025-07-30 21:38:37,8,2,1,https://xueqiu.com/2287364713/344868014,$诺和诺德(NVO)$ 51.04 买了点，不懂医药行业，只是看着这个估值够低，买一点投机仓位，随时可能卖掉。,$诺和诺德(NVO)$  51.04 买了点，不懂医药行业，只是看着这个估值够低，买一点投机仓位，随时可能卖掉。
344206168,2025-07-25 20:31:26,9,5,0,https://xueqiu.com/2287364713/344206168,$康西哥(CNC)$ 盘前均价 22.9 买了一些，看起来又一次抄到底了。但是买的不够多。,$康西哥(CNC)$ 盘前均价 22.9 买了一些，看起来又一次抄到底了。但是买的不够多。
343684404,2025-07-23 07:31:50,82,6,0,https://xueqiu.com/2287364713/343684404,回复@股道犹如佛道: 他本人是软件工程师出身，居然要求他们公司的网络安全工程师违背职业道德利用黑客手段通过手机系统漏洞获取用户手机的超级权限，盗取用户信息。安全总监极力反对这个项目，结果被开除了//@股道犹如佛道:回复@小兵兵可爱多:[已修改]黄峥是个矛盾体，一方面把...,"来源
：雪球App
，作者
： KeepSlowly
，
（https://xueqiu.com/2287364713/343684404
）
回复@股道犹如佛道: 他本人是软件工程师出身
，居然要求他们公司的网络安全工程师违背职业道德利用黑客手段通过手机系统漏洞获取用户手机的超级权限
，盗取用户信息
。安全总监极力反对这个项目
，结果被开除了//@股道犹如佛道:回复@小兵兵可爱多:[已修改]黄峥是个矛盾体
，一方面把公司的帐和人事搞的非常本分
，干干净净
。自己的人设也是本分
、低调
、隐士
。一方面app又利用人性爱贪小便宜的弱点
，各种方法诱骗用户帮它宣传拉人头
，我相信最后没几个人拿到了奖励
。你说它商业模式本分吗
？并不本分
，至少出发点就不好
。公司都带头忽悠人拉人头
，把用户当猴耍
，口碑极差
，人所厌恶
。不断的卷价格
，卖便宜货甚至亏本货长远来说是无法保证商家一定的利润的
，用户的售后和服务都会成为问题
，最后劣币驱逐良币
。便宜没好货是必然的
。
查看对话
收起
@小兵兵可爱多：
看了$拼多多(PDD)$ 报表还是很震惊的
，我没见过这么干净的的报表
总资产有5300亿
固定资产只有8亿
，办公楼是租的
，办公桌也是租的
，服务器也是租的
。
。
。员工电脑应该是自有的吧
经营性应收预付100亿左右
一个20亿左右LP的投资
。
其他都基本可以算是现金
。
。
。
。
没有并购
，商誉是0
，看看阿里多少
基本没有银行贷款
，50亿估计是方便境外使用的
只干电商
，不自建物流
，不做小额贷款
，从来不蹭AI概念
，什么事情都是求责于己
。
再过5年现金等于市值
。
这不就是大道说的本分的企业吗
见过大道
，不走小路
@大道无形我有型
看了$拼多多(PDD)$ 报表还是很震惊的
，我没见过这么干净的的报表
总资产有5300亿
固定资产只有8亿
，办公楼是租的
，办公桌也是租的
，服务器也是租的
。
。
。员工电脑应该是自有的吧
经营性应收预付100亿左右
一个20亿左右LP的投资
。
其他都基本可以算是现金
。
。
。
。
没有并购...
展开
2025-07-18 09:56· 转发 94· 讨论 692· 赞 354"
343174536,2025-07-18 20:54:46,3,1,0,https://xueqiu.com/2287364713/343174536,回复@姚浩鹏: 这个公司连用黑客手段大规模盗取用户信息的事情都能做出来，说明管理层完全是独裁管理风格，没有任何制约。//@姚浩鹏:回复@老韭菜做梦想自由:我觉得做业务的时候实操人还真未必知道边界在哪里，有时候喊不行，结果压一压还有水,回复@姚浩鹏: 这个公司连用黑客手段大规模盗取用户信息的事情都能做出来，说明管理层完全是独裁管理风格，没有任何制约。//@姚浩鹏:回复@老韭菜做梦想自由:我觉得做业务的时候实操人还真未必知道边界在哪里，有时候喊不行，结果压一压还有水
338755800,2025-06-14 15:46:23,3,0,0,https://xueqiu.com/2287364713/338755800,回复@KeepSlowly: Q1 电话会提到 Pier 17 现在拿一部分空间改建成会议中心，最大的主会场可以容纳 800 人，这是非常好的一个改变。 Pier 17 的地理位置决定了它目前的核心目标应该是做成一个访客带着强目的性来访的目的地，以此来给另外两个资产（Food hall 和 Tin building的餐厅）带来客源。之前...,"来源
：雪球App
，作者
： KeepSlowly
，
（https://xueqiu.com/2287364713/338755800
）
回复@KeepSlowly: Q1 电话会提到 Pier 17 现在拿一部分空间改建成会议中心
，最大的主会场可以容纳 800 人
，这是非常好的一个改变
。 Pier 17 的地理位置决定了它目前的核心目标应该是做成一个访客带着强目的性来访的目的地
，以此来给另外两个资产
（Food hall 和 Tin building的餐厅
）带来客源
。之前引入的Meow Wolf
，现在改建的会议中心
，屋顶加仓玻璃实现一年四季都可以办演出
，都是在实现这个目标
。//@KeepSlowly:回复@KeepSlowly:Pier 17 和 Meow Wolf 签了一个长达20年的合同
，这个会是整个公司turn around最重要的事件
。在Youtube上看了看 Meow Wolf 在其它地方展览的视频
，非常独特
，很有吸引力
。
查看对话
@KeepSlowly：
$Seaport(SEG)$ 今天趁着大跌买了点
，相信Bill Ackman的团队能够turn around
，释放公司价值
。
2025-02-22 04:01· 转发 2· 讨论 7· 赞 4"
338755262,2025-06-14 15:34:28,3,4,1,https://xueqiu.com/2287364713/338755262,卖出了3K的正股，之前还卖了10手call，结果昨天下跌，没被call走。现在还持有大量27年到期的 Leaps， 这周趁着上涨，卖出了一些27年初到期的 70，75 的 Leaps 做对冲。再下跌到35以下的话，把这些对冲的 leaps 买回，进一步加仓。 目前这个股票取得了今年最高的收益率,卖出了3K的正股，之前还卖了10手call，结果昨天下跌，没被call走。现在还持有大量27年到期的 Leaps， 这周趁着上涨，卖出了一些27年初到期的 70，75 的 Leaps 做对冲。再下跌到35以下的话，把这些对冲的 leaps 买回，进一步加仓。 目前这个股票取得了今年最高的收益率
338678830,2025-06-13 16:40:39,9,0,0,https://xueqiu.com/2287364713/338678830,这个故事算是结束了，最终以183p的价格被高通收购，远远低于之前的预期。回头看这个投资过程，对半导体行业不熟悉，低估了从 IP 转向 芯片设计，生产芯片产品的难度。最终公司的卖身应该和公司现金流不足于支撑大规模生产交付芯片产品有关，也能理解去年底 chairman 离开后，不计成本抛售股票...,"来源
：雪球App
，作者
： KeepSlowly
，
（https://xueqiu.com/2287364713/338678830
）
这个故事算是结束了
，最终以183p的价格被高通收购
，远远低于之前的预期
。
回头看这个投资过程
，对半导体行业不熟悉
，低估了从 IP 转向 芯片设计
，生产芯片产品的难度
。最终公司的卖身应该和公司现金流不足于支撑大规模生产交付芯片产品有关
，也能理解去年底 chairman 离开后
，不计成本抛售股票的行为了
。
去年底和今年4月份前在100p左右大量加仓过
，在高通提出收购意向后
，股票跌回 110p 附近时
，又一次大量加仓
，当时占了总仓位的70%
，最终盈利60%左右
，仍然算得上一次非常成功的投资
。
事实证明
，估值低是最重要的安全垫
，即便之前的判断出现了错误
，仍然能获得不错的结果
。//@KeepSlowly:2024 年报没有特别大的亮点
，确定了2024Q4 update里面的80m silicon order 要到2026年才开始发货
，比我之前预期的要晚不少
。 后来看了一下公司提供的产品开发周期图
，tapout 之后其实还有6-12个月的 Qualification 的时间
。公司没有提供2025年的guideline
，电话会议中说现在440m 的 booking log 会在接下来的12-18个月内转化成 revenue
，意味着大约 300 M会在今年确认为revenue
，大概和2024年的营收持平
，2025年的增长就看每个Q的 royalties & silicon order这一栏
（其实主要是royalties
，因为silicon order今年只会有bookings
，很难产生营收
）
，以及下半年开始ramp up的 connectivity product 和 chiplet 产品了
。
2025Q1 update
，整体数据低于预期
，IP&NRE 比前一年低不少
，royalties & silicon order这一块也终于开始增长了
，而且大部分应该都是利润率非常高的royalties fee.
Q1 最大的亮点是获得了一个 emerging hyperscaler 的 design award
，这个芯片用到了公司目前拥有的大量最先进的 IP 和技术
，同时也会使用目前最先进的节点和封装技术来制造
。 2025 Q2 会确认商业细节
，那就是说这个设计合同没有算在Q1 的booking里面
，这也能解释为啥 Q1 的 IP&NRE 的数据会比较低
。公司在Q1 Sales的所有重心应该都是在这个项目上面了
。 之后在Gork查了一下
，美国哪些公司归类在
“emerging hyperscaler for AI 
”
，包括 Groq
，CoreWeave
，Axelera AI 等
。
查看对话
@KeepSlowly：
$ALPHWV IP GR ORD(AWEVF)$ 这个目前持仓的一个公司在美股粉单完全没有交易
，等待它成交活跃
，甚至直接在美股上市的那一刻
，应该不需要等待太久了
。
2024-11-22 08:01· 转发 4· 讨论 11· 赞 2"
338545505,2025-06-12 21:41:47,7,2,0,https://xueqiu.com/2287364713/338545505,回复@行者25000: 然后就把pdd app做成了木马偷用户信息…网络安全部门总监觉得这事情违法，不配合，结果被开除……//@行者25000:回复@体育生想去建投实习:这你就不了解多多了，多多的海外temu，对各种合规资质，要求繁琐程度比亚马逊还多，他几乎将所有可能的风险都堆到了卖家头上，对于...,"来源
：雪球App
，作者
： KeepSlowly
，
（https://xueqiu.com/2287364713/338545505
）
回复@行者25000: 然后就把pdd app做成了木马偷用户信息…
网络安全部门总监觉得这事情违法
，不配合
，结果被开除
……//@行者25000:回复@体育生想去建投实习:这你就不了解多多了
，多多的海外temu
，对各种合规资质
，要求繁琐程度比亚马逊还多
，他几乎将所有可能的风险都堆到了卖家头上
，
对于边界规则的了解广度
、深度
，拼多多远超阿里
。
查看对话
@huakj：
请问方丈看了最近阿里离职员工发的万字长文了吗
？我的问题是
：以您的观察
，您觉得阿里现在是不是正在改革
？如果是的话
，改革的力度够吗
？改革会起作用吗
？@不明真相的群众
2025-06-12 14:12· 转发 31· 讨论 219· 赞 15"
337927771,2025-06-09 05:08:27,6,1,0,https://xueqiu.com/2287364713/337927771,回复@JZee: 我住在伦敦4区，算是郊区吧，健身club里大量的女性穿Lulu。可能这些女性去市区时，都会穿得比较elagant。//@JZee:回复@海豚投研君:我有个疑问，好像在法国之类的欧洲国家，$露露柠檬(LULU)$ 以及这一类瑜伽衣裤，在街头运动中出现的也比较少，感觉和传统nike那些风格的运动服饰比大概出...,"来源
：雪球App
，作者
： KeepSlowly
，
（https://xueqiu.com/2287364713/337927771
）
回复@JZee: 我住在伦敦4区
，算是郊区吧
，健身club里大量的女性穿Lulu
。可能这些女性去市区时
，都会穿得比较elagant
。//@JZee:回复@海豚投研君:我有个疑问
，好像在法国之类的欧洲国家
，$露露柠檬(LULU)$ 以及这一类瑜伽衣裤
，在街头运动中出现的也比较少
，感觉和传统nike那些风格的运动服饰比大概出现率在一比三以下
。露露柠檬在欧洲开店也不多
。确实在欧洲的市占率是这样么
？这是为什么
？我感觉从多功能角度和美观以及耐用性来说
，露露柠檬比nike好多了
。欧洲发达国家不缺钱
，为啥这个市场不好做
？
查看对话
@海豚研究君：
专栏Lululemon 又暴跌
？利润崩太快
，估值杀太慢
！
$露露柠檬(LULU)$ 于北京时间 2025 年 6 月 6 日上午美股盘后发布了 2025 年第一季度财报
（截止 2025 年 3 月
）
。
一句话利润崩得太快
，估值杀得太慢
，出现海豚君跟踪中免中出现的问题
——股价一直掉
，但估值越杀越贵
。具体来看核心信息
：
1
、利润端不及市场预期
。一季度 Lululemon 实现营...
2025-06-07 13:29· 转发 1· 讨论 37· 赞 12"
336340930,2025-05-26 07:49:13,9,0,0,https://xueqiu.com/2287364713/336340930,段永平只相信黄峥说的话，其他人说的任何话他都不信，也不去认真思考，调查是否是事实。 所以即便是段永平也不是什么时候都能够客观理性地看待持有的公司。//@ToHonolulu:人家大道还力挺呢，也不懂为何一直鼓吹价值投资的他，为何看上没有价值观的 拼多多,段永平只相信黄峥说的话，其他人说的任何话他都不信，也不去认真思考，调查是否是事实。 所以即便是段永平也不是什么时候都能够客观理性地看待持有的公司。//@ToHonolulu:人家大道还力挺呢，也不懂为何一直鼓吹价值投资的他，为何看上没有价值观的 拼多多
333961354,2025-05-03 03:11:11,8,0,0,https://xueqiu.com/2287364713/333961354,小米造车这事情可能会成为这家公司的滑铁卢。小米从来不是一家认真做产品的公司，他们骨子里的投机思维注定他们仍然会继续造手机的那种营销造概念的路数。 说话当年把一块普通不锈钢板模仿 Apple 拍了一个精美的视频，吹成高科技的材料，这事情确实把我恶心坏了，之后从来没买过任何小米产品...,"来源
：雪球App
，作者
： KeepSlowly
，
（https://xueqiu.com/2287364713/333961354
）
小米造车这事情可能会成为这家公司的滑铁卢
。
小米从来不是一家认真做产品的公司
，他们骨子里的投机思维注定他们仍然会继续造手机的那种营销造概念的路数
。 说话当年把一块普通不锈钢板模仿 Apple 拍了一个精美的视频
，吹成高科技的材料
，这事情确实把我恶心坏了
，之后从来没买过任何小米产品了
。
小米做任何产品时
，首先想到的是要找一个营销的爆点
，在车子上他们选择了
“速度
”
，因为这是电动力最容易做到的事情
，另外一个营销爆点是外观抄袭保时捷和法拉利
。这些决策确实带来了很好的销量
，但是销量并不代表它是一款好的产品
，因为这款产品还没有经过现实的检验
。
小米之前做的所有产品都是在个人消费者私人空间使用的产品
，这些产品经常存在质量不佳的问题
，但是这些问题通常是在使用一段时间后才产生
，消费者顶多和朋友吐槽一下
，并不会对这个品牌造成重要的影响
。 但是汽车完全不同
，汽车的所有使用场景都是在公开场合
，任何产品问题引起的事故都会在大众的眼光下被审视
，被评论
。所以一个不成熟的产品
，早期卖得越火爆
，对这个公司的伤害越大
。
小米所谓的赛车在我认识的专业玩赛车的朋友眼里
，压根就是个笑话
，但是汽车发烧友毕竟是少数
，所以它很容易靠营销忽悠到那些不懂车的人
。 但是一款设计存在问题的汽车
，在道路上会以惨烈的代价让这些问题都显露出来
。"
333939175,2025-05-02 17:03:10,0,0,0,https://xueqiu.com/2287364713/333939175,回复@Aquarius30p: 我没看过 NRG，只简单了解过 Vistra。//@Aquarius30p:回复@KeepSlowly:哥们，请问Nrg看基本面比vst弱，pe也差不多，为啥最近回调时更稳，走的更好,回复@Aquarius30p: 我没看过 NRG，只简单了解过 Vistra。//@Aquarius30p:回复@KeepSlowly:哥们，请问Nrg看基本面比vst弱，pe也差不多，为啥最近回调时更稳，走的更好
333902555,2025-05-01 22:42:20,7,4,0,https://xueqiu.com/2287364713/333902555,"$Vistra(VST)$ 前段时间大跌时，买了点正股，同时卖出了7月15号到期的85的PUT，用卖PUT的钱买了明年初到期的100的Call，到目前为止收益挺不错。 当时跌的时候觉得市场很多傻子，AI + 关税让更多的公司到美国建厂，这明显是有利于本地发电商，结果居然跌到100以下，当时只有 7x EV/EBITDA, 果断抄底...","来源
：雪球App
，作者
： KeepSlowly
，
（https://xueqiu.com/2287364713/333902555
）
$Vistra(VST)$ 前段时间大跌时
，买了点正股
，同时卖出了7月15号到期的85的PUT
，用卖PUT的钱买了明年初到期的100的Call
，到目前为止收益挺不错
。 当时跌的时候觉得市场很多傻子
，AI + 关税让更多的公司到美国建厂
，这明显是有利于本地发电商
，结果居然跌到100以下
，当时只有 7x EV/EBITDA, 果断抄底
。"
333898390,2025-05-01 21:34:09,3,5,2,https://xueqiu.com/2287364713/333898390,$Nebius Group(NBIS)$ 昨天21.9买了4k，看起来还抄了个底,$Nebius Group(NBIS)$ 昨天21.9买了4k，看起来还抄了个底
333707543,2025-04-30 04:27:28,1,0,0,https://xueqiu.com/2287364713/333707543,Call 卖早了，错失期权到期前最后一周的大涨。 之前大跌前卖了很多下半年55，65行权的PUT，这部分收益很不错。2月份PUT进来的正股目前陆陆续续快要卖完了。 对这个公司最大的担忧还是TAM到底有多大，目前的估值不低了，所以慢慢卖了。,Call 卖早了，错失期权到期前最后一周的大涨。  之前大跌前卖了很多下半年55，65行权的PUT，这部分收益很不错。2月份PUT进来的正股目前陆陆续续快要卖完了。 对这个公司最大的担忧还是TAM到底有多大，目前的估值不低了，所以慢慢卖了。
333136440,2025-04-25 20:55:20,3,2,0,https://xueqiu.com/2287364713/333136440,Pier 17 和 Meow Wolf 签了一个长达20年的合同，这个会是整个公司turn around最重要的事件。在Youtube上看了看 Meow Wolf 在其它地方展览的视频，非常独特，很有吸引力。,Pier 17 和 Meow Wolf 签了一个长达20年的合同，这个会是整个公司turn around最重要的事件。在Youtube上看了看 Meow Wolf 在其它地方展览的视频，非常独特，很有吸引力。
333135754,2025-04-25 20:49:59,2,1,1,https://xueqiu.com/2287364713/333135754,2024 年报没有特别大的亮点，确定了2024Q4 update里面的80m silicon order 要到2026年才开始发货，比我之前预期的要晚不少。 后来看了一下公司提供的产品开发周期图，tapout 之后其实还有6-12个月的 Qualification 的时间。公司没有提供2025年的guideline，电话会议中说现在440m 的 booking log 会...,"来源
：雪球App
，作者
： KeepSlowly
，
（https://xueqiu.com/2287364713/333135754
）
2024 年报没有特别大的亮点
，确定了2024Q4 update里面的80m silicon order 要到2026年才开始发货
，比我之前预期的要晚不少
。 后来看了一下公司提供的产品开发周期图
，tapout 之后其实还有6-12个月的 Qualification 的时间
。公司没有提供2025年的guideline
，电话会议中说现在440m 的 booking log 会在接下来的12-18个月内转化成 revenue
，意味着大约 300 M会在今年确认为revenue
，大概和2024年的营收持平
，2025年的增长就看每个Q的 royalties & silicon order这一栏
（其实主要是royalties
，因为silicon order今年只会有bookings
，很难产生营收
）
，以及下半年开始ramp up的 connectivity product 和 chiplet 产品了
。
2025Q1 update
，整体数据低于预期
，IP&NRE 比前一年低不少
，royalties & silicon order这一块也终于开始增长了
，而且大部分应该都是利润率非常高的royalties fee.
Q1 最大的亮点是获得了一个 emerging hyperscaler 的 design award
，这个芯片用到了公司目前拥有的大量最先进的 IP 和技术
，同时也会使用目前最先进的节点和封装技术来制造
。 2025 Q2 会确认商业细节
，那就是说这个设计合同没有算在Q1 的booking里面
，这也能解释为啥 Q1 的 IP&NRE 的数据会比较低
。公司在Q1 Sales的所有重心应该都是在这个项目上面了
。 之后在Gork查了一下
，美国哪些公司归类在
“emerging hyperscaler for AI 
”
，包括 Groq
，CoreWeave
，Axelera AI 等
。//@KeepSlowly:最近有个新变化
，和西门子的EDA 部门达成战略合作
，直接在EDA软件中集成卖 Alphawave Semi的 IP
。
最近看关注的人参加的业内顶级会议
，chiplet 是其中最热门的话题
，几乎是行业共识了
，看看 Alphawave 能不抓住这波行业变革的浪潮冲出来
。
查看对话
@KeepSlowly：
$ALPHWV IP GR ORD(AWEVF)$ 这个目前持仓的一个公司在美股粉单完全没有交易
，等待它成交活跃
，甚至直接在美股上市的那一刻
，应该不需要等待太久了
。
2024-11-22 08:01· 转发 4· 讨论 11· 赞 2"
328402114,2025-03-21 17:51:50,9,10,0,https://xueqiu.com/2287364713/328402114,"非常符合 White women, college+ 这个分类。 这群人是最容易被洗脑的一个类别了... 查看图片","来源
：雪球App
，作者
： KeepSlowly
，
（https://xueqiu.com/2287364713/328402114
）
非常符合 White women, college+ 这个分类
。 这群人是最容易被洗脑的一个类别了...查看图片
收起
@YifanZzz：
和一个前同事吃饭
，他觉得$特斯拉(TSLA)$ 完了
，这两天他老婆逼他把家里的三辆Tesla都卖了
。对我来说tesla就是个大选的event trade
，一月税务规划更有优势时就已经都卖了
，现在也不是high conviction short
：1. 我不记得有看到过被抵制而死的公司
，以前某国也抵制toyota
，也是又烧又砸
，但几个季度之后呢
？2. 现在还持有甚至买进股票的慕强迷弟粉们也从来没把它当车企看
。3. 某龙资产/财务腾挪可是一把好手
，大家可能忘了以前的solar city
。所以最后也不是不可能左手靠spacex拿政府的大笔funding
，右手就把某车企bailout了
。4. 就是某车企也是一直靠政府补贴才免于破产最后做出了model3/y
。抬棺前行的爱国热血也就是骗骗maga的小作文
，哥们儿做的从来都是政府的生意
。跟前政府闹翻了
，那就洗洗红再从新政府捞钱
。
可惜的是tsla曾经真实做出过category defining products
，并且曾经是最有可能成为下一个苹果的公司
。Innovation and technological leadership do not guarantee sustainable moats for consumer tech companies. Brand and operation excellence (e.g. being able to consistently follow up and deliver product roadmaps) are much wider and under appreciated moats. Unfortunately, Tesla had the ticket to become a golden company of our age but fumbled hard on both fronts.
和一个前同事吃饭
，他觉得$特斯拉(TSLA)$ 完了
，这两天他老婆逼他把家里的三辆Tesla都卖了
。对我来说tesla就是个大选的event trade
，一月税务规划更有优势时就已经都卖了
，现在也不是high conviction short
：1. 我不记得有看到过被抵制而死的公司
，以前某国也抵制toyota
，也是又烧又砸
，但几个季度...
展开
2025-03-21 13:17· 讨论 32· 赞 21"
325534853,2025-03-01 03:49:22,3,2,0,https://xueqiu.com/2287364713/325534853,$TransMedics Group(TMDX)$ 财报后的换手率还是这么低，这个股票里面有将近30%的做空，现在空头还没跑，接着等后续。,$TransMedics Group(TMDX)$ 财报后的换手率还是这么低，这个股票里面有将近30%的做空，现在空头还没跑，接着等后续。
324782909,2025-02-24 23:05:08,1,3,1,https://xueqiu.com/2287364713/324782909,最近有个新变化，和西门子的EDA 部门达成战略合作，直接在EDA软件中集成卖 Alphawave Semi的 IP 。最近看关注的人参加的业内顶级会议，chiplet 是其中最热门的话题，几乎是行业共识了，看看 Alphawave 能不抓住这波行业变革的浪潮冲出来。//@KeepSlowly:更新一下2024Q4 update的一些亮点：<br...,"来源
：雪球App
，作者
： KeepSlowly
，
（https://xueqiu.com/2287364713/324782909
）
最近有个新变化
，和西门子的EDA 部门达成战略合作
，直接在EDA软件中集成卖 Alphawave Semi的 IP
。
最近看关注的人参加的业内顶级会议
，chiplet 是其中最热门的话题
，几乎是行业共识了
，看看 Alphawave 能不抓住这波行业变革的浪潮冲出来
。//@KeepSlowly:更新一下2024Q4 update的一些亮点
：
1
、Connectivity Product 终于有了第一笔小的收入
，预计25年H2开始会有更大的采购单
。Amazon认可了公司的产品
，证明了公司的技术能力是没问题的
，现在的确定性强了很多
。去年Market Day时
，高管现场拿了几个这个芯片产品
，说去Hyperscalers交流时
，给他们看公司的芯片成品
，这些人都非常惊讶
，可以把产品做得这么小
，但是却有功能齐全
。
2
、这个Q有85.8M 的芯片订单
，公司自2023年转型以来
，最早的一批ASIC设计合同终于进入产品销售阶段
，而且这个起订的量还不小
。这是一个标志性的事件
，说明公司具备能力设计并生产7nm以下制程的先进芯片
。原来对于OpenFive能够在先进制程上设计出好的芯片还是有疑虑
，如果接下来2个Q继续有更多的芯片订单
，就可以宣告公司的芯片设计业务完成了从传统消费电子产品到面向高端DC芯片设计的转型
。
3
、Chiplets 业务看起来进展挺顺利
，每个Q都有新的设计订单
，ARM现在也在大力推进这个技术路线
，Alphawave Semi 拥有的技术组合非常契合这个趋势
，后续可能会有惊喜
。
查看对话
@KeepSlowly：
$ALPHWV IP GR ORD(AWEVF)$ 这个目前持仓的一个公司在美股粉单完全没有交易
，等待它成交活跃
，甚至直接在美股上市的那一刻
，应该不需要等待太久了
。
2024-11-22 08:01· 转发 4· 讨论 11· 赞 2"
324494858,2025-02-22 04:01:11,4,7,2,https://xueqiu.com/2287364713/324494858,$Seaport(SEG)$ 今天趁着大跌买了点，相信Bill Ackman的团队能够turn around，释放公司价值。,$Seaport(SEG)$ 今天趁着大跌买了点，相信Bill Ackman的团队能够turn around，释放公司价值。
321977630,2025-01-29 18:54:38,2,4,1,https://xueqiu.com/2287364713/321977630,更新一下2024Q4 update的一些亮点：1、Connectivity Product 终于有了第一笔小的收入，预计25年H2开始会有更大的采购单。Amazon认可了公司的产品，证明了公司的技术能力是没问题的，现在的确定性强了很多。去年Market Day时，高管现场拿了几个这个芯片产品，说去Hyperscalers交流时，给他们看...,更新一下2024Q4 update的一些亮点：1、Connectivity Product 终于有了第一笔小的收入，预计25年H2开始会有更大的采购单。Amazon认可了公司的产品，证明了公司的技术能力是没问题的，现在的确定性强了很多。去年Market Day时，高管现场拿了几个这个芯片产品，说去Hyperscalers交流时，给他们看公司的芯片成品，这些人都非常惊讶，可以把产品做得这么小，但是却有功能齐全。2、这个Q有85.8M 的芯片订单，公司自2023年转型以来，最早的一批ASIC设计合同终于进入产品销售阶段，而且这个起订的量还不小。这是一个标志性的事件，说明公司具备能力设计并生产7nm以下制程的先进芯片。原来对于OpenFive能够在先进制程上设计出好的芯片还是有疑虑，如果接下来2个Q继续有更多的芯片订单，就可以宣告公司的芯片设计业务完成了从传统消费电子产品到面向高端DC芯片设计的转型。3、Chiplets 业务看起来进展挺顺利，每个Q都有新的设计订单，ARM现在也在大力推进这个技术路线，Alphawave Semi 拥有的技术组合非常契合这个趋势，后续可能会有惊喜。
320159272,2025-01-11 06:03:40,1,2,1,https://xueqiu.com/2287364713/320159272,$TransMedics Group(TMDX)$ 趁着这波下跌买了点4月份的call，卖了一点2月份的PUT。,$TransMedics Group(TMDX)$ 趁着这波下跌买了点4月份的call，卖了一点2月份的PUT。
318037521,2024-12-25 07:11:54,7,4,0,https://xueqiu.com/2287364713/318037521,回复@硅谷周伯通: 最近两年的变化非常大了。目前的Alphawave Semi 极其低估，核心原因是公司上市后一系列不太专业的操作加上处于公司业务转型期青黄不接的阶段，导致和很多机构的避之不及。 2025年会是一个关键性的年份，有机会看清公司真正的能力了。现在的 Alphawave Semi 有4块业务：原来...,回复@硅谷周伯通: 最近两年的变化非常大了。目前的Alphawave Semi 极其低估，核心原因是公司上市后一系列不太专业的操作加上处于公司业务转型期青黄不接的阶段，导致和很多机构的避之不及。 2025年会是一个关键性的年份，有机会看清公司真正的能力了。现在的 Alphawave Semi 有4块业务：原来的IP业务，2022年底收购的openFive  asic业务，2022年12月 收购的以色列Banias Labs 后，给Amazon 做的 Connectivity Product 业务，最近一年重点发展的基于Arm 的 Chiplet业务。IP 业务本来是公司的强项，但是因为美国对中国半导体的制裁，公司决定放弃之前和中国合资公司的业务，而这个是它上市时的主要营收来源。这也导致 2024H1 的营收出现下降。Connectivity Product 对标 Marvell 的 Inphi 的产品，拥有 PAM4 和 DSP corenhens 的技术能力。这个是最初是给 Amazon做的，有一个多年总额3亿美元的合同，但是产品也可以买给其它公司。目前第一代支持100G的产品验证测试了1年多，即将给Amazon发货了，二代支持200G的产品上半年已经流片了。这个产品上半年还赢得另外一个订单。目前这整个产品线还没有产生任何营收，但是投入了很多钱研发，预计2025年会有营收，2025H2 或 2026H1 来自 amazon 的订单会开始 ramp up。asic 和 chiplet 产品最近一年多都拿到不少订单（总金额超过500M），几乎全部是针对数据中心的AI相关的订单，全部是在 7ns 以下的设计，这些订单目前都在设计阶段，还没有开始流片。所以目前公司只能按进度确认一些设计费，没有任何的 Royalty 收入。随着这些设计的芯片正式投产，公司能够获得 Royalty 收入，整个营收会稳定很多。公司目前估值低（PS 3倍左右）的核心原因有好几个：1、上市之前 IP 业务的收入几乎全部来自中国，上市后 FT 写了一篇报道，认为它在中国的合作伙伴与公司董事会的人（周秀文家庭）是亲属关系，公司的业务有可能是不真实的，导致股价大跌。后来美国制裁中国半导体公司，为能提供7ns以下的技术，为此公司决定逐步中止和 中国合资公司Wavewise的合作，影响后续的营收。2、公司在2023年4月无法按期完成2022年报审计工作，导致公司停牌了一段时间。后续正常发布了财报，接着前 CFO 离职。这个前CFO来自英国的银行体系，在上市前加入公司，帮助公司完成了上市，但是对于半导体行业不了解。 后续公司找来了新的CFO，来自 Rambus 的前CFO，新CFO 2023年11月上任，还没来得及弄清楚公司状况，结果在2024年年初时，发现最终财报的数字对之前发布的预计数字要低不少，继续打击市场对这个公司的信心。3、收购的OpenFive 公司遗留了原来给中国消费电子公司设计的芯片合同，公司去年下半年开始选择直接放弃这些客户，所有资源都转到做新赢得的面向数据中心的设计订单，因此原来的那些的Royalty收入几乎归零，而那些新设计订单仍在设计阶段，没有Royalty收入，导致今年H1的营收大跌，股价继续暴跌。4、最近发行 1.5亿 可转债，对目前的股份有 8%左右的稀释，同时也让很多人担心公司产生现金流的能力，未来可能面临更多的股份稀释。我认为公司好的方面：1、公司创始团队至今仍然持有37%的你们股份，CEO 是连续创业者，技术出身，20多年职业生涯聚焦在SerDes领域，创立 Alphawave Semi之前5年在Intel 负责SerDes方向的VP。2、2023年11月招到了新的CFO，是Rumbus的前CFO。业内金领人士愿意从一个5-6B的公司跳槽到这个只有1B市值的公司来做同样的职位，我认为他是非常看好Alphawave的。3、2024年4月招到了 Charlie Roach 做 CRO，负责对Hyperscaler的销售。Inphi 的前销售SVP，帮助 Inphi 做到1B营收的核心人物。行业内的顶尖精英人士加盟一家小公司，这也是对这个公司的一种认可。最后说一下，这个公司目前有非常多的不确定性，因为仍在转型过程中，很多人对他们执行能力还是有担忧，所以目前估值偏低。 2025年开始，很多2023年赢得的芯片设计要开始流片，可以看看公司真正的执行能力如何了。//@硅谷周伯通:回复@自足的财经战士:合理，因为上市的地理位置不对，流动性太差，而且他只有IP的业务。。。
316391677,2024-12-11 20:04:18,1,1,0,https://xueqiu.com/2287364713/316391677,回复@自足的财经战士: 这次发行的可转债稀释了8%左右股权肯定不是一件好事情，所以市场大跌也完全可以理解。另一方面来讲，在现在青黄不接的阶段，公司得到了更多的资金，可以继续支持当前silicon product的研发并走向市场，这个才是目前最重要的事情。从长远来看，是一个合理的决定。错失市...,回复@自足的财经战士: 这次发行的可转债稀释了8%左右股权肯定不是一件好事情，所以市场大跌也完全可以理解。另一方面来讲，在现在青黄不接的阶段，公司得到了更多的资金，可以继续支持当前silicon product的研发并走向市场，这个才是目前最重要的事情。从长远来看，是一个合理的决定。错失市场机会比稀释部分股权要糟糕得多。未来他们肯定会去美国双重上市的，仅仅依靠业务自身产生的现金流，不足于支撑他们的梦想。//@自足的财经战士:回复@KeepSlowly:大佬怎么看刚发行1.5亿的可转股债券呢？
313816071,2024-11-22 08:01:58,2,11,4,https://xueqiu.com/2287364713/313816071,$ALPHWV IP GR ORD(AWEVF)$ 这个目前持仓的一个公司在美股粉单完全没有交易，等待它成交活跃，甚至直接在美股上市的那一刻，应该不需要等待太久了。,$ALPHWV IP GR ORD(AWEVF)$  这个目前持仓的一个公司在美股粉单完全没有交易，等待它成交活跃，甚至直接在美股上市的那一刻，应该不需要等待太久了。
313815546,2024-11-22 07:51:36,0,0,0,https://xueqiu.com/2287364713/313815546,我刚刚关注了股票$莱迪思半导体(LSCC)$，当前价 $52.26。,我刚刚关注了股票$莱迪思半导体(LSCC)$，当前价 $52.26。
313797018,2024-11-21 22:43:15,53,23,0,https://xueqiu.com/2287364713/313797018,回复@PaulWu: 其实这个事情不能这么简单地去理解，很多事情规则是有二阶反馈效应的。 PDD的平台规则和它带来的成交量级是原来那种低线市场杂牌无法比拟的，因此它必然会驱动大量那种专门针对PDD平台规则钻空子的厂家，这里面的利润太高（以次充好卖低价）了，结果是正常经营的商家会完蛋。黄...,回复@PaulWu: 其实这个事情不能这么简单地去理解，很多事情规则是有二阶反馈效应的。 PDD的平台规则和它带来的成交量级是原来那种低线市场杂牌无法比拟的，因此它必然会驱动大量那种专门针对PDD平台规则钻空子的厂家，这里面的利润太高（以次充好卖低价）了，结果是正常经营的商家会完蛋。黄铮的想法是通过消费者投票去筛选出那些真正能提供低价优质商品的商家，但是他高估了消费者对在短时间内对商品质量（比如管我财说的用二手料的塑料制品，低质的不锈钢产品等）的判断能力，而这个较短的时间段内，无良商家已经赚够了。所以事情是一直在动态变化的，PDD目前的情况看起来可能已经到达顶峰了，但是要维持住并不容易， 因为它的这个模式并不是一个可持续的模式，这也是我后来不再看好PDD的原因。//@PaulWu:回复@余生的江湖:我们看似在一个世界，其实很多感受并不相通，低线市场线下长期存在着“康帅傅”这样的产品，当他们出现在电商平台上，高线的人开始惊呼，这种分歧从它IPO那一刻就存在，也从未真正弥合。
308336584,2024-10-17 04:23:27,19,5,1,https://xueqiu.com/2287364713/308336584,最近一年通过雪球获得的投资线索越来越少了，看到的高质量的讨论也非常少，大家关注的标的范围都局限在很少的几个。这一年来开始花更多的时间看美股之外的其它市场的公司，发现了有更好的机会，通过X，substack 获得的信息和质量远超雪球。 后续可能只会把雪球当成一个看行情的工具了。,最近一年通过雪球获得的投资线索越来越少了，看到的高质量的讨论也非常少，大家关注的标的范围都局限在很少的几个。这一年来开始花更多的时间看美股之外的其它市场的公司，发现了有更好的机会，通过X，substack 获得的信息和质量远超雪球。 后续可能只会把雪球当成一个看行情的工具了。
302424665,2024-08-26 21:56:38,7,3,0,https://xueqiu.com/2287364713/302424665,回复@IsaYue: 其实公司管理非常简陋，和30，50人的小公司差不多，都是老板拍脑袋，下面的人就想尽办法去干，压根就没详细的规划，都是走到哪算哪。这种公司出什么样的业绩都不用奇怪。//@IsaYue:回复@明月桥投资:上一次是说的百亿投资现代农业，再上次说的是薛定谔的利润PDD管理层预期管理画...,回复@IsaYue: 其实公司管理非常简陋，和30，50人的小公司差不多，都是老板拍脑袋，下面的人就想尽办法去干，压根就没详细的规划，都是走到哪算哪。这种公司出什么样的业绩都不用奇怪。//@IsaYue:回复@明月桥投资:上一次是说的百亿投资现代农业，再上次说的是薛定谔的利润PDD管理层预期管理画风清奇
295640449,2024-06-29 02:50:06,0,2,0,https://xueqiu.com/2287364713/295640449,回复@Nothing011: 不了解哈。 我目前持有的PBF也不多了//@Nothing011:回复@KeepSlowly:请问您了解 CONTROL EMPRESARIAL DE CAPITALES S.A. DE C.V. 这个公司吗？我看这个公司最近一直在买入PBF Energy.,回复@Nothing011: 不了解哈。 我目前持有的PBF也不多了//@Nothing011:回复@KeepSlowly:请问您了解 CONTROL EMPRESARIAL DE CAPITALES S.A. DE C.V. 这个公司吗？我看这个公司最近一直在买入PBF Energy.
290321138,2024-05-16 23:20:37,3,0,0,https://xueqiu.com/2287364713/290321138,$阿里巴巴(BABA)$ 1，2月份卖出了一些行权价为70和60的PUT，收了点权利金。其中行权价70的PUT刚好在4月19号到期，全部执行了期权买入了不少股票。之后这部分的股票都卖了77的Cover Call，结果在5月3号全部被Call走了。财报后79.5再次买了一部分正股，之后又卖了一些行权价是 72.5的PUT。 一通折腾...,$阿里巴巴(BABA)$  1，2月份卖出了一些行权价为70和60的PUT，收了点权利金。其中行权价70的PUT刚好在4月19号到期，全部执行了期权买入了不少股票。之后这部分的股票都卖了77的Cover Call，结果在5月3号全部被Call走了。财报后79.5再次买了一部分正股，之后又卖了一些行权价是 72.5的PUT。 一通折腾下来，收益还挺不错。
284179992,2024-03-29 21:07:17,12,4,1,https://xueqiu.com/2287364713/284179992,我认为 小米在做一款新产品从立项就开始想着怎么节省成本，制造营销噱头。我无法接受这样的产品，因此在买过一个电视盒之后再也没有买过任何它们的产品了。,我认为 小米在做一款新产品从立项就开始想着怎么节省成本，制造营销噱头。我无法接受这样的产品，因此在买过一个电视盒之后再也没有买过任何它们的产品了。
278498331,2024-02-09 19:40:45,2,3,0,https://xueqiu.com/2287364713/278498331,一個Q過去了，这个Q的财报看起来不错，股价也翻倍了。我的PUT也在前段时间平仓了，盈利50%+,一個Q過去了，这个Q的财报看起来不错，股价也翻倍了。我的PUT也在前段时间平仓了，盈利50%+
278494367,2024-02-09 18:10:47,7,3,0,https://xueqiu.com/2287364713/278494367,半年时间double了，2023年初至今抄底的成功率高达100%，无一失手。 打算卖出一部分换另外一支更看好的股票了,半年时间double了，2023年初至今抄底的成功率高达100%，无一失手。 打算卖出一部分换另外一支更看好的股票了
273086599,2024-01-01 02:30:07,24,7,0,https://xueqiu.com/2287364713/273086599,美股全年的收益率定格在55.32%，主要得益于几次低点抄底和集中持股。2021年下半年和2022年为了“分散投资”，头脑发热买入了很多并没有完全理解的公司，其中不少都亏了钱，因此在2023年时，尝试着回到2021年之前的策略，集中持有少量明显低估的公司。2022年美股收益19%左右，主要得益于年中重...,
272147139,2023-12-24 03:38:50,5,0,0,https://xueqiu.com/2287364713/272147139,回复@新宇鸾投: 分析师问管理层目前账上很多现金，打算怎么处理。CEO解释了一下正常运营需要多少现金，剩下的钱用来回购以及逐步增加股息。 我觉得不同的公司是完全不一样的，成熟的公司很容易给出正常运营的资金，成长期的公司，管理层也说不清楚到处有多少钱是用于正常运营，有多少是用来寻求增...,回复@新宇鸾投: 分析师问管理层目前账上很多现金，打算怎么处理。CEO解释了一下正常运营需要多少现金，剩下的钱用来回购以及逐步增加股息。 我觉得不同的公司是完全不一样的，成熟的公司很容易给出正常运营的资金，成长期的公司，管理层也说不清楚到处有多少钱是用于正常运营，有多少是用来寻求增长。//@新宇鸾投:回复@KeepSlowly:请问一下管理层清楚回答了吗？
271708553,2023-12-20 21:40:48,0,1,0,https://xueqiu.com/2287364713/271708553,回复@福贵少爷: 免税这一点对一些人还是很有吸引力的//@福贵少爷:回复@含泪满仓:很多功能还是很实用的,回复@福贵少爷: 免税这一点对一些人还是很有吸引力的//@福贵少爷:回复@含泪满仓:很多功能还是很实用的
267091106,2023-11-15 23:27:13,6,0,0,https://xueqiu.com/2287364713/267091106,狸哥是我在雪球最认可的人之一,狸哥是我在雪球最认可的人之一
266125101,2023-11-09 04:37:07,3,4,0,https://xueqiu.com/2287364713/266125101,还没买够就飞了,还没买够就飞了
266112191,2023-11-08 22:52:52,3,5,0,https://xueqiu.com/2287364713/266112191,回复@LUNZ轮子: 你没看到并不表示它没有说过，在做出一个判断之前要先确认事实，另外也不要神化任何一个人。我是在大道网易博客里面看到的关于杠杆的讨论的，而且经过我自己的思考，我认为观点符合逻辑，所以我在自己的投资过程中运用了部分可承受的杠杆。一个最基本的事实，大家买房时普遍使...,回复@LUNZ轮子: 你没看到并不表示它没有说过，在做出一个判断之前要先确认事实，另外也不要神化任何一个人。我是在大道网易博客里面看到的关于杠杆的讨论的，而且经过我自己的思考，我认为观点符合逻辑，所以我在自己的投资过程中运用了部分可承受的杠杆。一个最基本的事实，大家买房时普遍使用了杠杆，这个基本事实说明使用杠杆并没有错，关键在于使用杠杆的程度。 把一些“投资格言”荒谬地理解成不可违背的规则，机械的执行是非常要命的。 对于任何总结性的格言都需要弄清得出这个句子的背景和适用范围，这样才是真正理解一个事物的办法。//@LUNZ轮子:回复@KeepSlowly:我从未在大道的文章中看到这么多的杠杆，年轻人自己怎么做都行，但不要挂着大道的名号，大道二字说的就是不要走捷径
265691198,2023-11-05 16:41:35,14,9,0,https://xueqiu.com/2287364713/265691198,回复@彼得林奇ll: 我没有把他当成神。早在2012年我就认为他对阿里巴巴企业文化的判断错得离谱，但是这并不妨碍我学习他写的那些我认为有价值的东西。我看任何人写的东西都会先经过自己的逻辑思考，确定观点符合理性逻辑，再决定要不要接受这个观点。//@彼得林奇ll:回复@KeepSlowly:领了你一段...,回复@彼得林奇ll: 我没有把他当成神。早在2012年我就认为他对阿里巴巴企业文化的判断错得离谱，但是这并不妨碍我学习他写的那些我认为有价值的东西。我看任何人写的东西都会先经过自己的逻辑思考，确定观点符合理性逻辑，再决定要不要接受这个观点。//@彼得林奇ll:回复@KeepSlowly:领了你一段路也不能把他当神。要不你咋不把小学语文老师也膜拜起来呢
265664023,2023-11-04 22:50:28,117,64,21,https://xueqiu.com/2287364713/265664023,去年写点东西，主要是回顾一下自2012年来的投资经历，这些东西一直放在草稿箱，没有发布出来。 这两天看到关于大道的讨论，让我想起当时刚来雪球时的情形，当年是大道的文字领着我走入价值投资的道路，最终获得超乎想像的成功。今天趁这个机会，修改了一下，发布出来。突发奇想，开了个美股账...,
265662193,2023-11-04 22:03:30,12,3,2,https://xueqiu.com/2287364713/265662193,"最近读“Richer, Wiser, Happier”,第一章里面的哥们的故事有很多共鸣，我也是一个shameless cloner。他做的事情就是我在今年做的，耐心等待机会，而不急着匆匆下注。昨天在研究Jerry Smith时，看到一个新闻，Fundsmith 有一个watchlist，里面都是他们看好的公司，但是因为价格太高，一直没有下手...","最近读“Richer, Wiser, Happier”,第一章里面的哥们的故事有很多共鸣，我也是一个shameless cloner。他做的事情就是我在今年做的，耐心等待机会，而不急着匆匆下注。昨天在研究Jerry Smith时，看到一个新闻，Fundsmith 有一个watchlist，里面都是他们看好的公司，但是因为价格太高，一直没有下手，他们会等上好几年，直到估值合理时才买入。他们等了5，6年才找到机会买入IDXX，其中$ADYEN NV(ADYEY)$ 也在这个清单里面，我猜最近暴跌后他们应该买了点。今天最大的投资感悟是不要买贵了，不管是多好的业务都不要买贵了，耐心会带来回报。"
265575096,2023-11-03 15:51:43,1,0,0,https://xueqiu.com/2287364713/265575096,回复@晨晓a: 它们之前的2025年到期债券利率就很高，现在评级提升了，发债的利率只比之前高了0.9%。//@晨晓a:回复@KeepSlowly:不太理解，现在发行，利率不是高的一比吗,回复@晨晓a: 它们之前的2025年到期债券利率就很高，现在评级提升了，发债的利率只比之前高了0.9%。//@晨晓a:回复@KeepSlowly:不太理解，现在发行，利率不是高的一比吗
265492535,2023-11-03 00:50:12,8,9,0,https://xueqiu.com/2287364713/265492535,$Confluent(CFLT)$ 现在这个估值回到2020年融资时候了，Kafka应用非常广泛，客户群体是非常大的，但是如何赚到钱，这个公司还得再想想办法。今天卖了点2025年年初到期的PUT，如果能跌到那个价格，愿意买点，长期拿着。,$Confluent(CFLT)$   现在这个估值回到2020年融资时候了，Kafka应用非常广泛，客户群体是非常大的，但是如何赚到钱，这个公司还得再想想办法。今天卖了点2025年年初到期的PUT，如果能跌到那个价格，愿意买点，长期拿着。
265328762,2023-11-01 18:20:42,0,0,0,https://xueqiu.com/2287364713/265328762,我刚刚关注了股票$Shopify Inc.(SHOP)$，当前价 $47.19。,我刚刚关注了股票$Shopify Inc.(SHOP)$，当前价 $47.19。
263670880,2023-10-18 22:24:21,6,1,0,https://xueqiu.com/2287364713/263670880,回复@章武4wk: 哈哈，我在美股里面挣的钱基本上都是来自于“便宜的普通公司”。//@章武4wk:回复@觅鲨投资:给我印象最深的是这句话，优秀的公司和便宜的好公司有区别的,回复@章武4wk: 哈哈，我在美股里面挣的钱基本上都是来自于“便宜的普通公司”。//@章武4wk:回复@觅鲨投资:给我印象最深的是这句话，优秀的公司和便宜的好公司有区别的
263085108,2023-10-13 00:50:56,3,3,0,https://xueqiu.com/2287364713/263085108,回复@章武4wk: 市场就是这样，有时候过度乐观，有时候过度悲观。3个月前还到过48，现在就腰斩了。 我特别喜欢这样的市场先生，给我创造机会以极低的价格买股票，等大家都乐观的时候我再来卖给他们吧。//@章武4wk:回复@KeepSlowly:不过这只股票也搞笑，每年能赚1.6亿美金。手头上还有6亿多的现金储...,回复@章武4wk: 市场就是这样，有时候过度乐观，有时候过度悲观。3个月前还到过48，现在就腰斩了。 我特别喜欢这样的市场先生，给我创造机会以极低的价格买股票，等大家都乐观的时候我再来卖给他们吧。//@章武4wk:回复@KeepSlowly:不过这只股票也搞笑，每年能赚1.6亿美金。手头上还有6亿多的现金储备。现在市值也就18亿
263082988,2023-10-12 23:44:39,3,9,1,https://xueqiu.com/2287364713/263082988,$ADYEN NV(ADYEY)$ 最近也抄了些这个公司，观望很久了，终于有机会下手买点。,$ADYEN NV(ADYEY)$ 最近也抄了些这个公司，观望很久了，终于有机会下手买点。
263075894,2023-10-12 21:58:39,3,7,0,https://xueqiu.com/2287364713/263075894,$InMode(INMD)$ 抄了一些，看看什么时候能够解套。,$InMode(INMD)$ 抄了一些，看看什么时候能够解套。
262451872,2023-10-04 03:57:50,4,15,0,https://xueqiu.com/2287364713/262451872,回复@StevenLH: 我觉得这里的关键点是得搞清楚NVDA 目前的需求是一次性的恐慌需求，还是可以长期持续的需求。 如果是恐慌性需求，那现在的利润计算PE就没有什么价值了//@StevenLH:回复@笔尖上的美股:股市务必是向前看，否则不叫discounting machine了。所以，市场先生主要都是要看forward PE。那么...,回复@StevenLH: 我觉得这里的关键点是得搞清楚NVDA 目前的需求是一次性的恐慌需求，还是可以长期持续的需求。 如果是恐慌性需求，那现在的利润计算PE就没有什么价值了//@StevenLH:回复@笔尖上的美股:股市务必是向前看，否则不叫discounting machine了。所以，市场先生主要都是要看forward PE。那么看明年的forward PE，$特斯拉(TSLA)$ 要比$英伟达(NVDA)$ 贵多了，几乎要贵一倍。 TSLA明年PE 73.9x， NVDA明年PE 41.36x，都是按今天的当前价格算。而且，要考虑到，NVDA过去两个季度，每次财报后，由于收入和净利润都呈爆烈式增长，其明年的foward PE每次财报后都迅速下跌，也就是相对快速变得便宜，且速率非常快，接下去的Q3财报后，几乎肯定也是如此，因为明年的每股收益一定会进一步上调，而TSLA则是一切都是反过来，由于其预期美股收益不断降低（说不定在不久的将来都会变成负值），其每次财报后，从forward PE角度看，都是变得更贵了，这次Q3财报后更会如此（汽车交付量环比下跌，而汽车售价则在进一步不断下降，所以毛利率，净利润都是在不断下降中）。美股当前是否有泡沫先放在一边，不是我这里探讨的对象。我的角度是，将这俩放在一起说美股有否泡沫，完全不合适。但我充分理解，太多人把tsla看得可以和nvda比肩了，其实前者连给后者提鞋的资格都没有。无奈的是，当初经过一番挣扎，标普还是将tsla收入了S&P 500指数，导致大量资金在很多情况下被动地只能将这俩放在一个篮子里买卖，还要加上Cramer这种无厘头今年还弄出个狗屁的 Magnificent 7，楞是又把TSLA这货放进来了，又框住了一大批（很多情况下更是故意这么做的）....下面是这俩的forward pe，明年，后年，大后年的数据。我分两次贴，先贴NVDA的。查看图片
262303935,2023-09-28 22:41:43,3,0,0,https://xueqiu.com/2287364713/262303935,回复@第七军团: 你对唯品会的描述就错了。唯品会现在主要是卖各种大众品牌服饰，鞋帽，商场里能见到的品牌在唯品会大部分都有，而且买的也不只是尾货。 它现在是一个有特色的网上销售渠道，可以简单理解成一个每天都在做促销的平台，但是每天参与的品牌不同，这让它和天猫，京东在服务和销售方式上...,回复@第七军团: 你对唯品会的描述就错了。唯品会现在主要是卖各种大众品牌服饰，鞋帽，商场里能见到的品牌在唯品会大部分都有，而且买的也不只是尾货。 它现在是一个有特色的网上销售渠道，可以简单理解成一个每天都在做促销的平台，但是每天参与的品牌不同，这让它和天猫，京东在服务和销售方式上实现了差异化。//@第七军团:回复@仓又加错-刘成岗:真心请教，有一点实在没懂。唯品会的商业模式，是把大牌尾货放到网上卖，等于是个online outlet。但是，大牌为啥要把尾货交给唯品会卖呢？我讲讲我看到的和我理解的。美国有很多outlet，都是中产阶级的品牌，卖尾货。outlet都在比较偏远的地方，一般开车30分钟以上。而卖当季货的店，一般都开在热闹的商业区。我理解的是，他们故意要在地域上做隔离，把当季和过季的分开，维持好价格体系。另一个例子是，品牌官网有时候也卖尾货，但打折力度远不如outlet店。我的理解还是，网上的尾货和当季货没有地域隔离，所以少且贵。而大牌去交给唯品会卖，对自己的价格体系冲击应该挺大的呀。去官网买和去唯品会买，时间成本没差别，这对品牌自己的价格体系造成了冲击。为啥他们要把尾货交给唯品会去卖呢？
260939915,2023-09-12 18:49:47,2,1,0,https://xueqiu.com/2287364713/260939915,他还是比较接地气的，没有像马云那样活在泡泡里。就是不知道他能不能頂得住华尔街给的业绩压力，按照自己的计划走下去。,他还是比较接地气的，没有像马云那样活在泡泡里。就是不知道他能不能頂得住华尔街给的业绩压力，按照自己的计划走下去。
260599462,2023-09-08 03:01:49,7,10,0,https://xueqiu.com/2287364713/260599462,$PBF Energy(PBF)$ 快要 All time high了。 从公司运营的角度来看，现在算是公司最好的时候了，管理层完成了交接班，账上现金多于债务，评级被upgrade了，生物能源炼厂顺利投产，可以节约大量购买RINs的钱了。在这种波动的行情里面，持有这个公司让我特别安心。,$PBF Energy(PBF)$ 快要 All time high了。 从公司运营的角度来看，现在算是公司最好的时候了，管理层完成了交接班，账上现金多于债务，评级被upgrade了，生物能源炼厂顺利投产，可以节约大量购买RINs的钱了。在这种波动的行情里面，持有这个公司让我特别安心。
256376894,2023-07-23 20:52:37,5,1,1,https://xueqiu.com/2287364713/256376894,threads 根本没有任何机会，前几天看着新用户暴涨觉得有戏的人都没经历过当年社交媒体大战的时代。当年Google+ 3天时间拿下8000用户，然后马上就成了鬼城。 Facebook 从Ins倒入到threads的用户绝大部分都会是僵尸用户，只是美国的主流媒体现在很Twitter把它们做的恶心事都曝光了，不再帮着它们审查...,threads 根本没有任何机会，前几天看着新用户暴涨觉得有戏的人都没经历过当年社交媒体大战的时代。当年Google+ 3天时间拿下8000用户，然后马上就成了鬼城。 Facebook 从Ins倒入到threads的用户绝大部分都会是僵尸用户，只是美国的主流媒体现在很Twitter把它们做的恶心事都曝光了，不再帮着它们审查它们不喜欢的言论了，于是恨不得twitter马上挂掉。
256212165,2023-07-21 01:39:10,3,3,1,https://xueqiu.com/2287364713/256212165,回复@LoveKonan: 看了你的文章非常有感触，很多时候必须持有少量的仓位才会刺激自己更多地去深入研究某个公司。我过去的投资经历中做得非常不好的一点就是很少基于机会成本进行资金的分配。 手上持有的多支股票时，大部分时间都是按惯性拿着，很少去认真比较它们之间的期望回报以及那些自己看好但...,回复@LoveKonan: 看了你的文章非常有感触，很多时候必须持有少量的仓位才会刺激自己更多地去深入研究某个公司。我过去的投资经历中做得非常不好的一点就是很少基于机会成本进行资金的分配。 手上持有的多支股票时，大部分时间都是按惯性拿着，很少去认真比较它们之间的期望回报以及那些自己看好但是还没有买入的公司的期望回报。卖掉已经持有的一个公司去买入一个新的公司，这中间其实有一个很大的心理问题需要跨越。直到今天我还是没有想到好的办法来解决这个问题。//@LoveKonan:回复@静之徐生:没有哈，您说的很赞~嗯嗯，适合自己的，就是最好的~随着持有某一个公司和行业，经过几个牛熊的兴衰，往往能看到更多的优点，以及更多的缺点。这是很有趣的。一个持仓，或者任何事情，都是优点和缺点，但往往自己会自己“骗”，倾向于看优点，或者缺点。如果真的能独立于股价和其他人的观点，冷静全面的看一个标的的优缺点，是很好的。往往随着时间的积累，这个认知会加深。这里面，时间的积累这个因素往往不可复制，所以要在资本市场里活得足够久。确实会看到越来越多的风险，比如我看CACC。毕竟我是做多，肯定是看到了优点的。但是真正需要保护的，是看到风险，不要犯大错。买几十个，其实是我在尝试拓展自己的attention span，并不是都要细致研究。最近看到芒格讲，他每次看一个陌生的股票，都会去先翻价值线，了解下背景。我是很认同的。其实看一眼价值线上十几年的重要财务数据，基本的定性和定量就过了。很容易判断一个公司生意是不是好生意还是一般的或者不怎么样的，也非常容易判断，股价是不是有可能过高或者过低。芒格讲判断一个生意是不是好生意是相对容易的。投资难就难在，好生意大家都知道，估值已经给的很高了，这个时候买，还是不买，才考研投资的水平。（不是原话，大意如此。）比如COST，我也知道它很好，40倍的PE，买还是不买呢？这落到芒格经常强调的机会成本。永远要去比较你认知能力范围内，且当前价格能提供的最具有吸引力的一系列机会，并适当的判断未来一段时间内，这些机会的可能发展，选择最适合自己的。看价值线，买上几十个公司（挂单而已，没什么仓位），都是在拓展自己attention span的初步，实际上实在提高自己的机会成本。这半年跑马圈地以来，我最开始以为我会找到更多的投资标的，其实结果正好相反，它们都在被我拿来和CACC和BRK来比较，BRK就是我的最基本的机会成本。上述对机会成本的讨论实际上还局限在股票这一窄窄的范围内，其实机会成本包含范围很广。对于我，可能很多像我一样的朋友，我最基本的机会成本实际上是我的主业。芒格讲的一个相关小故事很好的阐述了机会成本，如果你的叔叔打算一折卖给你他的很赚钱的生意，你不用看别的机会了，你的机会成本太高了。再比如，芒格讨论巴菲特AXP的投资，因为AXP机会太好，一下子把机会成本拉高了太多太多，所以巴菲特才会修改单股持仓上限，重仓AXP到40%。机会成本是认知和运气的函数。Bill和巴芒确实感觉气质不合哈。
255729415,2023-07-15 02:56:06,3,0,0,https://xueqiu.com/2287364713/255729415,面对泡沫该怎么办？ 这是一个非常考验人性的问题。 不追逐泡沫，尽量忍住想要做空的心理。 只赚自己能够理解，并且能够把握得住的钱。,面对泡沫该怎么办？ 这是一个非常考验人性的问题。 不追逐泡沫，尽量忍住想要做空的心理。 只赚自己能够理解，并且能够把握得住的钱。
255497855,2023-07-12 23:01:20,13,8,0,https://xueqiu.com/2287364713/255497855,最近在做一支股票的交易决策时遇到一个非常tricky的问题，我的交易决策严重依赖对于美股公司的回购规则了解。于是花了点时间研究，学习了一下美股公司回购的一些规则。为了避免公司操纵股票，交易所对于公司执行回购交易有很多的限制，具体回购交易限制大致如下：规则1. 在一个Q结束前的...,
255497227,2023-07-12 22:51:07,3,1,0,https://xueqiu.com/2287364713/255497227,回复@StevenLH: 嗯。 我今年主要把精力放在能源行业明显低估的$PBF Energy(PBF)$ 上，到目前为止市场仍然没有改变看法，不过我通过卖PUT也获得了不错的收益。 另外抄底了 $阿莱恩斯西部银行(WAL)$ ，目前收益率也挺不错。上半年的收益率也跑赢了标普500。//@StevenLH:回复@KeepSlowly:多谢了，兄弟...,回复@StevenLH: 嗯。  我今年主要把精力放在能源行业明显低估的$PBF Energy(PBF)$ 上，到目前为止市场仍然没有改变看法，不过我通过卖PUT也获得了不错的收益。 另外抄底了  $阿莱恩斯西部银行(WAL)$  ，目前收益率也挺不错。上半年的收益率也跑赢了标普500。//@StevenLH:回复@KeepSlowly:多谢了，兄弟。也祝你好运。今年其实还有不少CVNA这样的机会，这就是我为什么前些天专门写了个帖子提到今年可能是散户有机会大幅跑赢机构的极少数的年份之一。倒不是散户有多厉害，而是机构有可能看错了市场。still ongoing....
255494410,2023-07-12 22:13:13,1,3,1,https://xueqiu.com/2287364713/255494410,回复@StevenLH: 哈哈。 我觉得你今年在 $Carvana Co.(CVNA)$ 上面真是太厉害了，可惜这种类型的股票不太符合我现在的投资风格。 之前也一直想在1块几弄点 $Opendoor(OPEN)$ 也都错过了。//@StevenLH:回复@nemolei:你快去一边凉快去吧。你知道我在2021年上半年是什么程度的收益吗？你怕是不知道Game...,回复@StevenLH: 哈哈。 我觉得你今年在 $Carvana Co.(CVNA)$  上面真是太厉害了，可惜这种类型的股票不太符合我现在的投资风格。  之前也一直想在1块几弄点  $Opendoor(OPEN)$  也都错过了。//@StevenLH:回复@nemolei:你快去一边凉快去吧。你知道我在2021年上半年是什么程度的收益吗？你怕是不知道Gamestop那年的传奇和我当初和GME的故事吧。哈哈哈哈哈
254191017,2023-06-28 00:11:37,3,0,0,https://xueqiu.com/2287364713/254191017,经常看到有球友分享加入雪球多少周年的图片，然而我却从来没有遇到打开雪球App，出现一个弹窗告诉我加入雪球多少周年。 某次出于好奇，想弄清楚自己是什么时候注册雪球的，结果发现我是在 i美股 时期注册的账号。,经常看到有球友分享加入雪球多少周年的图片，然而我却从来没有遇到打开雪球App，出现一个弹窗告诉我加入雪球多少周年。 某次出于好奇，想弄清楚自己是什么时候注册雪球的，结果发现我是在 i美股 时期注册的账号。
251705929,2023-05-30 04:22:07,1,3,0,https://xueqiu.com/2287364713/251705929,美股AI概念股这一波涨得真好，可惜不属于我的能力圈范围，看着别人赚钱确实也眼红，但是还是坚守自己能看懂的便宜货更安心。 前段时间抄了不少$阿莱恩斯西部银行(WAL)$ 也有不少盈利了。 4月底到5月初顶着持续的下跌卖出了一千多手$PBF Energy(PBF)$ 6月16号到期的PUT，现在也获利颇丰。 唯一遗憾...,美股AI概念股这一波涨得真好，可惜不属于我的能力圈范围，看着别人赚钱确实也眼红，但是还是坚守自己能看懂的便宜货更安心。 前段时间抄了不少$阿莱恩斯西部银行(WAL)$  也有不少盈利了。 4月底到5月初顶着持续的下跌卖出了一千多手$PBF Energy(PBF)$ 6月16号到期的PUT，现在也获利颇丰。 唯一遗憾的是虽然对$PBF Energy(PBF)$ 财报后的股价走势非常有信心（实际的股价低点和时间和我的分析完全一致，毕竟在超过市值15%的回购金额下，股价反转的板上钉钉的事情），仍然没有足够的勇气买给的Call。算下来今年卖PUT已经贡献了10%的收益，下半年继续卖PUT挣些生活费。
251397820,2023-05-25 22:15:04,1,1,0,https://xueqiu.com/2287364713/251397820,回复@黑色面包: 唯品会的商业本质是线上版的TJ Maxx，但是和TJ Maxx还有点差别，在品牌商那边的话题权没有那么大。品牌特卖这种模式的客户粘性非常好，尤其是对于追求性价比的女性客户。唯品会几乎不压品牌供应商的货款，因此很多品牌商非常喜欢和它们合作，是品牌商非常重要的一个销售渠道。而另...,回复@黑色面包: 唯品会的商业本质是线上版的TJ Maxx，但是和TJ Maxx还有点差别，在品牌商那边的话题权没有那么大。品牌特卖这种模式的客户粘性非常好，尤其是对于追求性价比的女性客户。唯品会几乎不压品牌供应商的货款，因此很多品牌商非常喜欢和它们合作，是品牌商非常重要的一个销售渠道。而另一方面，唯品会有了很多的低价的品牌服饰的货源，这又帮助唯品会能够一直服务好它的核心客户群。//@黑色面包:回复@forcode:电商竞争这么激烈 为什么他们能做的这么好？股东回报（回购）对股价肯定是好事 但他们的基本盘做得这样 我觉得不光是资本回馈的问题 是他们商业能力本身就很强吧？没有仔细跟过，请教
250665993,2023-05-18 00:47:00,6,0,0,https://xueqiu.com/2287364713/250665993,$PBF Energy(PBF)$ 5月5号之前卖出的大量5月19，6月16号到期的 35以下的PUT应该都可以落袋了吧。 5月5号的时候，5月19号到期的35块的PUT居然还卖到了4块，几乎是送钱啊。,$PBF Energy(PBF)$  5月5号之前卖出的大量5月19，6月16号到期的 35以下的PUT应该都可以落袋了吧。 5月5号的时候，5月19号到期的35块的PUT居然还卖到了4块，几乎是送钱啊。
250665847,2023-05-18 00:41:59,1,6,1,https://xueqiu.com/2287364713/250665847,回复@黑色面包: 感谢你写的这篇文章，之前认真读了你的文章，那天才敢在跌到28块时开始抄底，最低一笔抄在了11.55，之后反弹后继续在20以下加了不少，现在整体盈利60%了。//@黑色面包:回复@光芒万丈1202:那两天的心态肯定会受到影响，毕竟是血肉之躯，总会恐慌。三号晚上Bloomberg放假消息做崩了$...,回复@黑色面包: 感谢你写的这篇文章，之前认真读了你的文章，那天才敢在跌到28块时开始抄底，最低一笔抄在了11.55，之后反弹后继续在20以下加了不少，现在整体盈利60%了。//@黑色面包:回复@光芒万丈1202:那两天的心态肯定会受到影响，毕竟是血肉之躯，总会恐慌。三号晚上Bloomberg放假消息做崩了$西太平洋合众银行(PACW)$ ，$阿莱恩斯西部银行(WAL)$ 被溅射伤害，当天晚上WAL Press Release出来澄清一切之后，居然四号那一天FT又放假消息做崩了WAL，说“两个知情人士透露在考虑出售选项”，正股跌到11优先股跌到7，击穿了我的止损线。当时我刚好在机场准备去奥马哈参加伯克希尔年会，准备清仓止损。结果WAL和WALPRA双双停牌长达三十几分钟，这恐怕是我今年最大的“傻福”。在那三十几分钟里，管理层的回应堪称教科书般出色。WAL的首席市场官Stephanie Whitlow在电子邮件说，这件事绝对是子虚乌有，完全捏造事实。知道这个信息之后，贝叶斯更新，撤掉卖单，心中已经清晰，空头的时间屈指可数了。停牌出来股票直接反弹50个点，优先股一路冲到11元。公司随后紧密发布公告，考察对FT追究法律责任，再次给市场注入信心。随后不断公布储蓄数据，一剂一剂的强心针把空头按在地上死命摩擦。比起从头到尾没说过一句话的FRC管理层，对出售选项予以承认的PACW，和到头来怪空头和央行的硅谷银行，WAL不仅表现出了最强的股东责任意识，而且深谙金融就是信心游戏的道理，从头到尾保持了极好的连贯性，执行能力也极强。在这场保卫战中我结识了多名出色的WAL管理层和销售人员，至今依然辗转在一线督战，没有一个考虑跳槽，没有一个选择明哲保身。没有看错这家银行和管理层，让我感到很欣慰。但是，这是不是意味着WAL没有受到损伤呢？绝不是的。WAL在这场作战中承受了巨大的伤害，尤其在其不得不动用大量高息FHLB和Bank Term Funding Program，同时为了揽储（这些储蓄的流入不是没有代价的）不得不大幅调高90-d和120-d等CD的利率到5%+。这架飞机还能飞，但已经被打残了。接下去我们会在二季报，三季报中看到这个公司的净息差大幅缩窄，账面上的TTM市盈率失去意义，股价短期是绝不可能回到三月以前的60美金/股以上了。无论如何，他们如同桀骜不屈的战士一般，干了一场惊心动魄，英勇无比的仗，成了带动整个区域性银行板块的火车头，并顽强地活了下来。赞！$美国地区银行ETF-iShares(IAT)$
250281663,2023-05-13 18:10:34,4,0,0,https://xueqiu.com/2287364713/250281663,茅台不是卖酒的逻辑，而应该用奢侈品的逻辑来理解。,茅台不是卖酒的逻辑，而应该用奢侈品的逻辑来理解。
249788073,2023-05-09 00:55:37,12,1,0,https://xueqiu.com/2287364713/249788073,从这个公司居然组织上百人的团队通过挖系统漏洞，利用漏洞偷偷在用户手机上获取竞争对手的信息，偷偷防止用户卸载。这个公司的所作所为和老板宣称的企业文化完全背道而驰。 不要看某人说了什么，而是看他们干了什么，做事方式更体现他们真实的价值观和企业文化。,从这个公司居然组织上百人的团队通过挖系统漏洞，利用漏洞偷偷在用户手机上获取竞争对手的信息，偷偷防止用户卸载。这个公司的所作所为和老板宣称的企业文化完全背道而驰。 不要看某人说了什么，而是看他们干了什么，做事方式更体现他们真实的价值观和企业文化。
245510047,2023-03-26 18:22:40,1,0,0,https://xueqiu.com/2287364713/245510047,刚上市选择不公布这些数据还可以解释为担心竞争对手，现在仍然不公布就有点说不过去了。,刚上市选择不公布这些数据还可以解释为担心竞争对手，现在仍然不公布就有点说不过去了。
244980256,2023-03-20 21:50:20,7,11,1,https://xueqiu.com/2287364713/244980256,$拼多多(PDD)$ Temu 业务存在巨大的风险，想靠这个平台售卖大量没有经过目的国认证的产品尽早要出大问题。,$拼多多(PDD)$  Temu 业务存在巨大的风险，想靠这个平台售卖大量没有经过目的国认证的产品尽早要出大问题。
240755733,2023-01-29 19:49:47,9,3,3,https://xueqiu.com/2287364713/240755733,从最近看到的信息来看，美国各大互联网厂商最近在review新的一年的预算，很多公司在压缩云的预算。其中Twitter直接把GCP的费用从40M砍到了0，原因是之前上GCP就是出于抢地盘的目的。其实这个很好理解，在互联网公司干过的都明白，很多项目存在的理由只是因为它是某些人的政绩工程，在公司要节流的...,从最近看到的信息来看，美国各大互联网厂商最近在review新的一年的预算，很多公司在压缩云的预算。其中Twitter直接把GCP的费用从40M砍到了0，原因是之前上GCP就是出于抢地盘的目的。其实这个很好理解，在互联网公司干过的都明白，很多项目存在的理由只是因为它是某些人的政绩工程，在公司要节流的时候，很多这样的项目都会被砍掉，相对应的云的费用也会大幅减少。 在高速增长期，很多公司对于云资源的浪费是相当惊人的，这其中的压缩空间相当大。所以过去几个季度美国云服务商的增速还可以，更多的是因为还在使用去年的预算，真正的坏日子现在才刚刚开始。
240724818,2023-01-29 07:03:42,12,0,0,https://xueqiu.com/2287364713/240724818,大概在2015年左右读了《约翰邓普顿教你逆向投资》，里面有一个案例印象特别深刻：书里面提到2战时，美国某个品类的需求大增，这时候他选择买入这个行业当时处境最差（业绩也是最差）的公司，最终这个公司的涨幅在整个行业中是最高的。其实这个逻辑挺容易理解，那些处境最糟糕的公司在当时肯定是被...,
240715208,2023-01-28 19:54:20,1,3,0,https://xueqiu.com/2287364713/240715208,"Inevitably, the human factor comes into play. Fatigue. Mental, physical, and emotional. They take their toll. They have to . . . if you care, or care enough. Every fund manager who’s been in this game long enough has had those driveway moments. The short pause you take after...","Inevitably, the human factor comes into play. Fatigue. Mental, physical, and emotional. They take their toll. They have to . . . if you care, or care enough. Every fund manager who’s been in this game long enough has had those driveway moments. The short pause you take after parking your car, before you walk into the house to the family. The quiet times in the middle of the night, staring at the ceiling and wondering . . . what have you done? Those moments are never in quarterly letters or discussed over meetings because who’d entrust you with their capital? Fear, uncertainty, doubt . . . weakness, yet all too human.Despite what investors peddle in their glossy presentations, the cold hard truth is . . . this is hard.It’s supposed to be though. As Charlie Munger once harshly said “[i]t’s not supposed to be easy. Anyone who finds it easy is stupid.” To avoid that, you spend most of your days reading, questioning, writing, and pondering. Externally it looks passive, internally it’s anything but. It’s competitive learning, and we’re all gorging on (if not exactly digesting) information, trying to keep calm so we can keep it down."
240657770,2023-01-27 06:35:29,1,0,0,https://xueqiu.com/2287364713/240657770,"$PBF Energy(PBF)$ “As we saw during most of 2022, refining margins were supported by low product inventories, which resulted from the significant permanent global refinery shutdowns and the continued recovery in product demand.Our refining system also benefited fro...","$PBF Energy(PBF)$ “As we saw during most of 2022, refining margins were supported by low product inventories, which resulted from the significant permanent global refinery shutdowns and the continued recovery in product demand.Our refining system also benefited from heavily discounted sour crude oils and fuel oils. These discounts were driven by increased sour crude oil supply, high freight rates, and the impact from the IMO 2020 regulation for lower sulfur marine fuels.Also, high natural gas prices in Europe incentivize European refiners to process sweet crude oils in lieu of sour crude oils, adding further pressure on sour crude oils. And our refining projects that are focused on reducing cost and improving margin capture remain on track.” 俄乌战争后，美国炼油厂的基本面已经彻底改变了，而且短时间内供给是上不来的（美国最近一个炼油厂是1970年代修建的），欧洲也没有了低价的天然气，暂时也没法大量出现成品油到美国了。 个人判断美国炼油厂的好日子还能持续一段时间。"
238957153,2022-12-31 02:22:36,1,0,0,https://xueqiu.com/2287364713/238957153,这个总结写得真好，狸哥投资技艺非常全面，比雪球上很多发私募的人都要厉害得多。,这个总结写得真好，狸哥投资技艺非常全面，比雪球上很多发私募的人都要厉害得多。
238942245,2022-12-30 19:46:11,10,7,1,https://xueqiu.com/2287364713/238942245,$富途控股(FUTU)$ $老虎证券(TIGR)$ 这个监管出来后对于那些还没上市的主要做境外证券的创业公司是灭顶之灾了。 前几年有不少创业公司进入境外证券业务这个市场，上半年看到某个前淘宝的同事在推上发招聘广告，我特意提了一下这个业务的监管风险，估计他也没当回事吧，这一把基本上整个公司的命运...,$富途控股(FUTU)$ $老虎证券(TIGR)$ 这个监管出来后对于那些还没上市的主要做境外证券的创业公司是灭顶之灾了。 前几年有不少创业公司进入境外证券业务这个市场，上半年看到某个前淘宝的同事在推上发招聘广告，我特意提了一下这个业务的监管风险，估计他也没当回事吧，这一把基本上整个公司的命运已经完了。
238358850,2022-12-22 07:07:11,9,4,0,https://xueqiu.com/2287364713/238358850,我觉得阿里和蚂蚁之前员工可以直接转岗本身就是公司治理结构非常糟糕的表现。阿里巴巴集团持有蚂蚁的股份只有32%吧，蚂蚁的管理层（刚好他们也是阿里巴巴集团的管理层）才是最大的股东，结果搞得像是阿里巴巴集团控股了蚂蚁集团似的。 说白了，这些年阿里巴巴的管理层一直在占中小股东的便宜，进行...,我觉得阿里和蚂蚁之前员工可以直接转岗本身就是公司治理结构非常糟糕的表现。阿里巴巴集团持有蚂蚁的股份只有32%吧，蚂蚁的管理层（刚好他们也是阿里巴巴集团的管理层）才是最大的股东，结果搞得像是阿里巴巴集团控股了蚂蚁集团似的。 说白了，这些年阿里巴巴的管理层一直在占中小股东的便宜，进行利益输送。
236986327,2022-12-04 18:53:07,1,0,0,https://xueqiu.com/2287364713/236986327,回复@仓又加错-刘成岗: 我记得英国目前为止还没有批准5岁以下的小朋友打疫苗，之前看到新闻对于青少年，打新冠疫苗的收益不大，直接感染omicron自然免疫是最好的办法。//@仓又加错-刘成岗:回复@世说新雨:小朋友没有看到数据，看下卫健委和who的建议,回复@仓又加错-刘成岗: 我记得英国目前为止还没有批准5岁以下的小朋友打疫苗，之前看到新闻对于青少年，打新冠疫苗的收益不大，直接感染omicron自然免疫是最好的办法。//@仓又加错-刘成岗:回复@世说新雨:小朋友没有看到数据，看下卫健委和who的建议
236165481,2022-11-23 21:56:43,1,0,0,https://xueqiu.com/2287364713/236165481,回复@LANBOMAN: 相同法律？ 忘记支付宝上市前是怎么光速过审，自选代码，自定发行价了？ 说白了支付宝之前一直就是拿着特权搞业务，余额宝上市前啥牌照都没办呢，上线后才开始补办相关牌照，国内哪个金融机构敢明目张胆这么搞？//@LANBOMAN:回复@可以建仓消费龙头了:不是比烂的问题，是在相同法律...,回复@LANBOMAN: 相同法律？ 忘记支付宝上市前是怎么光速过审，自选代码，自定发行价了？ 说白了支付宝之前一直就是拿着特权搞业务，余额宝上市前啥牌照都没办呢，上线后才开始补办相关牌照，国内哪个金融机构敢明目张胆这么搞？//@LANBOMAN:回复@可以建仓消费龙头了:不是比烂的问题，是在相同法律面前，有的违法，有的没事
236150018,2022-11-23 18:05:41,1,2,0,https://xueqiu.com/2287364713/236150018,Apple最大的风险就在这样不经意间展现在世人面前。 即使对于苹果这种号称供应链管理极牛的公司，仍然隐藏着巨大的风险。应对这种风险，分散仍然是最佳的控制风险的方法。,Apple最大的风险就在这样不经意间展现在世人面前。 即使对于苹果这种号称供应链管理极牛的公司，仍然隐藏着巨大的风险。应对这种风险，分散仍然是最佳的控制风险的方法。
235838626,2022-11-19 22:00:50,11,6,0,https://xueqiu.com/2287364713/235838626,发现一个很神奇的事情，国内很多人总是对一些互联网公司研发团队的能力迷之自信。以我过去15年历经多家一线互联网公司研发的经历来看，很多在外面看起来的高效不过是建立在“随意决策，快速执行，快速抛弃”这个模式下的产物。真正拉长时间看研发效率就能发现其实很多的工作都是无用功，或者是为过...,发现一个很神奇的事情，国内很多人总是对一些互联网公司研发团队的能力迷之自信。以我过去15年历经多家一线互联网公司研发的经历来看，很多在外面看起来的高效不过是建立在“随意决策，快速执行，快速抛弃”这个模式下的产物。真正拉长时间看研发效率就能发现其实很多的工作都是无用功，或者是为过去的错误决策搽屁股，效率并不高。
234861492,2022-11-09 06:09:07,这两年学到一个重要的教训：只挣自己能力以内的钱，时刻提醒自己真的足够了解你买入的公司（特别是成长股）吗？ 时刻弄清楚自己卖入某只股票是出于投机还是在投资的目的？这两年在偏离这一点的时候都亏得很惨，亏了上百万刀了吧。看通常是看着某只股票的股价上涨了，某个大牛写的公司的分析文...,8,2,1,https://xueqiu.com/2287364713/234861492,"来源
：雪球App
，作者
： KeepSlowly
，
（https://xueqiu.com/2287364713/234861492
）
这两年学到一个重要的教训
：只挣自己能力以内的钱
，时刻提醒自己真的足够了解你买入的公司
（特别是成长股
）吗
？ 时刻弄清楚自己卖入某只股票是出于投机还是在投资的目的
？
这两年在偏离这一点的时候都亏得很惨
，亏了上百万刀了吧
。看通常是看着某只股票的股价上涨了
，某个大牛写的公司的分析文章很不错
，是个好公司
，结果匆匆买入
，最后下跌的时候没能狠心止损
，都亏得挺惨
。
投资成长股的时候
，承认自己对于某个公司了解没那么深
，并且公司估值并不是很便宜
，或者自己搞不清要怎么估值的时候
，及时止损非常重要
，保住宝贵的钱给那些你真正看懂了的机会
。"
234485360,2022-11-04 00:37:35,$Roku流媒体(ROKU)$ 盘前 43 买了点，拿个两年看看。,4,1,0,https://xueqiu.com/2287364713/234485360,$Roku流媒体(ROKU)$  盘前 43 买了点，拿个两年看看。
232916314,2022-10-18 03:44:58,在雪球混了10年了，从来不参与雪球里面的各种局和争论。个人天生就喜欢独来独往，不喜欢扎堆混圈子，所以投资对我来讲是极好的工作，这些年也通过投资实现了财务自由。 刚刚看了一个人写的文章，列举许多人各显神通弄成大V，然后发基金，弄各种群割韭菜，世界真是太复杂了，什么人都有。 对于我来...,27,1,0,https://xueqiu.com/2287364713/232916314,"来源
：雪球App
，作者
： KeepSlowly
，
（https://xueqiu.com/2287364713/232916314
）
在雪球混了10年了
，从来不参与雪球里面的各种局和争论
。个人天生就喜欢独来独往
，不喜欢扎堆混圈子
，所以投资对我来讲是极好的工作
，这些年也通过投资实现了财务自由
。 刚刚看了一个人写的文章
，列举许多人各显神通弄成大V
，然后发基金
，弄各种群割韭菜
，世界真是太复杂了
，什么人都有
。 对于我来讲
，来雪球的最大目的就是看我认可的人对于某只股票的分析和评论
，然后结合自己的判断做出投资决策
，至于其他的事情
，和我没半毛钱关系
。 至于那些大V发的基金业绩有多差
，其实只要你不是投资人
，那和你也没啥关系
。 只要这些大V写的文章
，提供的信息有价值
，我就非常感谢他们
。大V们的真实投资业绩糟糕
，其实也可以理解
，毕竟追求投资之道的路上人数众多
，而
“知行合一
”是一件极其难的事情
，自己明白
，努力做到就挺好了
。 我自己在投资过程中经常出现各种知行不一的时候
，所以还得不断修炼
。"
232460771,2022-10-11 23:19:17,今年比之前有了進步，懂得敬畏市場。在很明顯的下跌趨勢中，把$Meta Platforms(META)$ Roku 這些都賣了，心存僥倖留著的一些可選消費股還是跌得很慘， 換了能源股基本上都還掙錢了。 今年到目前為止還有20%的盈利，希望到年底還能維持正的收益。,5,0,0,https://xueqiu.com/2287364713/232460771,今年比之前有了進步，懂得敬畏市場。在很明顯的下跌趨勢中，把$Meta Platforms(META)$  Roku 這些都賣了，心存僥倖留著的一些可選消費股還是跌得很慘， 換了能源股基本上都還掙錢了。 今年到目前為止還有20%的盈利，希望到年底還能維持正的收益。
227715994,2022-08-11 04:42:25,$Vroom(VRM)$ 今天研究了一下 LAD 的业务，顺着大家的讨论发现了这个公司。看了一下这个公司最近分析师会议的一个规划PPT，差不多算是重新创业了，现在投资这个公司相当于做风投了。看起来之前是打算通过&#34; 融资 -> 亏钱多卖车 -> 股价上涨，增发融资 -> 亏更多钱，卖更多车“ ，...,0,3,0,https://xueqiu.com/2287364713/227715994,"来源
：雪球App
，作者
： KeepSlowly
，
（https://xueqiu.com/2287364713/227715994
）
$Vroom(VRM)$  今天研究了一下 LAD 的业务
，顺着大家的讨论发现了这个公司
。看了一下这个公司最近分析师会议的一个规划PPT
，差不多算是重新创业了
，现在投资这个公司相当于做风投了
。
看起来之前是打算通过"" 融资 -> 亏钱多卖车 -> 股价上涨
，增发融资 -> 亏更多钱
，卖更多车
“
，实现规模化的同时优化 SG&A
，增加交叉销售
，增加金融信贷收入
，最终实现赢利
。 现在这个策略明显已经行不通了
，目前改为提升 GPPU 优化
，优化供应链
，保证财务状况不再恶化
，于是Q2的销量直接跌了一半
。规划的PPT里面讲的那些优化的点看起来都有道理
，但是最重要的一点却没解释
：当公司提升 GPPU 后
，价格必然不再像之前那么有竞争力了
，那么用户为什么还要选择在Vroom买车
？ 
最后这个问题没有想清楚的话
，这个作为风投标的
，也没啥吸引力
，公司调整方向后的商业模式能否成立还是个未知数
。"
226591469,2022-07-28 18:52:57,"$PBF Energy(PBF)$ 财报炸裂了，一个季度赚了12.3亿.... Second quarter income from operations of $1,706.6 million (excluding special items, second quarter income from operations of $1,784.2 million)Reduced consolidated debt by more than $2.2 billion including a $900 mi...",4,0,0,https://xueqiu.com/2287364713/226591469,"来源
：雪球App
，作者
： KeepSlowly
，
（https://xueqiu.com/2287364713/226591469
）
$PBF Energy(PBF)$ 财报炸裂了
，一个季度赚了12.3亿.... 
Second quarter income from operations of $1,706.6 million (excluding special items, second quarter income from operations of $1,784.2 million)
Reduced consolidated debt by more than $2.2 billion including a $900 millionrevolving credit facility repayment, $45 million debt reduction at PBF Logistics and the redemption of $1.25 billion senior secured notes on July 11, 2022
Net debt to capitalization reduced to 24% versus 59% at year-end 2021, excluding special items
Adjusted fully-converted net income for the second quarter 2022, excluding special items, was $1,329.2 million, or $10.58 per share on a fully-exchanged, fully-diluted basis, as described below, compared to adjusted fully-converted net loss of $152.6 million or $(1.26) per share, for the second quarter 2021.

在目前的环境下
，美国的炼油厂就是稀缺核心资产
。"
226506336,2022-07-28 04:17:08,$Meta Platforms(META)$ Q2 GAAP EPS of $2.46 misses by $0.09.Revenue of $28.82B (-0.9% Y/Y) misses by $130M. 双 miss 了，看来广告行业目前确实遇到问题了。 前几天趁着短期高点，把META全清了，留了部分现金，其它的都买了能源股。 等着下半年通胀继续高涨，FED的愿望再次落空。,4,1,0,https://xueqiu.com/2287364713/226506336,$Meta Platforms(META)$ Q2 GAAP EPS of $2.46 misses by $0.09.Revenue of $28.82B (-0.9% Y/Y) misses by $130M.  双 miss 了，看来广告行业目前确实遇到问题了。 前几天趁着短期高点，把META全清了，留了部分现金，其它的都买了能源股。 等着下半年通胀继续高涨，FED的愿望再次落空。
226303709,2022-07-26 05:28:15,周末把一个美股账号过去10年的交易记录都看了一遍，在看的过程中心情跌拓起伏，过去的很多焦虑，纠结，不安，狂喜都历历在目。再回看现在，10年过去了，投资过程中仍然充满了各种纠结，悔恨和不安，仍然没办法做到气定神闲。内心对于资产快速增长的追求，注定在现阶段无法彻底做一个保守的价值投资...,2,0,0,https://xueqiu.com/2287364713/226303709,"来源
：雪球App
，作者
： KeepSlowly
，
（https://xueqiu.com/2287364713/226303709
）
周末把一个美股账号过去10年的交易记录都看了一遍
，在看的过程中心情跌拓起伏
，过去的很多焦虑
，纠结
，不安
，狂喜都历历在目
。再回看现在
，10年过去了
，投资过程中仍然充满了各种纠结
，悔恨和不安
，仍然没办法做到气定神闲
。内心对于资产快速增长的追求
，注定在现阶段无法彻底做一个保守的价值投资者
。"
224278788,2022-07-02 17:15:16,$Meta Platforms(META)$ 昨天去看Guns N&#39; Roses的现场演唱会，坐在看台上特意观察了周围的人使用社交App的情况。 旁边的人都在用Meta家的App套装，用Whatapp给朋友发刚拍的照片，年轻的妹子都在用Instgram拍视频发Story。 完全不像很多人说的要完蛋的样子,7,1,0,https://xueqiu.com/2287364713/224278788,$Meta Platforms(META)$ 昨天去看Guns N&#39; Roses的现场演唱会，坐在看台上特意观察了周围的人使用社交App的情况。 旁边的人都在用Meta家的App套装，用Whatapp给朋友发刚拍的照片，年轻的妹子都在用Instgram拍视频发Story。   完全不像很多人说的要完蛋的样子
222112711,2022-06-08 22:40:17,$Roku流媒体(ROKU)$ $奈飞(NFLX)$ 市场传言Netflix可能收购Roku，最明显的证据是Roku忽然关闭了所有内部员工的交易窗口。 试着分析一下目前的情况：1、目前确知的事实是关闭内部员工的交易窗口，这个事实非常容易验证，媒体报道的应该是真的。这说明当前Roku确实在讨论非常重大的事情，可能参...,17,14,5,https://xueqiu.com/2287364713/222112711,"Netflix和Roku合并的概率有多大
？
来自KeepSlowly的雪球专栏
来源
：雪球App
，作者
： KeepSlowly
，
（https://xueqiu.com/2287364713/222112711
）
$Roku流媒体(ROKU)$ $奈飞(NFLX)$  市场传言Netflix可能收购Roku
，最明显的证据是Roku忽然关闭了所有内部员工的交易窗口
。 试着分析一下目前的情况
：
1
、目前确知的事实是关闭内部员工的交易窗口
，这个事实非常容易验证
，媒体报道的应该是真的
。这说明当前Roku确实在讨论非常重大的事情
，可能参与的人还不少
，避免出现内部交易
，暂时关闭了交易窗口
。
2
、这个重大事情是什么
？媒体报道是 Netflix 和 Roku 在讨论合并的可能性
。首先这个是传闻
，但是传闻中的相关方基本上确定是Netflix和Roku
。 这两个公司最近在讨论重大事情
，其中有两个可能
：合并或者重大合作
。 
3
、接下来分析一下这两种情况的可能性
。 首先我认为目前情况下合并是不可能的
。 目前Roku的PS不到4倍
，每年30-40亿美元的营收
，未来3年的预期增长是20%左右
。 目前Roku有超过6000万活跃用户
，观看时长
，单用户收入增长都在健康的增长轨道上
。而且目前公司能够产生正向现金流
，并不缺钱
，当前的亏损是策略性的
，和当年亚马逊一样将利润用来扩大营业规模
。 更关键的是目前Netfilix的增长困境刚好证明了 Roku 这些年来坚持 
“免费+广告的内容消费模式才是流媒体的未来
” 这个判断是正确的
。 所以Roku当前的情况是
：公司不缺钱 + 公司的战略终于被市场证明是正确的 + 广阔的国际市场空间 + Anthony Wood 当年从Netflix离开就是因为对内容消费的未来有不同的看法
。 在这种场景下
，我认为合并的概率极低
，而且我认为Roku的天花板是高于Netflix的
。
4
、重大合作才是这两个公司目前最可能讨论的事情
。上个月Netflix传出的Memo提到公司可能在今年底就推出支持Ad的订阅
，价格会便宜一点
。 要在这么短时间内推出Ad支持的订阅模式
，必须和现有的支持Ad的平台公司合作才能完成
，很自然会想到和Roku合作
，避免自己从头开始做一套基于TV的广告平台
。 之前也有传闻Netflix在与TTD合作
。 Netflix目前增长乏力
，内部决定快速上线支持Ad的订阅套餐
，于是广告部分和现有的平台合作
，其中就包括Roku 和 TTD
。 从Roku的关闭内部员工交易窗口的动作看
，Netflix 和 Roku的合作应该涉及面非常广了
，参与的人数众多
。
利益披露
：当前持有$Roku流媒体(ROKU)$ 多头仓位
，72小时内可能会有买入或者卖出操作
。"
221193509,2022-05-28 02:02:00,不知不觉中账户又来到年内新高了，焦急地等待下一波的下跌来验证目前的对冲效果,1,0,0,https://xueqiu.com/2287364713/221193509,不知不觉中账户又来到年内新高了，焦急地等待下一波的下跌来验证目前的对冲效果
220816852,2022-05-24 16:29:34,转眼间刷雪球10年了，不夸张的说雪球彻底改变了我的人生。是时候好好回顾一下过去10年的美股投资神奇经历了（在雪球抄作业的经历）。,8,1,0,https://xueqiu.com/2287364713/220816852,转眼间刷雪球10年了，不夸张的说雪球彻底改变了我的人生。是时候好好回顾一下过去10年的美股投资神奇经历了（在雪球抄作业的经历）。
219804707,2022-05-12 22:45:09,$Olaplex Holdings(OLPX)$ The company expects FY22 adjusted EBITDA of $504 million - $526 million.按照公司预计22年的业绩算，只有不到16倍的PE了。,2,0,0,https://xueqiu.com/2287364713/219804707,"来源
：雪球App
，作者
： KeepSlowly
，
（https://xueqiu.com/2287364713/219804707
）
$Olaplex Holdings(OLPX)$ 
The company expects FY22 adjusted EBITDA of $504 million - $526 million.

按照公司预计22年的业绩算
，只有不到16倍的PE了
。"
219699644,2022-05-12 04:59:05,最近这波暴跌幸亏还有$特斯拉(TSLA)$ 的put救命，但是还是犯了个愚蠢的错误在$Cloudflare(NET)$ 发财报的前的交易日把50张PUT平仓了，心痛！ 本来之前的PUT能够对冲手头所有的科技股持仓，结果还是回撤了一些。,1,0,0,https://xueqiu.com/2287364713/219699644,最近这波暴跌幸亏还有$特斯拉(TSLA)$ 的put救命，但是还是犯了个愚蠢的错误在$Cloudflare(NET)$ 发财报的前的交易日把50张PUT平仓了，心痛！  本来之前的PUT能够对冲手头所有的科技股持仓，结果还是回撤了一些。
219697816,2022-05-12 02:15:12,$Digital Turbine(APPS)$ 现在这个价格大概不到2.5倍的PS，不到12倍的PE。 唯一的问题就是经济衰退对它们影响会有多大。,2,0,0,https://xueqiu.com/2287364713/219697816,$Digital Turbine(APPS)$  现在这个价格大概不到2.5倍的PS，不到12倍的PE。 唯一的问题就是经济衰退对它们影响会有多大。
217733118,2022-04-21 17:51:19,$奈飞(NFLX)$ Bill Ackman 昨天卖出了Netflix，一个季度亏了4个亿美元。我觉得现在反而可能是买入Netflix的一个时间点了。 当年Bill Ackman在8块多清仓了$Bausch Health(BHC)$ ，巨亏20多亿美元出局，然后BHC就真的到底部了，开启了上涨的模式，最后涨了一倍多。,7,10,2,https://xueqiu.com/2287364713/217733118,$奈飞(NFLX)$  Bill Ackman 昨天卖出了Netflix，一个季度亏了4个亿美元。我觉得现在反而可能是买入Netflix的一个时间点了。 当年Bill Ackman在8块多清仓了$Bausch Health(BHC)$ ，巨亏20多亿美元出局，然后BHC就真的到底部了，开启了上涨的模式，最后涨了一倍多。
208377619,2022-01-08 19:17:04,#2021滚雪球之旅# 这是我的雪球2021年专属报告>>过去一年，走过的投资路，都藏在我看过的帖子和送出的互动中: 网页链接,0,4,0,https://xueqiu.com/2287364713/208377619,#2021滚雪球之旅# 这是我的雪球2021年专属报告>>过去一年，走过的投资路，都藏在我看过的帖子和送出的互动中: 网页链接
207939526,2022-01-04 23:46:19,$Sea Limited(SE)$ 没想到老东家还能跌到200以下啊，现在这个价格比我去年卖出的还要低了。 这个价格持续一段时间，那去年深圳这边从大厂挖来的AM M要郁闷了,10,9,0,https://xueqiu.com/2287364713/207939526,$Sea Limited(SE)$ 没想到老东家还能跌到200以下啊，现在这个价格比我去年卖出的还要低了。 这个价格持续一段时间，那去年深圳这边从大厂挖来的AM M要郁闷了
207649156,2021-12-31 22:49:42,#2021年投资总结# $道琼斯指数(.DJI)$ $纳斯达克综合指数(.IXIC)$ 今年美股整体收益大概在360%，其中雪盈账户的收益比较高达到570%，Firstrade账户的收益刚好是200%。两个账户连续两年都获得超过100%的收益。今年收益主要有以下几个来源：1、GME挤空巨额获利；虽然获利很大，但是仍...,7,2,0,https://xueqiu.com/2287364713/207649156,"2021投资总结
：投资体系需要升级了
来自KeepSlowly的雪球专栏
来源
：雪球App
，作者
： KeepSlowly
，
（https://xueqiu.com/2287364713/207649156
）
#2021年投资总结# $道琼斯指数(.DJI)$ $纳斯达克综合指数(.IXIC)$ 


今年美股整体收益大概在360%
，其中雪盈账户的收益比较高达到570%
，Firstrade账户的收益刚好是200%
。两个账户连续两年都获得超过100%的收益
。
今年收益主要有以下几个来源
：
1
、GME挤空巨额获利
；虽然获利很大
，但是仍然留下非常多的遗憾
。大部分的仓位都是在140左右卖出的
，第二天跌到80时因为还没有从前一天巨大的获利中恢复过来没有再次入场
，错失乘胜追击的最好机会
。下一次还能有类似的机会希望能做的更好
。
2
、2019年开始押注的天然气股票AR
，RRC的全面爆发
；2020Q4及2021Q1开始买入的PBF获利
，Q2
，Q3部分加仓的PBF出现亏损
3
、GME获利后买入的MAC和SPG的盈利
；过早卖出SPG是个巨大的失误
，错失了后续的50%涨幅
，而卖出SPG后高价加仓的PBF还亏损了
。
今年的亏损来源
：
1
、2021Q3押注ROKU call 期权出现非常大的亏损
，在年初获得巨大盈利后
，对亏损变得麻木了
，在预期ROKU股价短时间很难再回升仍没有止损 Call
，最终导致非常大的亏损
。
2
、对于PBF研究不够
，仓位过高
，导致后续15左右加仓的部分都亏损了
。
3
、2021Q3 买入的科技股出现部分的亏损
今年的投资感悟
：
理清每一个股票的投资逻辑非常重要
，这个投资逻辑越简单越好
，越容易跟踪和验证
。对于我个人而言这些年主要的投资收益都是来自与困境反转的公司
。这是我认为投资逻辑最简单的一类公司
：股价因为各种原因已经经历了极大的下跌
，只要公司遇到的难题不是致命的
，随着时间推移公司业务能够恢复
，那股价肯定会回升
。唯一需要评估的就是公司会不会因为当前的难题破产或者业务衰退
。
最大的教训
：
今年算是介入期权比较多的一年
，结果大部分的亏损都是因为买Call亏的
。因此下定决心没有系统学习好期权策略前
，不再玩期权了
。
账户的波动仍然很大
，今年出现两次近30%的回撤
。在美股投资10年来几乎每年都经历过30%左右的回撤
，之前资金量不大
，加上工资收入很高
，还是很淡定
。今年因为年初GME暴涨后
，美股资产的绝对值已经非常大了
，30%回撤的绝对值已经非常大
，导致心理波动不小
，今年因为预期需要提取部分资金去做别的事情
，导致Q3后整个的投资决策变形
，影响了收益
。 事到如今需要开始升级自己的投资体系
，降低波动
，让投资的过程能够更加愉悦
。"
201481843,2021-10-28 22:16:32,$PBF能源(PBF)$ 空头还在做最后的挣扎，但是基本面已经完全站在多头这边了。,1,1,0,https://xueqiu.com/2287364713/201481843,$PBF能源(PBF)$ 空头还在做最后的挣扎，但是基本面已经完全站在多头这边了。
198944493,2021-09-27 23:40:07,$PBF Energy(PBF)$ 看看这波能到多少， 两个账户加起来的正股和期权可不少，看看能不能再创新高。,5,1,0,https://xueqiu.com/2287364713/198944493,$PBF Energy(PBF)$  看看这波能到多少， 两个账户加起来的正股和期权可不少，看看能不能再创新高。
195384491,2021-08-25 09:27:24,$Opendoor(OPEN)$ 大佬直接买了 7.86%的股份啊，看来最近有一波上涨了,2,3,0,https://xueqiu.com/2287364713/195384491,$Opendoor(OPEN)$  大佬直接买了 7.86%的股份啊，看来最近有一波上涨了
179437159,2021-05-10 23:43:56,最近刚开通了盈透的金融衍生品交易权限，上周买了些黄金ETF的看涨Call 以及 SQQQ 的看涨Call，小有收益。 买GLD Call的逻辑是看多通胀，买 SQQQ的 call 包含两层用意：1、看多通胀，科技股必然下跌 2、市场不稳定情况下，做多波动。,1,0,0,https://xueqiu.com/2287364713/179437159,最近刚开通了盈透的金融衍生品交易权限，上周买了些黄金ETF的看涨Call 以及 SQQQ 的看涨Call，小有收益。 买GLD Call的逻辑是看多通胀，买 SQQQ的 call 包含两层用意：1、看多通胀，科技股必然下跌  2、市场不稳定情况下，做多波动。
168908289,2021-01-16 00:13:48,$游戏驿站(GME)$ 昨天挂了35 close 掉最后一批今天到期的40张期权，最后这一批收益率大概是50倍。这是投资美股有史以来最高收益率的一次交易。 需要特别感谢 @狸哥很懒 @LeoJH,25,28,8,https://xueqiu.com/2287364713/168908289,"来源
：雪球App
，作者
： KeepSlowly
，
（https://xueqiu.com/2287364713/168908289
）
$游戏驿站(GME)$ 昨天挂了35 close 掉最后一批今天到期的40张期权
，最后这一批收益率大概是50倍
。这是投资美股有史以来最高收益率的一次交易
。 需要特别感谢 @狸哥很懒@LeoJH"
166962543,2020-12-28 23:30:02,$阿里巴巴(BABA)$ 接下来继续执行“坚决杜绝资本操纵舆论”这条要求，严厉查办阿里公关天团的各种骚操作，最后在央视来个起底，如何帮jack造神，如何帮蒋凡洗地，那时候阿里的信誉就要掉到和百度一样了。不知道现在抄底的人有没有考虑过这种可能,4,2,0,https://xueqiu.com/2287364713/166962543,$阿里巴巴(BABA)$ 接下来继续执行“坚决杜绝资本操纵舆论”这条要求，严厉查办阿里公关天团的各种骚操作，最后在央视来个起底，如何帮jack造神，如何帮蒋凡洗地，那时候阿里的信誉就要掉到和百度一样了。不知道现在抄底的人有没有考虑过这种可能
133219196,2019-09-23 21:57:39,$拼多多(PDD)$ 看起来拼多多有把“百亿补贴”做成整个平台的『品牌馆』的意思了。如果做成了，那就真的太牛了。想想天猫花了多少广告费让别人认识到它的品牌定位吧。。。 百亿补贴把所有用来做品牌广告的钱全部用在给消费者让利上，让消费者帮它传播，达到了“百亿补贴”频道的商品『无假货，随便...,10,4,2,https://xueqiu.com/2287364713/133219196,"来源
：雪球App
，作者
： KeepSlowly
，
（https://xueqiu.com/2287364713/133219196
）
$拼多多(PDD)$  看起来拼多多有把
“百亿补贴
”做成整个平台的
『品牌馆
』的意思了
。如果做成了
，那就真的太牛了
。想想天猫花了多少广告费让别人认识到它的品牌定位吧
。
。
。 百亿补贴把所有用来做品牌广告的钱全部用在给消费者让利上
，让消费者帮它传播
，达到了
“百亿补贴
”频道的商品
『无假货
，随便买
』的定位
。 这一招太厉害了
！
刚才在拼多多App上看了一下
，之前的
“品牌馆
”栏目已经没有了
。 拼多多这个团队太厉害了
！
！
！"
68172790,2016-04-30 00:16:18,我刚刚关注了 $安进(AMGN)$ ，当前价 $156.99。,0,0,0,https://xueqiu.com/2287364713/68172790,我刚刚关注了 $安进(AMGN)$ ，当前价 $156.99。
64613201,2016-02-05 22:00:45,$Tableau Software(DATA)$ 瞬间跌回IPO是的发行价，真凶残,0,0,0,https://xueqiu.com/2287364713/64613201,$Tableau Software(DATA)$ 瞬间跌回IPO是的发行价，真凶残
63560604,2016-01-14 00:34:58,$Lumber Liquidators控股(LL)$ 最近看到BlackRock又加仓了到占总股本的12.8%了。 周末认真看了一下Q3的Conference Call。 公司在Q3精减了140个SKU，包括地砖等最近才开始做的业务以及销售量很低的SKU，将业务重心重新聚焦在公司创立之初的硬木地板业务上。从公司战略上看，非常认可这个策略，减少S...,0,1,0,https://xueqiu.com/2287364713/63560604,"来源
：雪球App
，作者
： KeepSlowly
，
（https://xueqiu.com/2287364713/63560604
）
$Lumber Liquidators控股(LL)$    最近看到BlackRock又加仓了到占总股本的12.8%了
。 周末认真看了一下Q3的Conference Call
。 公司在Q3精减了140个SKU
，包括地砖等最近才开始做的业务以及销售量很低的SKU
，将业务重心重新聚焦在公司创立之初的硬木地板业务上
。从公司战略上看
，非常认可这个策略
，减少SKU可以更好地整合供应链
，提升运营效率
。Q3毛利率偏低有很大部分原因是低价清掉精减的SKU的库存
，预计Q4的毛利率会有比较大的提升
。16年Q2的时候60 Munites 的影响将慢慢消除
，大概率会可以看到整个公司重新回到正轨
。"
62113309,2015-12-20 21:43:39,我刚刚关注了 $伯克希尔哈撒韦(BRK.A)$ ，当前价 $194720.00。,0,0,0,https://xueqiu.com/2287364713/62113309,我刚刚关注了 $伯克希尔哈撒韦(BRK.A)$ ，当前价 $194720.00。
32183275,2014-10-13 23:16:14,$特斯拉电动车(TSLA)$ 这种兜售梦想的公司只能不断画饼来忽悠投资者了。新车仍然是富人的玩具，平民车依然遥遥无期…,0,2,0,https://xueqiu.com/2287364713/32183275,$特斯拉电动车(TSLA)$ 这种兜售梦想的公司只能不断画饼来忽悠投资者了。新车仍然是富人的玩具，平民车依然遥遥无期…
27393185,2014-01-29 09:48:31,关注股票$腾讯控股(00700)$。,0,0,0,https://xueqiu.com/2287364713/27393185,关注股票$腾讯控股(00700)$。
26871669,2013-12-31 23:29:17,"昨天一个月账号几乎没啥动静，受QIWI,WBAI刺激，昨天做了一次豪赌。清空所有的FSLR和QIHU，全仓接NOAH的飞刀。 今年最疯狂的一次了",0,3,1,https://xueqiu.com/2287364713/26871669,"昨天一个月账号几乎没啥动静，受QIWI,WBAI刺激，昨天做了一次豪赌。清空所有的FSLR和QIHU，全仓接NOAH的飞刀。 今年最疯狂的一次了"
26684085,2013-12-18 23:32:57,在$28.43时关注股票$优酷土豆(YOKU)$，买入目标价$23。,0,0,0,https://xueqiu.com/2287364713/26684085,在$28.43时关注股票$优酷土豆(YOKU)$，买入目标价$23。
26662616,2013-12-17 18:46:33,在HK$7.62时关注股票$博雅互动(00434)$。,0,0,0,https://xueqiu.com/2287364713/26662616,在HK$7.62时关注股票$博雅互动(00434)$。
26656531,2013-12-17 12:06:16,2013-12-16以$29.70卖出$500彩票网(WBAI)$。,0,0,0,https://xueqiu.com/2287364713/26656531,2013-12-16以$29.70卖出$500彩票网(WBAI)$。
26469504,2013-12-09 22:38:06,$500彩票网(WBAI)$ IPO那天买入的，挣扎了半个多月顺利解套。哈哈，继续拿着，看看明年会是什么情况。,0,1,0,https://xueqiu.com/2287364713/26469504,$500彩票网(WBAI)$  IPO那天买入的，挣扎了半个多月顺利解套。哈哈，继续拿着，看看明年会是什么情况。
26234819,2013-11-22 23:28:51,2013-11-22以$21.50买入$500彩票网(WBAI)$。彩票股，赚钱太容易鸟，搞一点,0,0,0,https://xueqiu.com/2287364713/26234819,2013-11-22以$21.50买入$500彩票网(WBAI)$。彩票股，赚钱太容易鸟，搞一点
25573010,2013-10-09 19:23:36,2013-10-07以$39.50卖出$Qiwi(QIWI)$。,0,0,0,https://xueqiu.com/2287364713/25573010,2013-10-07以$39.50卖出$Qiwi(QIWI)$。
25311962,2013-09-16 19:40:41,$奇虎360(QIHU)$ 上上周五在85的价格出了奇虎。从14.96买入一直持有，中间因为赌AAPL的周报出过，但是几天后马上又买回来了。 前段时间感觉实在太疯狂，出于直觉把手上的全部QIHU都卖了。在奇虎上赚到了超过4倍，如果这一波会跌到70以下，考虑再进入。,0,1,0,https://xueqiu.com/2287364713/25311962,$奇虎360(QIHU)$  上上周五在85的价格出了奇虎。从14.96买入一直持有，中间因为赌AAPL的周报出过，但是几天后马上又买回来了。 前段时间感觉实在太疯狂，出于直觉把手上的全部QIHU都卖了。在奇虎上赚到了超过4倍，如果这一波会跌到70以下，考虑再进入。
25215187,2013-09-10 07:57:02,2013-09-09以$30.10买入$Qiwi(QIWI)$。,0,0,0,https://xueqiu.com/2287364713/25215187,2013-09-09以$30.10买入$Qiwi(QIWI)$。
24478471,2013-07-18 22:38:43,到今天为止，持有$奇虎360(QIHU)$ 满一年了。看了一下交易记录，最初两笔买入的数量刚好和现在持有的一样，当时的买入价格分别为14.91和14.96，当前交易价格为57。感谢浑水给了我那么好的机会，不过最重要的是我居然坚持持有了一年。这或许会是我投资生涯中第一支5倍股，甚至10倍股，接下来继续与...,0,1,0,https://xueqiu.com/2287364713/24478471,"来源
：雪球App
，作者
： KeepSlowly
，
（https://xueqiu.com/2287364713/24478471
）
到今天为止
，持有$奇虎360(QIHU)$ 满一年了
。看了一下交易记录
，最初两笔买入的数量刚好和现在持有的一样
，当时的买入价格分别为14.91和14.96
，当前交易价格为57
。感谢浑水给了我那么好的机会
，不过最重要的是我居然坚持持有了一年
。这或许会是我投资生涯中第一支5倍股
，甚至10倍股
，接下来继续与时间做朋友
。"
24299496,2013-07-01 23:15:45,转眼又半年了，对这半年做个小总结。这半年在美股只操作3支股票：QIHU：从去年14.9入手以来，一直都持有，只是之间数量有变化，到目前还持有700股。AAPL：500左右开始介入，460和400的点位加仓，目前浮亏20%。今年是苹果的调整年，从这次WWDC来看，公司文化没变，在经过去年的震荡后，...,0,0,0,https://xueqiu.com/2287364713/24299496,"来源
：雪球App
，作者
： KeepSlowly
，
（https://xueqiu.com/2287364713/24299496
）
转眼又半年了
，对这半年做个小总结
。
这半年在美股只操作3支股票
：
QIHU
：从去年14.9入手以来
，一直都持有
，只是之间数量有变化
，到目前还持有700股
。
AAPL
：500左右开始介入
，460和400的点位加仓
，目前浮亏20%
。今年是苹果的调整年
，从这次WWDC来看
，公司文化没变
，在经过去年的震荡后
，管理层更加团结了
，并且重新找到了自己的目标和定位
。对于这家公司仍然十分看好
，期待其下半年和明年的表现
。
MCP
：持有股份不多
，我所认为的烟蒂
，暂时还有一点浮盈
。主要稀土行情今年年中差不多到底了
，而且该公司的矿山的大工程即将完工
。另外这支股票最重要的是便宜
，暂时认为没有破产风险
，还有巨大的空单
。

在年初时
，赌AAPL财报
，结果有点惨
，好在及时调整了部分仓位到QIHU
，在适当应用Margin的情况下
，到目前为止收益为22%
。这半年的收益主要来自于QIHU
，下半年的收益需要看AAPL和MCP的表现了
。

在操作上
，自从赌AAPL财报后再度调整到部分QIHU后
，4
，5
，6月份只做过2次操作
，一次是400时加仓AAPL
，一次时5块左右加仓MCP
。这期间没有做任何短线操作
。"
24020083,2013-06-01 00:43:02,$Facebook(FB)$ 最近半年，几乎每天都花半个小时在Facebook上，主要目的是深度使用这个产品，了解这个产品的愿景。现在可以讲讲这半年来自己的感受了。几天前查看到一个很让我震憾的页面，Facebook的allactivity页面。这个页面几乎记录着我在互联网(国外的流行应用)上的大部分行为：twitter发的信...,4,40,9,https://xueqiu.com/2287364713/24020083,"来源
：雪球App
，作者
： KeepSlowly
，
（https://xueqiu.com/2287364713/24020083
）
$Facebook(FB)$  最近半年
，几乎每天都花半个小时在Facebook上
，主要目的是深度使用这个产品
，了解这个产品的愿景
。现在可以讲讲这半年来自己的感受了
。几天前查看到一个很让我震憾的页面
，Facebook的allactivity页面
。这个页面几乎记录着我在互联网(国外的流行应用)上的大部分行为
：twitter发的信息
，tumblr分享的东西
，spotify听的歌
，fab
，pinterest等网站上点的like等等
。如果说twitter,tumblr,pinterest分别是独立的生态系统的话
，那Facebook是它们之下更底层的平台
。大部分用户分享的信息最终都会同步到Facebook中
，信息到达Facebook后就到达了信息传播的终点
。以上所有的这一切都需要用户使用Facebook的账号登录各种网站或做关联
，而在这一点上Facebook已经做得非常好了
，许多网站提供注册之外都提供了使用Facebook账号登录了
，甚至有些网站都不提供注册功能
，只允许使用Facebook账号登录
。

Google目前主要是通过cookie跟踪用户
，获取用户的信息
，而Facebook通过用户的主动分享和与其它平台间的信息同步
，让它成为最大的用户个性信息聚集平台
，而且这些信息对Google来说都是无法索引的
。对Google来说Twitter
，Facebook上的信息就像是宇宙中的黑洞
，一旦这个黑洞足够大了
，Facebook再适时推出搜索
，对Google将形成致命的打击
，因为Facebook比Google更懂用户
。所以Facebook与Google是天生的敌人
，目前Facebook还没有过于关注营收
，还在努力让它的账号成为其它网站让用户登录的首选
，让用户在其它网站的活动信息更容易的同步到Facebook上
，对于这样一个平台来说
，未来有无数的可能
。以现在的股价来看
，一定是被低估了
，赚钱只是迟早的事情
。

最后附送一篇美国14岁女孩使用iPhone的报告
，里有提到用户对于Facebook的依赖
：网页链接 再结合左边分享按钮的数字
，可以了解到Facebook与Google+的差距
。
@不明真相的群众  @李妍"
23355471,2013-03-22 21:41:43,我刚参加了#雪球投资性格测试#，分析公司我游刃有余，对市场波动我视若无睹；别人贪婪时我恐惧、别人恐惧时我贪婪；你以为我逆天行事，其实我在静静捡地上的金子。想必只有 @nami @Newsfeed 等少数投资者懂我，高处不胜寒啊。 网页链接,0,0,0,https://xueqiu.com/2287364713/23355471,"来源
：雪球App
，作者
： KeepSlowly
，
（https://xueqiu.com/2287364713/23355471
）
我刚参加了#雪球投资性格测试#
，分析公司我游刃有余
，对市场波动我视若无睹
；别人贪婪时我恐惧
、别人恐惧时我贪婪
；你以为我逆天行事
，其实我在静静捡地上的金子
。想必只有 @nami@Newsfeed 等少数投资者懂我
，高处不胜寒啊
。网页链接"
22978733,2013-02-02 17:31:40,$苹果(AAPL)$ 中国移动浙江分公司开始试运行4G，或许下半年中国移动与苹果的合约机就会出来了。网页链接,0,0,0,https://xueqiu.com/2287364713/22978733,$苹果(AAPL)$ 中国移动浙江分公司开始试运行4G，或许下半年中国移动与苹果的合约机就会出来了。网页链接
22832076,2013-01-15 23:36:19,$苹果(AAPL)$ 再买一点,0,0,0,https://xueqiu.com/2287364713/22832076,$苹果(AAPL)$ 再买一点
22822585,2013-01-14 23:40:10,再加点$苹果(AAPL)$ 至少我是不会换其它牌子的电脑，手机和平板的，Apple的东西对我粘性太大了。而身边很多朋友都正在转向Mac中。,1,0,0,https://xueqiu.com/2287364713/22822585,再加点$苹果(AAPL)$   至少我是不会换其它牌子的电脑，手机和平板的，Apple的东西对我粘性太大了。而身边很多朋友都正在转向Mac中。
22554302,2012-12-03 23:31:19,$奇虎360(QIHU)$14.90进场一直到现在。这是我入市半年多以来收益最好的一支股票。几乎等于目前的总收益，感谢雪球，让我少交学费。,0,16,4,https://xueqiu.com/2287364713/22554302,$奇虎360(QIHU)$14.90进场一直到现在。这是我入市半年多以来收益最好的一支股票。几乎等于目前的总收益，感谢雪球，让我少交学费。
22550857,2012-12-03 15:22:27,周末去了趟深圳的Apple Store，里面人气非常旺。有一个细节比较有趣，Apple所有的产品价格等介绍已经不再是用纸质卡片，而是使用了一个iPad放在旁边。另外大部分Apple Store的工作人员都是拿着一个iPad来处理日常事务了。顾客的预约等都在iPad上完成，如此看来iPad在服务行业的潜力非常巨大，只要...,1,0,0,https://xueqiu.com/2287364713/22550857,"来源
：雪球App
，作者
： KeepSlowly
，
（https://xueqiu.com/2287364713/22550857
）
周末去了趟深圳的Apple Store
，里面人气非常旺
。有一个细节比较有趣
，Apple所有的产品价格等介绍已经不再是用纸质卡片
，而是使用了一个iPad放在旁边
。另外大部分Apple Store的工作人员都是拿着一个iPad来处理日常事务了
。顾客的预约等都在iPad上完成
，如此看来iPad在服务行业的潜力非常巨大
，只要有相应的App
，在服务行业iPad可以完全取代PC了
。"
22468205,2012-11-17 22:59:47,$新浪(SINA)$ 记得之前有个规律，接受阿里投资的公司都在走下坡路，不知道新浪微博会怎样？ 比如星辰急便等。,1,0,0,https://xueqiu.com/2287364713/22468205,$新浪(SINA)$  记得之前有个规律，接受阿里投资的公司都在走下坡路，不知道新浪微博会怎样？ 比如星辰急便等。
22187120,2012-08-31 13:22:38,$奇虎360(QIHU)$ 360终于推出独立的搜索引擎品牌了。目前360存在两个搜索引擎，现在线上运行的并不是最好的，昨晚试了 张栋_机器学习 开发的那个引擎，搜索质量已经超过百度了，不知道他们什么时候切换到新引擎。这个新引擎或许才是百度最担心的东西，他们知道张栋的能力。,0,3,0,https://xueqiu.com/2287364713/22187120,$奇虎360(QIHU)$   360终于推出独立的搜索引擎品牌了。目前360存在两个搜索引擎，现在线上运行的并不是最好的，昨晚试了 张栋_机器学习 开发的那个引擎，搜索质量已经超过百度了，不知道他们什么时候切换到新引擎。这个新引擎或许才是百度最担心的东西，他们知道张栋的能力。
22139154,2012-08-21 00:19:12,$奇虎360(QIHU)$ 360搜索上线后对目前三巨头的影响做个简单分析。1、etao悲剧了。360搜索在发现搜索词是商品时，直接导入到360的商品搜索中，这相当于和etao的正面竞争，而360搜索更贴近用户，这样就在etao前面设到一道槛。etao本身还需要淘宝主站导入流量，现在前面加了这么一道槛更没戏了...,0,0,0,https://xueqiu.com/2287364713/22139154,"来源
：雪球App
，作者
： KeepSlowly
，
（https://xueqiu.com/2287364713/22139154
）
$奇虎360(QIHU)$  360搜索上线后对目前三巨头的影响做个简单分析
。
1
、etao悲剧了
。360搜索在发现搜索词是商品时
，直接导入到360的商品搜索中
，这相当于和etao的正面竞争
，而360搜索更贴近用户
，这样就在etao前面设到一道槛
。etao本身还需要淘宝主站导入流量
，现在前面加了这么一道槛更没戏了
。 另外淘宝获取的流量的代价会越来越高
，360商品搜索会抢走淘宝主站的部分搜索流量
。
2
、百度更悲剧
。这个就不用分析了
，直接竞争对手
。
3
、对腾讯影响不大
，毕竟腾讯也有大量流量要变现
。"
22138696,2012-08-20 21:55:24,$奇虎360(QIHU)$ 现在看来当时14.90卖入是个绝好的机会啊。可惜后来没继续加码,0,5,1,https://xueqiu.com/2287364713/22138696,$奇虎360(QIHU)$  现在看来当时14.90卖入是个绝好的机会啊。可惜后来没继续加码
22138566,2012-08-20 21:25:31,现在这势头可以全仓奇虎了。,0,0,0,https://xueqiu.com/2287364713/22138566,现在这势头可以全仓奇虎了。
22133854,2012-08-19 16:34:54,在搜索一些技术类名词时 so.360.cn的效果居然比百度还要好，360搜索不简单啊。,0,0,0,https://xueqiu.com/2287364713/22133854,在搜索一些技术类名词时 so.360.cn的效果居然比百度还要好，360搜索不简单啊。
22126607,2012-08-17 00:30:13,$Facebook(FB)$ 买入价19.00。,0,0,0,https://xueqiu.com/2287364713/22126607,$Facebook(FB)$ 买入价19.00。
21996852,2012-07-12 22:49:18,已经连续跌了6天了， 哎,0,0,0,https://xueqiu.com/2287364713/21996852,已经连续跌了6天了， 哎
21783100,2012-05-08 16:35:38,对@Firstrade第一理财 说：你好，请问有没有使用兴业银行转账过去的成功案例？,0,1,1,https://xueqiu.com/2287364713/21783100,对@Firstrade第一理财 说：你好，请问有没有使用兴业银行转账过去的成功案例？
20386271,2011-09-07 15:34:54,关注$苹果(AAPL)$，当前价$379.74。,0,0,0,https://xueqiu.com/2287364713/20386271,关注$苹果(AAPL)$，当前价$379.74。
20386270,2011-09-07 15:34:44,关注$亚马逊(AMZN)$。,0,0,0,https://xueqiu.com/2287364713/20386270,关注$亚马逊(AMZN)$。
20386259,2011-09-07 15:27:17,关注$腾讯控股(00700)$，当前价$188.6。,0,0,0,https://xueqiu.com/2287364713/20386259,关注$腾讯控股(00700)$，当前价$188.6。
